id,host_response_rate,host_acceptance_rate,host_is_superhost,host_listings_count,host_total_listings_count,host_has_profile_pic,host_identity_verified,neighbourhood_cleansed,latitude,longitude,property_type,room_type,accommodates,bathrooms,bedrooms,beds,price,minimum_nights,maximum_nights,has_availability,availability_30,availability_60,availability_90,availability_365,number_of_reviews,number_of_reviews_ltm,number_of_reviews_l30d,availability_eoy,number_of_reviews_ly,estimated_occupancy_l365d,estimated_revenue_l365d,review_scores_rating,review_scores_accuracy,review_scores_cleanliness,review_scores_checkin,review_scores_communication,review_scores_location,review_scores_value,instant_bookable,calculated_host_listings_count,calculated_host_listings_count_entire_homes,calculated_host_listings_count_private_rooms,calculated_host_listings_count_shared_rooms,reviews_per_month
3781,100%,19%,t,3,6,t,f,East Boston,42.36413,-71.02991,Entire rental unit,Entire home/apt,2,1,1,1,$125.00 ,29,1125,t,3,21,51,326,26,0,0,61,1,0,0,4.96,5,4.96,5,4.96,4.85,4.88,f,1,1,0,0,0.21
5506,100%,100%,t,12,15,t,t,Roxbury,42.32844,-71.09581,Entire guest suite,Entire home/apt,2,1,1,1,$129.00 ,3,90,t,3,28,58,67,138,9,0,67,10,54,6966,4.82,4.89,4.91,4.95,4.9,4.58,4.77,f,11,11,0,0,0.69
6695,100%,100%,t,12,15,t,t,Roxbury,42.32802,-71.09387,Entire condo,Entire home/apt,4,1,0,2,$168.00 ,3,730,t,2,17,47,56,141,8,0,56,8,48,8064,4.81,4.83,4.86,4.9,4.94,4.54,4.72,f,11,11,0,0,0.72
8789,100%,37%,t,8,32,t,t,Beacon Hill,42.35867,-71.06307,Entire rental unit,Entire home/apt,2,1,1,2,$140.00 ,91,365,t,0,0,3,277,29,0,0,12,1,0,0,4.69,4.69,4.55,4.93,4.97,4.97,4.59,f,4,4,0,0,0.21
10811,94%,59%,f,21,29,t,t,Back Bay,42.35173,-71.08685,Entire rental unit,Entire home/apt,3,1,0,1,$166.00 ,91,1125,t,30,60,79,218,9,0,0,79,0,0,0,4.33,4.44,4.67,4.56,4,5,4.67,f,12,12,0,0,0.08
10813,94%,59%,f,21,29,t,t,Back Bay,42.35061,-71.08787,Entire rental unit,Entire home/apt,2,1,0,1,$202.00 ,32,1125,t,0,0,0,117,6,1,0,1,0,64,12928,5,5,4.83,5,5,5,4.83,f,12,12,0,0,0.08
10986,94%,59%,f,21,29,t,t,North End,42.36377,-71.05206,Entire condo,Entire home/apt,2,1,0,1,$202.00 ,60,1125,t,14,25,55,330,2,1,0,65,1,120,24240,4.5,5,3.5,3.5,5,5,4,f,12,12,0,0,0.1
18711,84%,95%,f,60,97,t,t,Dorchester,42.32212,-71.06096,Entire rental unit,Entire home/apt,6,1,3,3,$162.00 ,30,360,t,0,0,11,286,51,0,0,21,0,0,0,4.3,4.5,4.71,4.56,4.46,4.24,4.48,f,58,18,40,0,0.27
29765,N/A,100%,f,1,4,t,t,Charlestown,42.37754,-71.06642,Entire rental unit,Entire home/apt,2,1,1,1,$323.00 ,2,28,t,1,1,1,173,103,2,0,1,2,12,3876,4.97,4.96,4.97,5,4.97,4.81,4.94,f,1,1,0,0,0.55
40601,100%,70%,t,1,1,t,t,Jamaica Plain,42.31347,-71.11082,Private room in home,Private room,2,1.5,1,1,$91.00 ,14,120,t,6,36,66,341,103,3,0,76,4,84,7644,4.98,4.95,5,4.97,4.94,4.93,4.93,f,1,0,1,0,0.56
45987,100%,100%,t,1,3,t,t,Charlestown,42.37424,-71.06081,Entire rental unit,Entire home/apt,3,1,1,1,$176.00 ,29,1125,t,0,14,44,44,143,3,0,44,4,174,30624,4.67,4.69,4.77,4.75,4.72,4.83,4.54,f,1,1,0,0,0.78
47521,96%,81%,f,7,9,t,t,Dorchester,42.29871,-71.05954,Entire home,Entire home/apt,2,1,0,1,$59.00 ,3,365,t,2,22,52,61,334,0,0,61,1,0,0,4.45,4.53,4.44,4.72,4.71,4.26,4.51,f,5,2,3,0,1.82
60029,100%,71%,t,1,6,t,t,Roxbury,42.32546,-71.08894,Private room in rental unit,Private room,1,1,1,1,$72.00 ,29,31,t,22,52,82,233,145,0,0,92,1,0,0,4.73,4.65,4.57,4.87,4.91,4.16,4.63,f,1,0,1,0,0.81
60356,100%,37%,t,8,32,t,t,Beacon Hill,42.35894,-71.0631,Entire rental unit,Entire home/apt,2,1,1,1,$106.00 ,32,365,t,0,0,0,114,19,0,0,0,0,0,0,4.84,4.89,4.63,4.84,4.89,5,4.68,f,4,4,0,0,0.13
77681,N/A,N/A,f,1,2,t,f,Charlestown,42.37865,-71.06373,Private room in rental unit,Private room,2,1,1,1,$140.00 ,29,730,t,30,60,90,365,71,0,0,99,0,0,0,4.36,4.52,4.39,4.41,4.49,4.73,4.39,f,1,0,1,0,0.42
77691,96%,81%,f,7,9,t,t,Dorchester,42.29871,-71.05954,Private room in home,Private room,2,,,,,29,365,t,0,22,52,324,304,2,0,61,4,116,,4.41,4.49,4.37,4.58,4.62,4.15,4.42,f,5,2,3,0,1.72
163941,100%,100%,t,12,15,t,t,Roxbury,42.32806,-71.09423,Entire condo,Entire home/apt,6,1,2,3,$225.00 ,3,365,t,2,11,35,45,317,34,1,45,23,204,45900,4.71,4.84,4.82,4.9,4.9,4.48,4.67,f,11,11,0,0,1.85
184893,80%,33%,f,9,18,t,t,Charlestown,42.37823,-71.06778,Entire rental unit,Entire home/apt,4,,1,,,91,1000,t,24,54,84,263,0,0,0,93,0,0,,,,,,,,,t,3,2,1,0,
197727,100%,80%,t,1,2,t,t,Jamaica Plain,42.31331,-71.12061,Private room in condo,Private room,1,1,1,1,$62.00 ,30,90,t,0,0,30,305,66,6,0,40,6,255,15810,4.97,4.95,4.97,5,4.98,4.91,4.94,f,1,0,1,0,0.39
197972,100%,100%,t,2,4,t,t,Jamaica Plain,42.31533,-71.11025,Entire rental unit,Entire home/apt,2,1,1,1,$174.00 ,3,150,t,2,19,32,107,570,47,3,32,53,255,44370,4.89,4.93,4.92,4.96,4.97,4.92,4.81,f,2,2,0,0,3.36
205894,96%,81%,f,7,9,t,t,Dorchester,42.29871,-71.05954,Private room in home,Private room,2,,3,,,29,365,t,0,22,52,323,217,1,0,61,2,58,,4.45,4.61,4.52,4.63,4.62,4.24,4.45,f,5,2,3,0,1.27
210097,100%,79%,t,1,1,t,t,Jamaica Plain,42.31685,-71.10867,Entire home,Entire home/apt,2,1,0,1,$133.00 ,3,60,t,3,11,41,218,330,22,3,51,23,132,17556,4.9,4.93,4.87,4.94,4.94,4.92,4.82,f,1,1,0,0,1.93
220676,100%,95%,t,1,1,t,t,North End,42.36614,-71.05226,Private room in townhouse,Private room,3,1,1,1,$279.00 ,3,1125,t,8,29,59,179,366,25,2,68,23,150,41850,4.93,4.92,4.93,4.96,4.99,4.98,4.85,f,1,0,1,0,2.15
257588,100%,100%,t,2,2,t,t,South Boston,42.33255,-71.04125,Entire rental unit,Entire home/apt,4,1,2,2,$322.00 ,2,365,t,8,25,48,314,536,36,2,58,49,216,69552,4.85,4.89,4.93,4.95,4.95,4.84,4.71,f,1,1,0,0,3.34
297994,100%,41%,t,1,3,t,t,South Boston,42.33583,-71.05271,Entire home,Entire home/apt,4,1,2,2,$270.00 ,1,150,t,11,34,64,239,71,12,0,74,14,72,19440,4.59,4.37,3.97,4.7,4.86,4.41,4.31,f,1,1,0,0,0.43
315982,96%,81%,f,7,9,t,t,Dorchester,42.29871,-71.05954,Entire townhouse,Entire home/apt,4,2,2,3,$245.00 ,1,365,t,2,27,57,329,121,1,0,66,1,6,1470,4.36,4.66,4.34,4.65,4.63,3.97,4.34,f,5,2,3,0,0.73
377474,96%,81%,f,7,9,t,t,Dorchester,42.29871,-71.05954,Private room in home,Private room,1,0.5,1,1,$50.00 ,1,365,t,11,19,36,304,118,24,8,46,32,144,7200,4.66,4.59,4.75,4.78,4.75,4.3,4.58,t,5,2,3,0,0.74
447826,100%,91%,t,1,1,t,t,Jamaica Plain,42.31658,-71.11012,Private room in home,Private room,2,1,1,1,$76.00 ,5,90,t,9,20,43,209,431,24,3,53,24,240,18240,4.84,4.83,4.72,4.97,4.97,4.88,4.84,f,1,0,1,0,2.67
496022,N/A,N/A,f,1,4,t,t,Jamaica Plain,42.31062,-71.1176,Private room in home,Private room,2,,,,,91,120,t,0,0,0,0,16,0,0,0,0,0,,4.93,4.81,4.88,4.75,5,4.94,4.75,f,1,0,1,0,0.11
507525,N/A,N/A,f,1,1,t,t,Bay Village,42.34914,-71.06781,Entire rental unit,Entire home/apt,2,,1,,,180,180,,0,0,0,0,8,0,0,0,0,0,,5,4.75,4.63,4.5,4.5,5,4.75,f,1,1,0,0,0.05
530983,84%,95%,f,60,97,t,t,Dorchester,42.31368,-71.0612,Entire home,Entire home/apt,9,,5,,,30,365,t,0,0,0,0,65,0,0,0,0,0,,4.4,4.67,4.4,4.8,4.59,4.54,4.59,f,58,18,40,0,0.41
533152,84%,95%,f,60,97,t,t,Dorchester,42.32212,-71.06096,Entire rental unit,Entire home/apt,5,1,2,2,$123.00 ,30,365,t,0,19,49,324,66,3,1,59,1,180,22140,4.67,4.85,4.79,4.5,4.52,4.47,4.73,f,58,18,40,0,0.47
579605,84%,95%,f,60,97,t,t,Dorchester,42.32212,-71.06095,Entire rental unit,Entire home/apt,6,1,3,3,$153.00 ,30,365,t,0,0,0,46,58,0,0,0,0,0,0,4.43,4.64,4.67,4.66,4.47,4.29,4.52,f,58,18,40,0,0.36
583255,N/A,N/A,f,1,2,t,t,Brighton,42.34096,-71.14647,Entire rental unit,Entire home/apt,2,,1,,,91,1125,t,0,0,0,0,11,0,0,0,0,0,,5,5,5,5,5,4.82,5,f,1,1,0,0,0.07
601750,84%,95%,f,60,97,t,t,West Roxbury,42.29061,-71.15293,Entire rental unit,Entire home/apt,3,1,2,1,$194.00 ,30,180,t,28,58,88,363,0,0,0,98,0,0,0,,,,,,,,f,58,18,40,0,
601763,84%,95%,f,60,97,t,t,West Roxbury,42.29192,-71.15407,Entire rental unit,Entire home/apt,5,1,3,3,$150.00 ,30,180,t,0,23,53,189,43,0,0,62,0,0,0,4.56,4.63,4.67,4.6,4.42,4.58,4.44,t,58,18,40,0,0.42
611081,100%,99%,f,18,18,t,f,Charlestown,42.37579,-71.04981,Houseboat,Entire home/apt,6,1,1,4,$251.00 ,2,1125,t,9,27,53,319,142,20,2,63,27,120,30120,4.8,4.82,4.67,4.8,4.86,4.86,4.67,t,3,3,0,0,1.29
619142,100%,96%,t,1,2,t,t,Charlestown,42.377338,-71.063095,Entire home,Entire home/apt,2,1,1,1,$175.00 ,3,1125,t,0,0,0,2,199,10,2,2,8,60,10500,4.8,4.8,4.69,4.98,4.97,4.87,4.75,f,1,1,0,0,1.24
708802,100%,89%,t,2,2,t,t,Charlestown,42.3782692,-71.06332397,Entire rental unit,Entire home/apt,4,1,1,2,$208.00 ,2,60,t,2,2,12,177,521,43,6,12,45,255,53040,4.91,4.96,4.93,4.98,4.97,4.88,4.85,f,1,1,0,0,3.31
743211,100%,98%,t,2,3,t,t,Jamaica Plain,42.30833,-71.11456,Entire home,Entire home/apt,10,2.5,4,4,$621.00 ,3,30,t,3,22,44,284,93,10,0,44,10,60,37260,4.86,4.79,4.74,4.97,4.96,4.7,4.54,f,2,2,0,0,0.61
750438,100%,97%,t,7,7,t,t,Jamaica Plain,42.30733,-71.11129,Private room in rental unit,Private room,1,1,1,1,$116.00 ,2,31,t,11,30,49,227,317,28,0,57,33,168,19488,4.89,4.9,4.83,4.95,4.97,4.92,4.83,f,1,0,1,0,2.12
753446,N/A,N/A,f,1,1,t,f,Roslindale,42.28573,-71.12334,Private room in condo,Private room,2,1,1,2,$55.00 ,91,1125,t,30,60,90,365,141,0,0,99,0,0,0,4.82,4.91,4.91,4.91,4.91,4.68,4.85,f,1,0,1,0,1.15
801680,100%,100%,t,12,15,t,t,Roxbury,42.32795,-71.09412,Entire condo,Entire home/apt,4,1,0,1,$141.00 ,3,90,t,0,10,40,49,74,4,0,49,7,24,3384,4.85,4.91,4.89,4.86,4.8,4.48,4.78,f,11,11,0,0,0.47
820073,100%,95%,t,2,2,t,t,Downtown,42.3558,-71.06104,Entire loft,Entire home/apt,4,2,1,2,$449.00 ,2,1125,t,5,34,45,319,240,57,4,54,61,255,114495,4.97,4.99,5,4.99,5,4.85,4.85,t,2,2,0,0,1.58
849408,100%,100%,t,2,3,t,t,Roslindale,42.29038,-71.13919,Entire rental unit,Entire home/apt,8,2,3,4,$420.00 ,5,730,t,0,24,24,73,114,10,1,24,16,100,42000,4.88,4.92,4.87,4.94,4.93,4.74,4.77,f,2,2,0,0,0.8
863788,N/A,N/A,f,1,1,t,t,South End,42.344162,-71.070381,Entire condo,Entire home/apt,4,,2,,,3,150,t,0,0,0,0,25,0,0,0,2,0,,5,5,4.92,5,5,5,4.96,f,1,1,0,0,0.17
894539,100%,91%,t,2,3,t,t,Roslindale,42.29017,-71.13169,Private room in bed and breakfast,Private room,2,1.5,1,1,$82.00 ,29,1124,t,0,0,0,184,68,5,1,0,0,255,20910,4.87,4.93,4.81,4.93,4.94,4.79,4.88,f,2,0,2,0,0.47
962610,100%,100%,t,2,3,t,t,West Roxbury,42.29175,-71.14096,Entire rental unit,Entire home/apt,2,1,1,2,$136.00 ,4,729,t,5,23,32,53,113,12,1,32,8,96,13056,4.91,4.95,4.99,4.93,4.87,4.73,4.87,f,2,2,0,0,0.76
973695,100%,100%,t,4,4,t,t,Downtown,42.3597641,-71.06116486,Private room in condo,Private room,4,1,1,2,$182.00 ,91,1125,t,30,60,90,365,61,0,0,99,0,0,0,4.76,4.79,4.89,4.69,4.82,4.8,4.66,f,1,0,1,0,0.42
989163,100%,96%,t,7,8,t,t,South End,42.34308,-71.07316,Entire rental unit,Entire home/apt,2,1,0,1,$289.00 ,2,365,t,14,38,68,197,93,10,2,77,8,60,17340,4.86,4.78,4.94,4.9,4.9,4.96,4.56,f,7,7,0,0,0.63
1055627,N/A,N/A,f,2,3,t,f,Downtown,42.36194,-71.06256,Entire rental unit,Entire home/apt,3,,1,,,91,1125,,0,0,0,0,8,0,0,0,0,0,,4.25,4.25,3.75,4.88,4.75,5,4.25,f,2,1,1,0,0.05
1071235,100%,100%,t,2,4,t,t,Jamaica Plain,42.31653,-71.11049,Entire rental unit,Entire home/apt,2,1,1,1,$158.00 ,3,180,t,1,12,29,119,416,47,3,39,54,255,40290,4.85,4.9,4.9,4.96,4.95,4.91,4.81,f,2,2,0,0,2.76
1077105,N/A,N/A,f,1,1,t,f,South End,42.34022,-71.075,Entire rental unit,Entire home/apt,2,,,,,91,1125,,0,0,0,0,0,0,0,0,0,0,,,,,,,,,f,1,1,0,0,
1090545,N/A,N/A,f,1,9,t,t,Back Bay,42.34475,-71.08204,Private room in home,Private room,1,1,1,1,$204.00 ,29,365,t,30,60,90,365,117,0,0,99,0,0,0,4.63,4.63,4.69,4.82,4.84,4.98,4.6,f,1,0,1,0,0.78
1092093,100%,37%,t,8,32,t,t,Mission Hill,42.33395767,-71.10222626,Entire rental unit,Entire home/apt,2,2,1,1,$135.00 ,91,260,t,0,0,0,262,31,0,0,0,0,0,0,4.68,4.87,4.6,4.9,4.76,4.83,4.72,f,4,4,0,0,0.21
1109224,100%,100%,f,1,1,t,t,Jamaica Plain,42.32004,-71.11185,Entire condo,Entire home/apt,8,2,4,6,$442.00 ,2,1125,t,7,27,51,268,97,4,0,52,3,24,10608,4.74,4.85,4.73,4.87,4.79,4.67,4.61,t,1,1,0,0,0.66
1130279,100%,99%,t,1,1,t,t,North End,42.36489,-71.05198,Entire rental unit,Entire home/apt,6,1,3,3,$505.00 ,2,30,t,14,40,70,329,203,36,0,79,30,216,109080,4.79,4.81,4.81,4.92,4.88,4.96,4.65,f,1,1,0,0,1.35
1161210,100%,88%,f,1,2,t,t,West Roxbury,42.27171,-71.16688,Private room in home,Private room,3,1,1,2,$86.00 ,2,30,t,19,49,79,354,209,2,1,89,0,12,1032,4.57,4.62,4.78,4.69,4.74,4.37,4.61,f,1,0,1,0,1.39
1252489,N/A,N/A,f,1,1,t,t,Beacon Hill,42.35977,-71.06774,Entire rental unit,Entire home/apt,2,,1,,,91,365,t,0,0,0,0,64,0,0,0,0,0,,4.92,4.98,4.84,4.89,4.97,5,4.7,f,1,1,0,0,0.43
1275498,100%,96%,t,7,8,t,t,South End,42.34294,-71.07304,Entire rental unit,Entire home/apt,2,1,1,1,$358.00 ,2,365,t,8,34,64,123,123,13,2,73,12,78,27924,4.84,4.86,4.92,4.93,4.93,4.98,4.59,f,7,7,0,0,0.83
1303261,N/A,N/A,f,1,1,t,t,Beacon Hill,42.35714,-71.06968,Entire rental unit,Entire home/apt,2,1,1,2,$340.00 ,91,180,t,24,54,84,359,23,0,0,93,0,0,0,4.45,4.91,4.48,4.83,4.83,5,4.39,f,1,1,0,0,0.16
1321422,100%,99%,t,2,7,t,t,Dorchester,42.30907,-71.04674,Entire rental unit,Entire home/apt,4,,2,,,2,45,t,0,0,0,0,682,11,0,0,60,66,,4.89,4.92,4.95,4.94,4.9,4.8,4.88,t,2,1,1,0,4.59
1445064,100%,80%,t,1,2,t,t,Charlestown,42.3800475,-71.062315,Private room in rental unit,Private room,1,1,1,1,$65.00 ,29,62,t,1,1,24,298,122,6,0,33,4,255,16575,4.7,4.8,4.8,4.79,4.81,4.71,4.63,f,1,0,1,0,0.83
1472520,100%,99%,t,2,7,t,t,Dorchester,42.30856,-71.04646,Private room in home,Private room,3,,1,,,2,18,t,0,0,0,0,756,40,0,0,57,240,,4.88,4.92,4.92,4.91,4.88,4.83,4.86,f,2,1,1,0,5.13
1545185,100%,92%,t,4,6,t,t,Brighton,42.34873,-71.15693,Entire guest suite,Entire home/apt,2,1,1,1,$128.00 ,2,90,t,3,9,9,9,303,51,4,9,43,255,32640,4.82,4.89,4.77,4.9,4.9,4.86,4.79,f,4,4,0,0,2.08
1551205,N/A,N/A,f,1,2,t,t,Fenway,42.34175,-71.08359,Entire rental unit,Entire home/apt,4,,2,,,91,365,t,30,60,90,365,40,0,0,99,0,0,,4.85,4.93,4.58,4.88,4.88,5,4.73,f,1,1,0,0,0.27
1596470,100%,97%,f,2,5,t,t,Bay Village,42.34988,-71.06918,Entire townhouse,Entire home/apt,9,,3,,,29,1124,t,0,0,0,0,172,0,0,0,3,0,,4.98,4.99,4.94,4.94,4.98,4.96,4.86,t,2,2,0,0,1.54
1596664,100%,84%,t,3,7,t,t,Roxbury,42.3256,-71.09413,Private room in townhouse,Private room,1,2,1,1,$56.00 ,30,65,t,2,32,62,242,27,2,0,72,2,120,6720,4.85,4.93,4.67,4.96,5,4.7,4.63,f,3,0,3,0,0.3
1644031,N/A,N/A,f,1,3,t,t,South Boston,42.33835,-71.0472,Private room in townhouse,Private room,2,1,1,1,$124.00 ,1,365,t,4,16,45,45,628,70,6,45,80,255,31620,4.86,4.91,4.88,4.93,4.94,4.87,4.74,f,1,0,1,0,5.39
1668313,N/A,N/A,f,2,2,t,t,Roslindale,42.28132,-71.13377,Private room in home,Private room,1,,,,,29,1125,t,0,0,0,0,38,0,0,0,0,0,,4.79,4.82,4.79,4.87,4.95,4.74,4.74,f,2,0,2,0,0.26
1682936,67%,65%,f,4,4,t,t,Back Bay,42.349278,-71.087074,Entire rental unit,Entire home/apt,2,,1,,,30,730,t,0,0,4,13,238,2,0,13,2,120,,4.84,4.91,4.9,4.88,4.79,4.55,4.79,f,4,4,0,0,1.69
1692573,100%,68%,t,2,2,t,t,Jamaica Plain,42.31293,-71.11527,Entire home,Entire home/apt,4,1,2,3,$214.00 ,2,1125,t,2,19,37,295,326,26,1,37,30,156,33384,4.91,4.91,4.96,4.94,4.95,4.93,4.84,f,1,1,0,0,2.25
1721016,100%,25%,f,3,6,t,t,Roslindale,42.28639,-71.13199,Entire loft,Entire home/apt,2,1.5,1,1,$112.00 ,29,365,t,20,48,78,353,13,1,0,87,2,58,6496,4.92,4.92,5,4.92,4.92,4.77,4.85,f,3,3,0,0,0.11
1724900,100%,25%,f,3,6,t,t,Roslindale,42.28447,-71.13301,Entire home,Entire home/apt,4,1,2,2,$167.00 ,29,365,t,23,53,83,358,44,0,0,92,0,0,0,4.61,4.86,4.81,4.95,4.79,4.56,4.65,f,3,3,0,0,0.3
1732804,100%,100%,t,1,1,t,t,Dorchester,42.29009,-71.05762,Private room in rental unit,Private room,2,1,1,1,$63.00 ,1,28,t,2,25,50,320,199,15,5,60,8,90,5670,4.89,4.93,4.69,4.98,5,4.7,4.81,f,1,0,1,0,1.37
1810172,N/A,N/A,f,2,2,t,t,Roslindale,42.28127,-71.13304,Private room in home,Private room,2,1,1,1,$63.00 ,29,1125,t,0,0,0,265,47,0,0,0,1,0,0,4.81,4.91,4.74,4.91,4.98,4.7,4.8,f,2,0,2,0,0.32
1810397,100%,100%,,2,2,t,t,South End,42.34279,-71.0711,Entire townhouse,Entire home/apt,6,2.5,3,4,"$1,250.00 ",5,1125,t,21,51,66,287,60,8,0,75,5,80,100000,4.97,4.95,4.91,4.93,4.97,4.98,4.74,f,1,1,0,0,0.44
1815326,100%,100%,f,2,2,t,t,Brighton,42.3569,-71.1624,Private room in townhouse,Private room,2,1.5,1,1,$118.00 ,29,1125,t,28,58,88,363,303,0,0,98,0,0,0,4.76,4.84,4.84,4.92,4.91,4.61,4.76,t,2,0,2,0,2.21
1819994,100%,N/A,f,7,9,t,t,Fenway,42.34981,-71.09476,Entire condo,Entire home/apt,1,1,2,1,$258.00 ,91,365,t,28,58,88,363,2,0,0,97,0,0,0,4,4.5,3,3.5,4.5,5,3.5,f,4,4,0,0,0.02
1886037,N/A,N/A,f,1,1,t,t,Beacon Hill,42.35985,-71.0717,Entire rental unit,Entire home/apt,4,,2,,,91,1125,t,0,0,0,0,1,0,0,0,0,0,,5,5,4,5,5,5,5,f,1,1,0,0,0.01
1956275,N/A,N/A,f,1,1,t,t,Jamaica Plain,42.3079,-71.12378,Entire rental unit,Entire home/apt,6,,3,,,91,250,t,0,0,0,0,105,0,0,0,0,0,,4.41,4.54,4.43,4.65,4.7,4.42,4.41,f,1,1,0,0,0.74
2014651,N/A,N/A,f,1,1,t,t,Jamaica Plain,42.30593,-71.10733,Private room in rental unit,Private room,2,1,1,1,$120.00 ,91,1125,t,30,60,90,365,38,0,0,100,0,0,0,4.62,4.81,4.58,4.83,4.86,4.56,4.36,f,1,0,1,0,0.27
2021483,100%,56%,t,7,10,t,t,South Boston,42.3358,-71.04948,Entire condo,Entire home/apt,6,2,2,4,$598.00 ,29,1125,t,0,28,58,148,22,0,0,68,2,0,0,4.86,4.86,4.82,4.91,4.95,4.95,4.64,f,7,3,4,0,0.2
2021489,100%,56%,t,7,10,t,t,South Boston,42.33375,-71.04767,Private room in condo,Private room,3,1,1,1,$187.00 ,29,1125,t,30,60,90,365,85,0,0,100,0,0,0,4.73,4.82,4.79,4.96,4.99,4.79,4.73,f,7,3,4,0,0.74
2108738,N/A,N/A,f,1,1,t,f,Back Bay,42.3504,-71.08891,Entire rental unit,Entire home/apt,2,,,,,91,1125,t,0,0,0,0,32,0,0,0,0,0,,4.31,4.59,3.75,4.84,5,4.97,4.47,f,1,1,0,0,0.22
2141306,N/A,N/A,f,1,2,t,t,Downtown,42.3559,-71.05998,Entire rental unit,Entire home/apt,6,,2,,,91,1125,t,0,0,0,0,7,0,0,0,0,0,,4.86,4.86,4.57,4.71,4.86,5,4.57,f,1,1,0,0,0.05
2183117,100%,40%,f,1,1,t,f,Allston,42.34995,-71.13427,Entire rental unit,Entire home/apt,2,1,1,1,$181.00 ,30,90,t,2,2,13,74,55,1,0,22,3,60,10860,4.84,4.84,4.71,4.91,4.95,4.8,4.7,f,1,1,0,0,0.42
2215762,100%,96%,t,7,8,t,t,South End,42.342121,-71.075073,Entire rental unit,Entire home/apt,2,1,1,1,$303.00 ,3,365,t,8,34,64,183,97,9,1,73,14,54,16362,4.82,4.75,4.87,4.92,4.88,4.95,4.62,f,7,7,0,0,0.7
2378421,100%,87%,t,1,2,t,f,Jamaica Plain,42.31146,-71.11947,Entire guest suite,Entire home/apt,2,1,1,2,$180.00 ,2,14,t,1,2,20,90,208,18,2,20,15,108,19440,4.96,4.95,4.99,4.96,4.97,4.97,4.88,f,1,1,0,0,1.49
2381143,100%,87%,t,3,6,t,t,Brighton,42.34391,-71.15628,Entire rental unit,Entire home/apt,2,1,1,1,$75.00 ,91,1125,t,0,0,0,146,12,2,1,10,1,255,19125,4.92,4.83,4.83,4.92,4.83,4.92,4.92,f,3,3,0,0,0.09
2395326,N/A,N/A,,3,3,t,t,South End,42.34568,-71.07169,Entire rental unit,Entire home/apt,2,,1,,,29,1125,t,0,0,0,0,407,0,0,0,0,0,,4.86,4.94,4.67,4.97,4.98,4.98,4.77,f,1,1,0,0,2.93
2410846,100%,85%,t,1,13,t,t,Downtown,42.35702,-71.06168,Entire rental unit,Entire home/apt,2,1,1,1,$175.00 ,91,1124,t,0,0,0,171,37,1,0,1,1,182,31850,4.68,4.73,4.54,4.78,4.78,5,4.7,f,1,1,0,0,0.27
2495047,100%,96%,t,7,8,t,t,South End,42.34309,-71.07316,Entire rental unit,Entire home/apt,2,1,0,0,$269.00 ,2,365,t,13,38,68,157,98,13,1,77,12,78,20982,4.84,4.88,4.94,4.92,4.89,4.99,4.55,t,7,7,0,0,0.73
2526773,100%,87%,t,3,6,t,t,Brighton,42.34272,-71.15672,Entire rental unit,Entire home/apt,2,1,1,1,$77.00 ,91,1125,t,0,0,0,131,19,1,0,0,0,182,14014,4.84,4.84,4.63,4.95,4.95,4.79,4.63,f,3,3,0,0,0.14
2672058,N/A,N/A,f,1,2,t,t,Allston,42.35429,-71.13251,Private room in rental unit,Private room,2,,,,,91,1125,t,0,0,0,0,12,0,0,0,0,0,,4.25,4.75,4.08,4.25,4.67,4.83,4.5,f,1,0,1,0,0.09
2701124,N/A,N/A,f,1,2,t,t,Back Bay,42.34492,-71.08482,Entire rental unit,Entire home/apt,4,1,1,2,$280.00 ,29,1125,t,30,60,90,365,74,0,0,99,0,0,0,4.61,4.74,4.52,4.75,4.82,4.86,4.63,t,1,1,0,0,0.55
2723274,N/A,N/A,f,1,1,t,t,Bay Village,42.34868,-71.07043,Entire condo,Entire home/apt,2,,2,,,29,30,t,0,0,0,0,26,0,0,0,0,0,,4.88,4.96,4.92,5,4.96,5,4.81,f,1,1,0,0,0.19
2754975,N/A,100%,f,2,3,t,t,Beacon Hill,42.35902,-71.06296,Entire rental unit,Entire home/apt,4,1,1,2,$150.00 ,365,1125,t,25,55,85,360,99,0,0,94,0,0,0,4.87,4.95,4.82,4.99,4.97,5,4.75,f,1,1,0,0,0.72
2864688,80%,33%,f,9,18,t,t,Charlestown,42.38148,-71.06967,Entire condo,Entire home/apt,5,2,3,4,$237.00 ,91,352,t,30,60,90,365,0,0,0,99,0,0,0,,,,,,,,f,3,2,1,0,
2886933,100%,91%,t,1,1,t,f,Hyde Park,42.26043,-71.11766,Entire home,Entire home/apt,6,,4,,,2,365,t,3,3,3,3,138,9,1,3,11,54,,4.93,4.99,4.96,4.99,4.99,4.64,4.86,f,1,1,0,0,1
3164650,100%,34%,f,21,32,t,t,Hyde Park,42.23533,-71.13256,Entire guest suite,Entire home/apt,4,1,2,2,$125.00 ,29,1125,t,3,3,30,305,38,0,0,40,1,0,0,4.5,4.57,4.5,4.82,4.97,4.47,4.63,f,11,11,0,0,0.28
3193484,100%,98%,f,27,30,t,t,Dorchester,42.28814,-71.06889,Private room in rental unit,Private room,1,1,1,1,$51.00 ,30,365,t,30,60,90,365,15,3,1,99,2,180,9180,4.87,4.87,4.67,5,4.8,4.47,4.67,f,27,5,22,0,0.12
3229255,100%,82%,t,3,3,t,t,Roslindale,42.28657,-71.13236,Entire rental unit,Entire home/apt,3,1,1,2,$153.00 ,2,1125,t,10,30,60,335,208,31,2,69,34,186,28458,4.85,4.89,4.92,4.95,4.98,4.84,4.79,f,1,1,0,0,1.53
3294152,100%,95%,t,3,3,t,t,Dorchester,42.31281,-71.06098,Entire guest suite,Entire home/apt,4,1,1,1,$132.00 ,2,40,t,6,13,28,256,269,14,1,38,11,84,11088,4.53,4.65,4.53,4.82,4.79,4.6,4.53,f,3,3,0,0,1.97
3343428,100%,94%,t,6,14,t,t,Roxbury,42.32811,-71.09157,Private room in townhouse,Private room,2,1,1,2,$124.00 ,2,110,t,8,31,40,40,512,64,5,40,65,255,31620,4.94,4.96,4.96,4.96,4.96,4.66,4.84,f,6,2,4,0,4.32
3441982,100%,75%,t,4,6,t,t,Roxbury,42.31907,-71.09252,Entire guest suite,Entire home/apt,3,1,0,2,$118.00 ,28,730,t,6,15,36,136,148,3,0,46,7,168,19824,4.93,4.98,4.97,4.97,4.97,4.61,4.85,f,4,1,3,0,1.74
3457722,100%,100%,f,1,1,t,t,Brighton,42.35564,-71.15746,Entire home,Entire home/apt,8,,3,,,29,1125,t,0,0,0,0,55,0,0,0,2,0,,4.96,4.96,4.85,5,4.98,4.81,4.91,f,1,1,0,0,0.41
3463914,N/A,N/A,f,1,2,t,t,Back Bay,42.351,-71.08899,Entire rental unit,Entire home/apt,4,,1,,,91,365,t,0,0,0,0,27,0,0,0,0,0,,4.44,4.37,3.96,4.67,4.67,4.81,4.26,f,1,1,0,0,0.2
3520353,100%,100%,t,1,2,t,t,Beacon Hill,42.35884,-71.06332,Entire rental unit,Entire home/apt,2,1,1,1,$188.00 ,91,365,t,0,0,8,283,254,1,0,17,1,182,34216,4.8,4.88,4.8,4.85,4.91,4.98,4.75,f,1,1,0,0,1.87
3521944,N/A,N/A,f,1,1,t,t,West Roxbury,42.29742,-71.157,Entire rental unit,Entire home/apt,4,,1,,,91,1125,t,0,0,0,0,3,0,0,0,0,0,,4.67,4.33,5,5,5,4.67,4.67,f,1,1,0,0,0.02
3539510,84%,95%,f,60,97,t,t,Dorchester,42.32213,-71.06094,Entire rental unit,Entire home/apt,6,1,3,3,$159.00 ,30,365,t,13,43,46,46,31,0,0,46,0,0,0,4.39,4.87,4.67,4.42,4.61,4.32,4.61,f,58,18,40,0,0.23
3544343,N/A,N/A,f,1,1,t,t,Downtown,42.35844,-71.06153,Entire rental unit,Entire home/apt,2,,1,,,91,1125,,0,0,0,0,0,0,0,0,0,0,,,,,,,,,f,1,1,0,0,
3602379,100%,93%,t,5,5,t,t,Roxbury,42.32843,-71.09369,Entire rental unit,Entire home/apt,4,1,1,1,$177.00 ,2,150,t,11,38,68,158,339,37,1,78,42,222,39294,4.78,4.9,4.86,4.96,4.96,4.67,4.74,f,5,5,0,0,2.54
3656168,100%,0%,f,31,34,t,t,Roxbury,42.31676,-71.08,Private room in rental unit,Private room,1,1,2,1,$38.00 ,91,1125,t,30,60,90,365,6,0,0,100,0,0,0,4.33,4.67,4.5,5,5,3.67,4.17,f,31,0,31,0,0.05
3672942,N/A,N/A,f,1,1,t,t,West Roxbury,42.27242,-71.16573,Entire loft,Entire home/apt,2,1,1,1,$149.00 ,2,365,t,0,0,0,76,6,0,0,0,6,0,0,4.83,5,5,5,5,5,5,f,1,1,0,0,0.38
3705824,100%,0%,f,31,34,t,t,Roxbury,42.31676,-71.08,Private room in rental unit,Private room,1,1,2,1,$35.00 ,91,1000,t,30,60,90,365,0,0,0,100,0,0,0,,,,,,,,f,31,0,31,0,
3890373,100%,100%,f,1,2,t,t,Beacon Hill,42.35792,-71.06432,Entire rental unit,Entire home/apt,2,1,1,2,$150.00 ,29,365,t,0,13,13,181,257,4,1,13,0,232,34800,4.9,4.95,4.95,4.96,4.97,4.98,4.78,f,1,1,0,0,1.91
3957602,50%,50%,f,1,2,t,t,Jamaica Plain,42.31016,-71.10582,Private room in home,Private room,2,1,2,1,$105.00 ,29,31,t,9,23,53,53,130,1,0,53,0,58,6090,4.88,4.87,4.84,4.97,4.98,4.78,4.83,f,1,0,1,0,0.97
3965313,N/A,0%,f,1,21,t,t,East Boston,42.38679,-71.00271,Private room in home,Private room,4,2.5,1,3,$42.00 ,91,365,t,30,60,90,90,90,0,0,90,0,0,0,4.38,4.71,4.36,4.83,4.58,4.81,4.56,f,1,0,1,0,0.87
3968797,100%,91%,t,2,3,t,t,Roslindale,42.28969,-71.13183,Private room in home,Private room,2,,,,,6,365,t,0,0,0,111,78,7,0,0,6,84,,4.92,4.88,4.81,4.96,4.97,4.81,4.87,f,2,0,2,0,0.61
3969526,100%,63%,f,1,3,t,f,South End,42.33765,-71.07434,Entire rental unit,Entire home/apt,4,1,2,2,$169.00 ,29,180,t,0,0,2,91,364,4,0,11,3,232,39208,4.83,4.93,4.89,4.91,4.94,4.8,4.74,f,1,1,0,0,2.71
4000384,25%,65%,f,1,1,t,t,Jamaica Plain,42.31826,-71.09956,Private room in home,Private room,2,1,1,1,$112.00 ,2,10,t,2,2,21,261,235,17,1,31,31,102,11424,4.92,4.98,5,4.93,4.92,4.78,4.93,f,1,0,1,0,1.74
4089940,100%,62%,f,184,251,t,t,North End,42.36619,-71.05217,Entire rental unit,Entire home/apt,3,1,2,2,$228.00 ,10,730,t,0,0,0,155,61,0,0,0,0,0,0,4.72,4.82,4.92,4.77,4.75,4.9,4.73,t,55,55,0,0,0.46
4119345,100%,93%,t,4,4,t,t,Jamaica Plain,42.31063345,-71.10855892,Entire guesthouse,Entire home/apt,6,2.5,2,4,$241.00 ,2,14,t,5,25,48,287,65,12,2,48,30,72,17352,4.89,4.88,4.94,4.88,4.92,4.98,4.77,f,1,1,0,0,0.5
4148586,N/A,N/A,f,1,3,t,t,Back Bay,42.35491,-71.07463,Entire rental unit,Entire home/apt,2,,1,,,91,365,t,0,0,0,0,15,0,0,0,0,0,,4.8,4.6,4.73,4.8,4.73,5,4.8,f,1,1,0,0,0.12
4150640,100%,62%,f,184,251,t,t,North End,42.36618,-71.05217,Entire rental unit,Entire home/apt,3,,1,,,29,730,t,0,0,0,0,28,0,0,0,0,0,,4.93,4.96,5,4.86,4.93,5,4.79,t,55,55,0,0,0.21
4173285,100%,100%,f,1,3,t,t,Dorchester,42.28547,-71.06799,Private room in condo,Private room,1,1,1,1,$69.00 ,91,91,t,0,0,13,193,14,1,0,23,1,182,12558,5,4.93,5,5,5,4.57,4.93,f,1,0,1,0,0.11
4233242,100%,40%,f,2,2,t,t,Jamaica Plain,42.31246,-71.10793,Private room in rental unit,Private room,1,1,1,1,$85.00 ,29,120,t,0,0,0,265,50,1,0,0,1,58,4930,4.7,4.76,4.6,4.86,4.9,4.86,4.63,f,2,0,2,0,0.37
4257929,N/A,N/A,f,1,1,t,t,Fenway,42.34853,-71.09256,Entire rental unit,Entire home/apt,4,,2,,,91,1125,t,0,0,0,0,0,0,0,0,0,0,,,,,,,,,f,1,1,0,0,
4263736,100%,94%,t,6,14,t,t,Roxbury,42.32971,-71.0931,Private room in townhouse,Private room,3,1,1,2,$146.00 ,2,110,t,8,30,39,39,618,83,4,39,79,255,37230,4.95,4.98,4.98,4.96,4.98,4.67,4.84,f,6,2,4,0,4.63
4278067,79%,66%,t,10,12,t,t,South End,42.34128,-71.07607,Entire rental unit,Entire home/apt,2,1,0,1,$175.00 ,33,1125,t,0,0,0,85,79,2,0,0,5,132,23100,4.71,4.83,4.65,4.91,4.89,4.82,4.57,f,4,4,0,0,0.59
4291607,N/A,N/A,f,1,1,t,f,Brighton,42.33678,-71.15237,Entire rental unit,Entire home/apt,2,,,,,91,1125,,0,0,0,0,2,0,0,0,0,0,,5,5,5,5,5,5,5,f,1,1,0,0,0.02
4315439,100%,100%,f,2,2,t,t,East Boston,42.38831,-71.0044,Private room in home,Private room,1,1,1,2,$99.00 ,5,100,t,17,47,77,167,7,2,2,87,0,20,1980,4.57,5,4.43,4.71,4.86,4.57,4.29,t,2,0,2,0,0.06
4348422,N/A,N/A,f,1,1,t,t,Jamaica Plain,42.31128,-71.10981,Private room in rental unit,Private room,2,,,,,91,1125,,0,0,0,0,0,0,0,0,0,0,,,,,,,,,f,1,0,1,0,
4364925,79%,66%,t,10,12,t,t,South End,42.34128,-71.07607,Entire rental unit,Entire home/apt,5,1,2,3,$180.00 ,30,1125,t,0,0,6,243,150,2,1,15,1,120,21600,4.82,4.94,4.76,4.96,4.94,4.9,4.77,f,4,4,0,0,1.13
4364989,79%,66%,t,10,12,t,t,South End,42.34128,-71.07607,Entire rental unit,Entire home/apt,4,1,1,2,$175.00 ,31,1125,t,0,0,0,176,88,2,0,0,5,124,21700,4.83,4.9,4.75,4.93,4.9,4.91,4.72,f,4,4,0,0,0.7
4410765,N/A,100%,f,1,2,t,t,Brighton,42.35309,-71.14822,Entire home,Entire home/apt,5,2,3,4,$194.00 ,45,270,t,0,10,40,314,16,2,0,49,2,180,34920,4.69,4.69,4.56,4.94,4.94,4.75,4.69,f,1,1,0,0,0.13
4460532,100%,94%,t,6,14,t,t,Roxbury,42.32942,-71.09149,Private room in townhouse,Private room,1,1,1,1,$100.00 ,2,110,t,10,24,30,30,509,79,9,30,83,255,25500,4.93,4.96,4.97,4.96,4.94,4.67,4.83,f,6,2,4,0,3.84
4461613,100%,100%,f,120,136,t,t,Beacon Hill,42.36017,-71.06346,Entire rental unit,Entire home/apt,2,1,0,1,$162.00 ,1,1125,t,5,27,57,329,238,24,2,66,33,144,23328,4.57,4.65,4.8,4.82,4.84,4.95,4.45,f,86,86,0,0,1.89
4461846,100%,100%,f,120,136,t,t,South End,42.34441,-71.07633,Entire rental unit,Entire home/apt,2,1,0,1,$142.00 ,1,1125,t,3,24,54,324,109,5,0,63,6,30,4260,4.58,4.7,4.78,4.88,4.83,4.95,4.43,t,86,86,0,0,0.86
4461901,100%,100%,f,120,136,t,t,South End,42.34447,-71.07644,Entire rental unit,Entire home/apt,1,1,1,1,$221.00 ,1,1125,t,2,22,52,317,179,7,3,61,1,42,9282,4.57,4.75,4.79,4.84,4.79,4.92,4.41,f,86,86,0,0,1.43
4500409,100%,100%,f,120,136,t,t,Back Bay,42.34982,-71.08264,Entire rental unit,Entire home/apt,2,1,0,1,$221.00 ,1,1124,t,3,19,42,286,175,11,1,51,0,66,14586,4.61,4.76,4.78,4.9,4.84,4.96,4.51,f,86,86,0,0,1.41
4555637,100%,94%,t,6,14,t,t,Roxbury,42.32965,-71.0932,Private room in townhouse,Private room,1,1,1,1,$106.00 ,2,110,t,10,31,39,39,590,83,6,39,74,255,27030,4.92,4.9,4.97,4.98,4.97,4.7,4.77,f,6,2,4,0,4.47
4560053,100%,100%,t,12,15,t,t,Roxbury,42.32397,-71.09085,Entire rental unit,Entire home/apt,8,1.5,3,4,$246.00 ,3,90,t,8,21,46,47,127,16,2,47,10,96,23616,4.76,4.87,4.83,4.9,4.84,4.4,4.78,t,11,11,0,0,0.97
4566095,100%,96%,t,7,8,t,t,South End,42.34301,-71.07304,Entire rental unit,Entire home/apt,2,1,1,1,$175.00 ,120,365,t,0,0,5,184,42,18,2,14,9,255,44625,4.88,4.9,4.95,4.93,4.93,4.95,4.76,f,7,7,0,0,0.33
4568116,100%,94%,t,6,14,t,t,Roxbury,42.32967,-71.09328,Entire rental unit,Entire home/apt,3,1,0,2,$154.00 ,2,64,t,9,28,37,37,905,98,9,37,104,255,39270,4.9,4.9,4.98,4.95,4.96,4.67,4.75,f,6,2,4,0,6.85
4593974,100%,0%,f,31,34,t,t,Roxbury,42.31676,-71.08,Private room in rental unit,Private room,1,2,1,1,$39.00 ,91,1125,t,30,60,90,365,7,0,0,100,0,0,0,4.86,5,4.86,5,5,3.86,4.86,f,31,0,31,0,0.06
4593985,100%,0%,f,31,34,t,t,Roxbury,42.31676,-71.08,Private room in rental unit,Private room,1,1,2,1,$39.00 ,91,1125,t,30,60,90,365,1,0,0,100,0,0,0,4,5,5,5,5,4,4,f,31,0,31,0,0.01
4602191,100%,89%,t,9,26,t,t,West End,42.3645578,-71.0692521,Entire rental unit,Entire home/apt,5,2,2,2,$432.00 ,30,1125,t,0,0,0,179,17,0,0,0,0,0,0,4.71,4.76,4.82,4.82,4.82,4.88,4.59,f,8,8,0,0,0.16
4614037,100%,100%,t,4,4,t,t,East Boston,42.378693,-71.035088,Entire rental unit,Entire home/apt,8,1,2,9,$231.00 ,1,1125,t,18,43,68,341,455,52,3,78,61,255,58905,4.86,4.9,4.88,4.95,4.91,4.69,4.7,f,3,3,0,0,3.64
4623114,100%,100%,f,120,136,t,t,South End,42.34441,-71.07633,Entire rental unit,Entire home/apt,2,1,0,1,$161.00 ,1,1125,t,4,23,53,324,180,18,2,62,14,108,17388,4.64,4.73,4.84,4.83,4.84,4.92,4.51,f,86,86,0,0,1.47
4624582,100%,0%,f,31,34,t,t,Roxbury,42.31676,-71.08,Private room in rental unit,Private room,1,2,2,1,$39.00 ,91,1000,t,30,60,90,365,4,0,0,100,0,0,0,4.5,5,4,5,4.75,3.5,4.75,f,31,0,31,0,0.03
4625517,N/A,N/A,f,1,3,t,t,Mission Hill,42.33245,-71.10642,Private room in home,Private room,2,,,,,91,1125,,0,0,0,0,0,0,0,0,0,0,,,,,,,,,f,1,0,1,0,
4630071,100%,87%,t,3,6,t,t,Brighton,42.34341,-71.15451,Entire rental unit,Entire home/apt,1,1,1,1,$60.00 ,91,1125,t,0,0,15,290,21,2,0,25,3,255,15300,5,5,4.86,5,4.95,5,4.86,f,3,3,0,0,0.21
4662379,100%,100%,t,1,3,t,t,Brighton,42.34765,-71.15509,Entire home,Entire home/apt,12,2,5,6,$326.00 ,3,30,t,15,31,54,290,221,21,2,58,32,126,41076,4.89,4.88,4.84,4.97,4.93,4.87,4.87,t,1,1,0,0,1.68
4699828,100%,27%,f,1,1,t,t,Hyde Park,42.2563,-71.12762,Entire rental unit,Entire home/apt,7,2,2,2,$211.00 ,2,365,t,15,35,65,245,114,3,0,75,8,18,3798,4.6,4.71,4.83,4.86,4.79,4.39,4.7,f,1,1,0,0,0.9
4710583,N/A,N/A,f,5,6,t,t,Allston,42.35914,-71.13348,Private room in home,Private room,2,,,,,91,1125,t,0,0,0,0,3,0,0,0,0,0,,5,4.67,4,5,5,5,5,t,5,0,5,0,0.02
4737304,100%,100%,f,1,3,t,t,Brighton,42.35111,-71.16529,Private room in home,Private room,1,1,1,1,$58.00 ,91,1125,t,19,49,79,214,29,1,0,89,2,182,10556,4.79,4.93,4.66,4.97,5,4.9,4.83,f,1,0,1,0,0.23
4755586,100%,79%,f,5,5,t,t,Mattapan,42.27667,-71.08169,Private room in home,Private room,1,,,,,30,180,t,0,0,0,146,24,1,0,0,2,60,,4.79,4.79,4.54,4.92,5,4.79,4.79,f,4,1,3,0,0.26
4757808,N/A,N/A,f,1,3,t,t,Beacon Hill,42.35815,-71.07102,Entire rental unit,Entire home/apt,4,,1,,,91,1125,t,0,0,0,0,5,0,0,0,0,0,,4.4,4.8,4.8,4.8,4.8,5,4.6,f,1,1,0,0,0.04
4765070,100%,100%,f,1,2,t,t,Jamaica Plain,42.32352199,-71.10688328,Entire rental unit,Entire home/apt,2,1,0,1,$94.00 ,4,730,t,2,10,33,285,443,16,3,43,3,128,12032,4.67,4.78,4.83,4.88,4.86,4.52,4.72,t,1,1,0,0,3.39
5047340,100%,99%,t,2,2,t,t,Allston,42.35779,-71.13347,Entire townhouse,Entire home/apt,10,,4,,,2,1125,t,0,0,0,0,359,52,0,0,65,255,,4.91,4.92,4.9,4.97,4.97,4.86,4.82,f,2,2,0,0,3.33
5048406,100%,N/A,f,1,2,t,t,Dorchester,42.31124,-71.06551,Private room in home,Private room,1,2,5,7,$59.00 ,29,1125,t,2,2,24,299,41,0,0,34,0,0,0,4.85,4.85,4.65,4.9,4.9,4.45,4.82,f,1,0,1,0,0.32
5049582,100%,40%,f,2,2,t,t,Jamaica Plain,42.31327,-71.10811,Private room in rental unit,Private room,1,1,1,1,$70.00 ,30,90,t,0,28,58,333,37,2,0,67,4,120,8400,4.68,4.73,4.24,4.76,4.81,4.86,4.59,f,2,0,2,0,0.29
5054601,91%,100%,f,4,4,t,f,South Boston,42.33034,-71.05802,Private room in home,Private room,2,1,1,1,$71.00 ,5,29,t,8,12,12,62,204,9,0,12,15,90,6390,4.61,4.69,4.64,4.81,4.76,4.52,4.56,t,4,0,4,0,1.59
5088560,100%,94%,t,4,5,t,t,Roxbury,42.34041,-71.08384,Entire rental unit,Entire home/apt,4,1.5,2,2,$570.00 ,29,365,t,13,39,61,309,100,0,0,70,0,0,0,4.98,4.97,4.98,4.97,4.99,4.86,4.9,f,3,3,0,0,0.81
5166870,100%,100%,t,1,1,t,t,Jamaica Plain,42.30542,-71.10409,Entire rental unit,Entire home/apt,4,1,2,3,$247.00 ,2,31,t,6,24,50,272,502,53,5,53,62,255,62985,4.93,4.94,4.95,4.99,4.98,4.82,4.86,f,1,1,0,0,3.88
5203538,100%,91%,t,1,3,t,t,South End,42.34024,-71.07483,Entire townhouse,Entire home/apt,6,2.5,3,4,$950.00 ,5,1125,t,5,29,29,29,44,13,0,29,12,130,123500,5,4.98,5,4.98,5,4.95,4.86,f,1,1,0,0,0.34
5358934,100%,0%,f,31,34,t,t,Roxbury,42.31681,-71.08001,Private room in rental unit,Private room,1,1,1,1,$39.00 ,91,1125,t,30,60,90,365,6,0,0,100,0,0,0,5,5,4.5,5,5,4.83,5,f,31,0,31,0,0.05
5364137,100%,100%,t,13,13,t,t,East Boston,42.38704,-71.00581,Entire condo,Entire home/apt,2,1,1,1,$62.00 ,65,365,t,0,0,26,67,87,2,1,36,0,255,15810,4.49,4.75,4.47,4.87,4.83,4.62,4.49,f,2,2,0,0,0.68
5371051,100%,93%,t,10,11,t,t,Dorchester,42.31163,-71.06351,Entire guest suite,Entire home/apt,5,1,3,4,$126.00 ,29,1125,t,0,10,40,219,268,3,0,49,2,174,21924,4.81,4.9,4.87,4.95,4.94,4.49,4.83,f,6,6,0,0,2.24
5434353,40%,0%,f,2,2,t,t,Roslindale,42.28629,-71.13839,Entire home,Entire home/apt,3,1,2,2,$155.00 ,29,1125,t,17,24,54,329,25,0,0,64,0,0,0,4.64,4.64,4.56,4.76,4.72,4.64,4.52,f,2,2,0,0,0.2
5478135,N/A,N/A,f,1,2,t,t,East Boston,42.38455,-71.00217,Entire home,Entire home/apt,4,,2,,,91,1125,t,0,0,0,0,26,0,0,0,0,0,,4.85,4.92,4.85,4.81,4.85,4.69,4.77,f,1,1,0,0,0.23
5495267,100%,0%,f,31,34,t,t,Roxbury,42.31676,-71.08,Private room in rental unit,Private room,1,2,2,1,$39.00 ,91,1125,t,30,60,90,365,2,0,0,100,0,0,0,5,5,5,5,5,4.5,5,f,31,0,31,0,0.02
5526487,100%,100%,t,5,5,t,t,Mission Hill,42.33211,-71.09842,Entire rental unit,Entire home/apt,6,2,3,3,$336.00 ,3,29,t,2,15,41,50,240,38,0,50,41,228,76608,4.89,4.89,4.92,4.95,4.94,4.58,4.81,f,5,5,0,0,1.91
5526514,100%,100%,t,5,5,t,t,Roxbury,42.3285,-71.09608,Entire rental unit,Entire home/apt,4,1,0,2,$162.00 ,3,60,t,0,4,26,33,132,2,0,33,3,12,1944,4.8,4.82,4.83,4.88,4.8,4.53,4.79,f,5,5,0,0,1.03
5581575,100%,97%,t,2,2,t,t,Back Bay,42.34628,-71.08064,Entire rental unit,Entire home/apt,4,1,2,2,$250.00 ,29,115,t,2,21,28,176,215,2,0,28,4,116,29000,4.93,4.95,4.94,4.99,4.99,4.96,4.79,t,1,1,0,0,1.92
5718801,100%,100%,f,120,136,t,t,South End,42.34441,-71.07633,Entire rental unit,Entire home/apt,2,,,,,1,1125,t,0,2,22,140,160,6,2,26,2,36,,4.54,4.75,4.75,4.85,4.81,4.95,4.44,f,86,86,0,0,1.28
5726250,100%,50%,f,1,2,t,t,Charlestown,42.38118,-71.06073,Entire home,Entire home/apt,5,3,4,3,$625.00 ,3,4,t,0,0,25,115,35,1,0,35,3,6,3750,4.97,4.97,4.94,5,4.97,4.94,4.89,f,1,1,0,0,0.28
5738018,N/A,N/A,f,1,1,t,t,Jamaica Plain,42.32448,-71.10664,Entire rental unit,Entire home/apt,4,,2,,,91,1125,t,0,0,0,0,0,0,0,0,0,0,,,,,,,,,f,1,1,0,0,
5746844,25%,N/A,f,2,3,t,t,Roxbury,42.33509,-71.07847,Private room in condo,Private room,1,1.5,1,1,$100.00 ,91,355,t,30,60,90,365,9,0,0,99,0,0,0,4.89,5,5,4.78,4.56,4.11,4.78,f,2,1,1,0,0.07
5768819,100%,100%,f,120,136,t,t,South End,42.34447,-71.07644,Entire rental unit,Entire home/apt,2,1,0,1,$184.00 ,1,1125,t,1,19,49,316,179,29,5,58,3,174,32016,4.51,4.78,4.83,4.89,4.84,4.92,4.48,f,86,86,0,0,1.46
5769127,100%,100%,f,120,136,t,t,South End,42.34447,-71.07644,Entire rental unit,Entire home/apt,1,1,0,1,$123.00 ,1,1125,t,0,9,33,227,326,17,2,42,1,102,12546,4.55,4.75,4.72,4.94,4.83,4.93,4.47,f,86,86,0,0,2.6
5775139,N/A,N/A,f,1,1,t,t,Allston,42.35211,-71.13178,Private room in villa,Private room,2,,,,,91,1125,,0,0,0,0,0,0,0,0,0,0,,,,,,,,,f,1,0,1,0,
5781926,100%,96%,t,1,4,t,t,South Boston,42.33286,-71.04506,Entire rental unit,Entire home/apt,3,1,0,2,$277.00 ,3,365,t,10,37,67,335,105,14,1,76,20,84,23268,4.88,4.89,4.88,4.96,4.97,4.89,4.77,f,1,1,0,0,1.07
5782221,100%,89%,t,1,2,t,t,North End,42.36726,-71.05424,Entire condo,Entire home/apt,4,1.5,2,2,$330.00 ,3,60,t,1,3,3,61,315,16,2,3,25,96,31680,4.97,4.98,4.99,4.96,5,4.99,4.92,f,1,1,0,0,2.54
5813177,N/A,N/A,f,1,1,t,t,Fenway,42.34306,-71.0872,Entire rental unit,Entire home/apt,2,,1,,,91,1125,,0,0,0,0,0,0,0,0,0,0,,,,,,,,,f,1,1,0,0,
5856633,N/A,N/A,f,1,1,t,t,South Boston,42.33284,-71.04685,Entire home,Entire home/apt,5,,2,,,91,1125,t,0,0,0,0,1,0,0,0,0,0,,5,5,4,5,5,5,5,f,1,1,0,0,0.01
5870922,100%,96%,t,17,57,t,t,Allston,42.3605,-71.12633,Private room in home,Private room,2,1,1,1,$71.00 ,3,90,t,3,12,32,204,403,43,2,34,39,255,18105,4.9,4.95,4.9,4.96,4.94,4.75,4.81,f,12,2,10,0,3.17
5884429,100%,92%,t,3,4,t,t,Roslindale,42.28516,-71.13772,Private room in townhouse,Private room,1,1,1,1,$81.00 ,30,365,t,5,5,5,171,118,6,1,5,2,255,20655,4.95,4.97,4.96,4.98,4.96,4.85,4.94,f,2,0,2,0,0.94
5919529,100%,33%,f,4,5,t,t,Back Bay,42.35009,-71.07023,Entire townhouse,Entire home/apt,6,2.5,3,2,$512.00 ,91,120,t,28,58,88,177,14,0,0,97,0,0,0,5,5,5,5,5,5,4.79,f,1,1,0,0,0.11
5927267,91%,100%,f,4,4,t,f,South Boston,42.33034,-71.05802,Private room in home,Private room,2,,,,,5,29,t,4,6,6,56,209,11,1,6,14,110,,4.45,4.59,4.5,4.73,4.69,4.45,4.48,t,4,0,4,0,1.65
5932402,N/A,N/A,f,1,2,t,t,South End,42.34459,-71.06999,Private room in rental unit,Private room,2,,,,,91,1125,t,0,0,0,0,0,0,0,0,0,0,,,,,,,,,f,1,0,1,0,
5967421,100%,96%,t,17,57,t,t,Allston,42.3605,-71.12633,Private room in home,Private room,2,1,1,1,$74.00 ,60,365,t,5,5,9,283,180,2,0,18,4,240,17760,4.82,4.93,4.92,4.9,4.87,4.64,4.73,f,12,2,10,0,1.42
5974886,100%,91%,t,1,3,t,t,Dorchester,42.32431721,-71.0586657,Entire rental unit,Entire home/apt,2,1,1,1,$267.00 ,2,150,t,1,6,19,19,35,13,0,19,17,78,20826,4.97,4.91,4.94,4.89,5,4.8,4.91,f,1,1,0,0,0.28
6080461,100%,100%,t,5,5,t,t,Roxbury,42.32966,-71.09597,Entire rental unit,Entire home/apt,4,1,0,2,$177.00 ,3,90,t,4,26,56,65,156,15,2,65,20,90,15930,4.71,4.82,4.88,4.92,4.8,4.59,4.61,f,5,5,0,0,1.23
6131224,100%,93%,t,8,8,t,t,Hyde Park,42.2619,-71.11315,Entire rental unit,Entire home/apt,5,1,3,5,$110.00 ,29,365,t,7,29,59,306,29,2,0,69,3,116,12760,4.66,4.69,4.52,4.86,4.83,4.21,4.55,f,4,4,0,0,0.23
6214710,N/A,100%,f,1,1,t,f,Back Bay,42.35262,-71.07899,Entire rental unit,Entire home/apt,1,1,0,1,$92.00 ,91,1125,t,0,11,41,316,57,0,0,50,0,0,0,4.81,4.86,4.75,4.96,4.96,4.95,4.67,f,1,1,0,0,0.46
6238463,100%,100%,t,1,1,t,t,Jamaica Plain,42.31583,-71.11448,Private room in townhouse,Private room,2,1,1,1,$117.00 ,2,1125,t,1,11,29,58,400,41,4,29,54,246,28782,4.98,4.99,4.98,4.97,4.99,4.96,4.92,f,1,0,1,0,3.28
6261296,100%,100%,f,1,2,t,t,West Roxbury,42.28951,-71.15657,Private room in home,Private room,1,,,,,4,30,t,0,0,0,0,114,6,0,0,2,48,,4.82,4.93,4.86,4.93,4.95,4.77,4.79,f,1,0,1,0,0.91
6377998,90%,60%,f,2,5,t,t,Jamaica Plain,42.31584,-71.09932,Entire home,Entire home/apt,12,2.5,5,7,$263.00 ,29,730,t,0,0,0,266,43,1,0,0,1,58,15254,4.6,4.6,4.51,4.85,4.79,4.2,4.54,f,1,1,0,0,0.35
6465075,100%,100%,t,1,7,t,t,Jamaica Plain,42.29828,-71.11048,Entire condo,Entire home/apt,10,2,5,6,$472.00 ,3,29,t,9,27,49,307,237,23,5,59,24,138,65136,4.92,4.93,4.98,4.96,4.97,4.77,4.79,f,1,1,0,0,1.89
6489209,91%,100%,f,4,4,t,f,South Boston,42.33034,-71.05802,Private room in home,Private room,2,1,1,2,$64.00 ,5,29,t,10,14,14,64,125,7,0,14,16,70,4480,4.58,4.52,4.51,4.75,4.76,4.51,4.52,f,4,0,4,0,0.99
6544267,100%,100%,t,1,1,t,t,Roxbury,42.32932,-71.08925,Entire rental unit,Entire home/apt,2,1,1,1,$177.00 ,3,30,t,14,37,67,325,108,16,1,77,16,96,16992,4.81,4.82,4.78,4.94,4.82,4.56,4.69,t,1,1,0,0,1.19
6603827,100%,91%,f,3,6,t,t,Roslindale,42.28411,-71.11693,Private room in home,Private room,1,1,1,1,$43.00 ,29,1125,t,0,0,0,0,18,3,1,0,3,174,7482,4.56,4.44,4.22,4.89,4.78,4.5,4.5,f,3,0,3,0,0.14
6646604,95%,91%,f,117,207,t,t,Brighton,42.34118,-71.14678,Entire rental unit,Entire home/apt,4,1,1,2,$171.00 ,180,1125,t,20,50,80,355,41,2,0,90,2,255,43605,4.44,4.63,4.68,4.54,4.61,4.88,4.44,f,33,33,0,0,0.33
6690605,N/A,N/A,f,1,1,t,t,Charlestown,42.37639,-71.06389,Entire rental unit,Entire home/apt,4,,1,,,91,1125,t,0,0,0,0,24,0,0,0,0,0,,4.71,4.75,4.79,4.79,4.75,4.75,4.5,f,1,1,0,0,0.2
6758443,100%,100%,f,120,136,t,t,South End,42.34441,-71.07633,Entire rental unit,Entire home/apt,2,1,1,1,$167.00 ,1,1125,t,1,8,32,254,266,12,2,39,14,72,12024,4.6,4.71,4.73,4.85,4.89,4.95,4.43,f,86,86,0,0,2.13
6758462,100%,100%,f,120,136,t,t,South End,42.34441,-71.07633,Entire rental unit,Entire home/apt,2,1,0,1,$168.00 ,1,1125,t,10,18,48,320,186,27,3,57,18,162,27216,4.48,4.47,4.72,4.83,4.77,4.89,4.34,t,86,86,0,0,1.81
6758482,100%,100%,f,120,136,t,t,South End,42.34447,-71.07644,Entire rental unit,Entire home/apt,1,1,0,1,$106.00 ,1,1125,t,1,2,23,190,165,6,0,30,0,36,3816,4.52,4.76,4.77,4.85,4.76,4.91,4.43,f,86,86,0,0,1.59
6759004,100%,100%,f,120,136,t,t,Back Bay,42.34982,-71.08264,Entire rental unit,Entire home/apt,2,1,0,1,$228.00 ,1,1125,t,4,12,33,297,281,16,0,42,21,96,21888,4.68,4.81,4.8,4.88,4.85,4.96,4.55,f,86,86,0,0,2.28
6759439,100%,100%,f,120,136,t,t,South End,42.34441,-71.07633,Entire rental unit,Entire home/apt,2,1,0,1,$141.00 ,1,1125,t,6,25,55,324,121,13,0,64,15,78,10998,4.51,4.73,4.81,4.87,4.84,4.91,4.37,f,86,86,0,0,1.19
6762011,100%,100%,f,120,136,t,t,South End,42.34441,-71.07633,Entire rental unit,Entire home/apt,2,1,0,1,$107.00 ,1,1125,t,0,2,20,203,189,34,5,20,20,204,21828,4.52,4.67,4.68,4.81,4.82,4.92,4.32,t,86,86,0,0,1.74
6763409,100%,100%,f,120,136,t,t,South End,42.34447,-71.07644,Entire rental unit,Entire home/apt,1,1,0,1,$184.00 ,1,1125,t,4,25,55,325,263,5,1,64,0,30,5520,4.55,4.75,4.74,4.88,4.79,4.93,4.52,f,86,86,0,0,2.17
6780077,100%,95%,t,3,3,t,t,Dorchester,42.31392,-71.06137,Entire guest suite,Entire home/apt,4,1,1,2,$160.00 ,2,40,t,5,24,48,225,139,27,2,58,24,162,25920,4.88,4.87,4.78,4.93,4.91,4.74,4.74,f,3,3,0,0,1.71
6800522,100%,0%,f,31,34,t,t,Roxbury,42.31676,-71.08,Private room in rental unit,Private room,1,2,1,1,$35.00 ,91,1000,t,30,60,90,365,11,0,0,100,0,0,0,4.91,4.7,4.9,4.9,4.9,4.4,5,f,31,0,31,0,0.09
6810723,100%,100%,f,120,136,t,t,South End,42.34441,-71.07633,Entire rental unit,Entire home/apt,2,1,0,1,$133.00 ,1,1125,t,2,7,28,294,166,29,4,37,11,174,23142,4.47,4.52,4.74,4.83,4.69,4.9,4.22,f,86,86,0,0,1.66
6819620,100%,0%,f,31,34,t,t,Roxbury,42.31676,-71.08,Private room in rental unit,Private room,1,2,2,1,$39.00 ,91,1000,t,30,60,90,365,5,0,0,100,0,0,0,4.6,5,4.4,4.8,5,3.6,4.2,f,31,0,31,0,0.04
6843795,100%,100%,f,1,1,t,t,Fenway,42.34512,-71.09479,Entire rental unit,Entire home/apt,2,1,1,1,$139.00 ,91,250,t,0,0,0,163,98,0,0,9,0,0,0,4.92,4.94,4.77,4.96,4.97,4.96,4.89,f,1,1,0,0,0.79
6851459,100%,100%,f,120,136,t,t,South End,42.34441,-71.07633,Entire rental unit,Entire home/apt,2,,,,,1,1125,t,1,17,47,316,248,28,4,56,32,168,,4.67,4.74,4.77,4.89,4.83,4.94,4.47,t,86,86,0,0,2.04
6851460,100%,100%,f,120,136,t,t,South End,42.34441,-71.07633,Entire rental unit,Entire home/apt,2,1,0,1,$163.00 ,1,1125,t,3,20,50,321,169,27,1,59,23,162,26406,4.52,4.69,4.67,4.83,4.83,4.96,4.4,f,86,86,0,0,1.4
6862594,N/A,N/A,f,1,1,t,f,Jamaica Plain,42.31927,-71.11325,Private room in home,Private room,2,,1,,,91,1125,,0,0,0,0,0,0,0,0,0,0,,,,,,,,,f,1,0,1,0,
6879036,100%,100%,f,120,136,t,t,Back Bay,42.34982,-71.08264,Entire rental unit,Entire home/apt,2,1,0,1,$180.00 ,1,1125,t,2,12,40,309,273,13,3,49,9,78,14040,4.77,4.87,4.88,4.9,4.92,4.99,4.62,f,86,86,0,0,2.28
6882615,100%,100%,f,120,136,t,t,Back Bay,42.34979,-71.08262,Entire rental unit,Entire home/apt,2,1,0,1,$190.00 ,1,1125,t,1,10,38,272,326,29,3,47,16,174,33060,4.75,4.85,4.85,4.9,4.88,4.97,4.74,f,86,86,0,0,2.72
6908525,100%,100%,f,120,136,t,t,Back Bay,42.34982,-71.08264,Entire rental unit,Entire home/apt,2,1,0,1,$220.00 ,1,1125,t,1,9,30,278,247,9,0,39,0,54,11880,4.66,4.78,4.78,4.84,4.81,4.94,4.55,f,86,86,0,0,1.99
6914155,N/A,N/A,f,1,1,t,t,Dorchester,42.315,-71.0564,Private room in rental unit,Private room,1,,1,,,91,1125,,0,0,0,0,0,0,0,0,0,0,,,,,,,,,f,1,0,1,0,
6914622,N/A,0%,f,1,1,t,t,Jamaica Plain,42.30849,-71.11721,Entire condo,Entire home/apt,2,1,2,1,$259.00 ,14,90,t,0,9,39,314,62,1,0,48,3,28,7252,4.98,4.95,5,5,5,4.98,4.79,f,1,1,0,0,0.5
6921672,N/A,N/A,f,1,1,t,t,Jamaica Plain,42.32132,-71.10957,Entire rental unit,Entire home/apt,4,,2,,,91,1125,t,0,0,0,0,1,0,0,0,0,0,,5,5,5,5,5,5,5,f,1,1,0,0,0.01
7018497,N/A,N/A,f,1,1,t,f,North End,42.367,-71.05764,Entire rental unit,Entire home/apt,4,,2,,,91,1125,t,0,0,0,0,6,0,0,0,0,0,,4.5,4.83,3.83,4.5,4.4,4.83,4.5,f,1,1,0,0,0.05
7053454,N/A,N/A,f,1,1,t,t,Charlestown,42.38239,-71.06393,Private room in home,Private room,2,1,1,1,$170.00 ,91,1125,t,30,60,90,365,8,0,0,99,0,0,0,4.75,5,4.63,5,5,4.75,4.88,f,1,0,1,0,0.06
7054912,N/A,N/A,f,1,1,t,t,Downtown,42.36478,-71.06122,Entire rental unit,Entire home/apt,2,,1,,,91,1125,t,0,0,0,0,2,0,0,0,0,0,,5,5,5,5,5,5,5,f,1,1,0,0,0.02
7086825,100%,91%,f,3,6,t,t,Roslindale,42.28249,-71.1146,Private room in home,Private room,2,1,1,1,$43.00 ,29,1125,t,0,0,0,24,25,3,0,0,0,174,7482,4.52,4.44,4.2,4.84,4.8,4.52,4.56,f,3,0,3,0,0.2
7093184,100%,0%,f,31,34,t,t,Roxbury,42.31676,-71.08,Private room in rental unit,Private room,1,2,2,1,$35.00 ,91,1000,t,5,5,5,274,7,0,0,8,0,0,0,4.71,4.71,4.57,4.86,4.86,4.14,4.57,f,31,0,31,0,0.06
7161203,100%,0%,f,31,34,t,t,Roxbury,42.31676,-71.08,Private room in rental unit,Private room,1,,2,,,91,1124,t,30,60,90,365,6,0,0,99,0,0,,4.83,4.67,4.5,4.67,5,4.33,4.67,f,31,0,31,0,0.05
7222349,100%,100%,f,3,4,t,t,Dorchester,42.29325,-71.05707,Private room in home,Private room,2,,,,,29,365,t,0,0,0,266,154,0,0,0,0,0,,4.79,4.86,4.79,4.9,4.91,4.59,4.77,f,3,0,3,0,1.27
7239024,100%,100%,f,3,4,t,t,Dorchester,42.29348,-71.05569,Private room in home,Private room,2,1,1,1,$101.00 ,29,365,t,0,29,59,334,240,0,0,68,0,0,0,4.9,4.91,4.87,4.97,4.96,4.68,4.84,f,3,0,3,0,1.93
7279874,N/A,N/A,f,1,2,t,t,Fenway,42.34687,-71.09051,Entire rental unit,Entire home/apt,3,,1,,,91,1124,t,0,0,0,0,15,0,0,0,0,0,,5,5,4.53,4.93,4.8,4.93,4.93,f,1,1,0,0,0.12
7281884,N/A,N/A,f,1,3,t,f,Roxbury,42.31236,-71.08133,Entire home,Entire home/apt,3,,,,,91,365,t,0,0,0,0,103,0,0,0,0,0,,4.67,4.81,4.84,4.81,4.8,4.39,4.75,f,1,1,0,0,0.83
7287822,100%,98%,t,2,2,t,t,Jamaica Plain,42.31572,-71.10847,Entire guest suite,Entire home/apt,4,1,1,4,$135.00 ,2,28,t,1,14,44,44,386,32,3,44,42,192,25920,4.88,4.89,4.88,4.97,4.98,4.9,4.83,f,2,2,0,0,3.14
7298966,100%,100%,t,1,1,t,t,Brighton,42.343,-71.14416,Entire condo,Entire home/apt,2,1,1,1,$79.00 ,80,450,t,0,0,23,214,16,3,1,33,3,255,20145,4.88,4.88,4.63,5,4.88,4.88,4.81,f,1,1,0,0,0.15
7308623,N/A,N/A,f,1,1,t,t,West End,42.36207,-71.06885,Private room in rental unit,Private room,1,,,,,91,1125,t,0,0,0,0,1,0,0,0,0,0,,5,5,4,5,5,5,5,f,1,0,1,0,0.01
7310887,100%,100%,f,1,2,t,t,Brighton,42.34532,-71.13829,Entire home,Entire home/apt,6,1,3,3,$427.00 ,2,28,t,0,0,0,261,271,14,1,0,17,84,35868,4.96,4.96,4.96,5,4.96,4.82,4.87,f,1,1,0,0,2.19
7330494,100%,100%,t,2,3,t,t,South Boston,42.33053,-71.05388,Entire rental unit,Entire home/apt,2,1,1,1,$175.00 ,3,28,t,3,6,21,252,565,57,1,30,58,255,44625,4.83,4.92,4.93,4.96,4.93,4.75,4.73,f,1,1,0,0,4.56
7333304,N/A,N/A,f,1,1,t,t,Charlestown,42.38071,-71.07037,Private room in rental unit,Private room,2,,,,,91,1125,,0,0,0,0,0,0,0,0,0,0,,,,,,,,,f,1,0,1,0,
7342489,100%,100%,f,120,136,t,t,South End,42.34447,-71.07644,Entire rental unit,Entire home/apt,4,1,2,2,$244.00 ,30,1124,t,3,14,34,257,131,0,0,43,2,0,0,4.58,4.77,4.73,4.75,4.88,4.96,4.58,f,86,86,0,0,1.22
7474044,100%,100%,f,120,136,t,t,Back Bay,42.34982,-71.08264,Entire rental unit,Entire home/apt,2,1,0,1,$192.00 ,1,1125,t,1,11,41,285,193,37,2,50,21,222,42624,4.79,4.85,4.82,4.94,4.92,5,4.62,f,86,86,0,0,1.72
7474855,100%,100%,f,120,136,t,t,Back Bay,42.34982,-71.08264,Entire rental unit,Entire home/apt,2,1,0,1,$218.00 ,1,1124,t,2,19,44,308,282,19,2,53,20,114,24852,4.82,4.93,4.88,4.9,4.89,4.99,4.68,f,86,86,0,0,2.46
7475052,100%,100%,f,120,136,t,t,Back Bay,42.34982,-71.08264,Entire rental unit,Entire home/apt,2,1,0,1,$213.00 ,1,1124,t,4,20,50,321,255,21,3,59,26,126,26838,4.7,4.86,4.89,4.94,4.89,4.96,4.62,f,86,86,0,0,2.24
7475215,100%,100%,f,120,136,t,t,Back Bay,42.34982,-71.08264,Entire rental unit,Entire home/apt,2,1,0,1,$181.00 ,1,1124,t,0,4,30,288,243,25,1,39,19,150,27150,4.78,4.89,4.86,4.88,4.86,4.98,4.62,f,86,86,0,0,2
7475379,100%,100%,f,120,136,t,t,Back Bay,42.34982,-71.08264,Entire rental unit,Entire home/apt,2,1,0,1,$218.00 ,1,1124,t,2,10,40,297,282,21,3,49,15,126,27468,4.73,4.88,4.85,4.93,4.89,4.96,4.63,f,86,86,0,0,2.36
7475573,100%,100%,f,120,136,t,t,Back Bay,42.34982,-71.08264,Entire rental unit,Entire home/apt,2,1,0,1,$221.00 ,1,1125,t,5,9,37,273,370,35,5,46,55,210,46410,4.76,4.89,4.91,4.93,4.9,4.98,4.63,f,86,86,0,0,3.27
7476340,100%,100%,f,120,136,t,t,South End,42.34441,-71.07633,Entire rental unit,Entire home/apt,2,1,0,1,$127.00 ,1,1125,t,0,3,19,230,207,41,3,28,32,246,31242,4.57,4.63,4.71,4.76,4.8,4.92,4.5,f,86,86,0,0,2
7479725,N/A,N/A,f,5,6,t,t,Allston,42.35976,-71.13372,Private room in home,Private room,2,,,,,91,1125,t,0,0,0,0,13,0,0,0,0,0,,4.77,4.69,4.62,4.69,4.69,4.69,4.77,f,5,0,5,0,0.1
7482195,100%,91%,f,3,6,t,t,Roslindale,42.28413,-71.11671,Private room in home,Private room,1,1,1,1,$43.00 ,29,1125,t,0,0,0,259,9,2,0,0,1,116,4988,4.22,4.44,4.33,4.56,4.22,4.22,4.22,f,3,0,3,0,0.09
7499960,100%,N/A,f,7,9,t,t,Fenway,42.35045,-71.09567,Entire condo,Entire home/apt,1,1,1,1,$235.00 ,91,365,t,27,57,87,362,15,0,0,97,0,0,0,4.53,4.6,4.13,4.8,4.87,4.93,4.27,f,4,4,0,0,0.12
7511737,100%,100%,f,120,136,t,t,South End,42.34447,-71.07644,Entire rental unit,Entire home/apt,1,1,0,1,$185.00 ,1,1125,t,2,22,52,307,249,3,1,61,0,18,3330,4.66,4.77,4.8,4.91,4.87,4.93,4.55,f,86,86,0,0,2.05
7513605,100%,100%,f,120,136,t,t,South End,42.34447,-71.07644,Entire rental unit,Entire home/apt,2,1,0,1,$123.00 ,1,1125,t,1,9,36,228,259,26,6,45,0,156,19188,4.6,4.77,4.74,4.86,4.84,4.92,4.46,f,86,86,0,0,2.15
7513906,100%,100%,f,120,136,t,t,Beacon Hill,42.36017,-71.06346,Entire rental unit,Entire home/apt,2,1,0,1,$183.00 ,29,1124,t,0,15,42,309,225,0,0,51,0,0,0,4.65,4.74,4.75,4.87,4.86,4.95,4.53,f,86,86,0,0,1.86
7514024,100%,100%,f,120,136,t,t,Beacon Hill,42.36017,-71.06346,Entire rental unit,Entire home/apt,2,1,1,1,$161.00 ,1,1124,t,1,20,48,295,220,30,3,57,2,180,28980,4.6,4.71,4.91,4.89,4.86,4.9,4.5,f,86,86,0,0,2.14
7514336,100%,100%,f,120,136,t,t,Beacon Hill,42.36017,-71.06346,Entire rental unit,Entire home/apt,2,1,0,1,$172.00 ,1,1125,t,3,16,46,309,192,14,1,55,6,84,14448,4.45,4.66,4.81,4.77,4.78,4.86,4.37,t,86,86,0,0,1.7
7527149,100%,97%,t,2,3,t,t,Beacon Hill,42.35623,-71.07023,Entire rental unit,Entire home/apt,7,2.5,4,5,$850.00 ,4,30,t,2,23,44,194,176,28,3,45,33,224,190400,4.98,4.98,4.97,4.95,4.99,5,4.89,f,1,1,0,0,1.43
7531700,100%,100%,f,120,136,t,t,Beacon Hill,42.36017,-71.06346,Entire rental unit,Entire home/apt,2,1,0,1,$212.00 ,1,1125,t,3,19,46,303,210,15,3,55,13,90,19080,4.67,4.9,4.89,4.89,4.86,4.96,4.56,f,86,86,0,0,1.72
7575052,79%,66%,t,10,12,t,t,South End,42.34128,-71.07607,Entire rental unit,Entire home/apt,4,1,1,2,$135.00 ,31,1125,t,0,20,50,234,92,1,0,59,2,62,8370,4.89,4.9,4.78,4.97,4.89,4.9,4.58,f,4,4,0,0,0.75
7611271,94%,93%,t,4,6,t,t,South Boston,42.333,-71.03544,Entire townhouse,Entire home/apt,6,2.5,3,4,$197.00 ,29,1125,t,19,49,79,354,123,1,0,89,2,58,11426,4.89,4.93,4.93,4.94,4.93,4.83,4.78,f,1,1,0,0,1
7618925,100%,94%,t,6,14,t,t,Roxbury,42.32936,-71.09328,Entire townhouse,Entire home/apt,8,,4,,,2,1125,t,0,0,0,0,3,0,0,0,0,0,,5,5,5,5,5,3.67,4.67,f,6,2,4,0,0.03
7635616,100%,100%,f,120,136,t,t,Beacon Hill,42.36017,-71.06346,Entire rental unit,Entire home/apt,2,1,0,1,$183.00 ,1,1125,t,2,16,46,308,342,33,4,55,29,198,36234,4.67,4.84,4.87,4.85,4.83,4.92,4.55,f,86,86,0,0,2.84
7637094,N/A,N/A,f,1,2,t,t,Longwood Medical Area,42.34218,-71.10698,Entire condo,Entire home/apt,4,,2,,,91,1125,,0,0,0,0,0,0,0,0,0,0,,,,,,,,,f,1,1,0,0,
7664646,50%,N/A,f,1,2,t,f,Jamaica Plain,42.31247,-71.10808,Entire rental unit,Entire home/apt,8,2,4,4,$280.00 ,91,365,t,30,60,90,365,0,0,0,100,0,0,0,,,,,,,,f,1,1,0,0,
7692933,100%,100%,f,2,2,t,t,Brighton,42.35642,-71.16411,Private room in townhouse,Private room,1,1.5,1,1,$99.00 ,29,1125,t,30,60,90,365,319,0,0,100,0,0,0,4.89,4.92,4.9,4.96,4.96,4.7,4.87,t,2,0,2,0,2.6
7694365,100%,100%,f,120,136,t,t,South End,42.34441,-71.07633,Entire rental unit,Entire home/apt,2,1,0,1,$209.00 ,1,1125,t,1,17,47,305,178,11,1,56,21,66,13794,4.69,4.83,4.83,4.92,4.93,4.94,4.48,t,86,86,0,0,1.58
7694559,100%,100%,f,120,136,t,t,South End,42.34441,-71.07633,Entire rental unit,Entire home/apt,2,1,0,1,$106.00 ,1,1125,t,0,5,28,205,207,37,6,33,34,222,23532,4.61,4.75,4.74,4.86,4.87,4.94,4.42,f,86,86,0,0,1.99
7713815,100%,100%,f,120,136,t,t,Beacon Hill,42.36017,-71.06346,Entire rental unit,Entire home/apt,2,1,0,1,$183.00 ,1,1125,t,2,22,52,322,228,34,5,61,21,204,37332,4.55,4.64,4.75,4.79,4.81,4.93,4.42,f,86,86,0,0,2.05
7728499,100%,100%,f,120,136,t,t,Beacon Hill,42.36017,-71.06346,Entire rental unit,Entire home/apt,2,1,0,1,$200.00 ,1,1125,t,3,13,31,271,391,28,1,40,37,168,33600,4.64,4.85,4.88,4.85,4.82,4.93,4.58,f,86,86,0,0,3.2
7832890,100%,100%,f,120,136,t,t,Beacon Hill,42.36017,-71.06346,Entire rental unit,Entire home/apt,2,1,0,1,$188.00 ,1,1124,t,1,15,42,287,368,22,4,51,1,132,24816,4.63,4.83,4.87,4.78,4.78,4.91,4.53,f,86,86,0,0,3.25
7837202,100%,100%,f,120,136,t,t,Beacon Hill,42.36017,-71.06346,Entire rental unit,Entire home/apt,2,1,0,1,$163.00 ,1,1125,t,3,19,49,277,167,21,2,58,0,126,20538,4.68,4.83,4.86,4.9,4.9,4.97,4.59,f,86,86,0,0,1.46
7854872,100%,100%,f,120,136,t,t,Beacon Hill,42.36017,-71.06346,Entire rental unit,Entire home/apt,2,1,0,1,$169.00 ,1,1125,t,3,18,48,294,227,18,6,57,10,108,18252,4.61,4.68,4.79,4.84,4.86,4.9,4.46,f,86,86,0,0,1.88
7856208,N/A,N/A,f,1,1,t,f,South End,42.34203,-71.07256,Private room in rental unit,Private room,2,,1,,,91,1125,,0,0,0,0,0,0,0,0,0,0,,,,,,,,,f,1,0,1,0,
7900936,100%,N/A,f,1,1,t,f,Hyde Park,42.24179,-71.12412,Private room in bed and breakfast,Private room,2,1,1,1,$75.00 ,29,1125,t,30,60,90,365,134,0,0,100,0,0,0,4.99,4.98,4.95,4.99,4.99,4.85,4.98,f,1,0,1,0,1.09
7910223,100%,99%,t,3,3,t,t,Jamaica Plain,42.31689,-71.1004,Entire guest suite,Entire home/apt,4,,1,,,3,14,t,0,0,0,0,341,20,2,0,32,120,,4.88,4.91,4.95,4.98,4.96,4.73,4.74,f,3,1,2,0,2.78
7911936,100%,100%,f,120,136,t,t,Beacon Hill,42.36017,-71.06346,Entire rental unit,Entire home/apt,2,1,0,1,$208.00 ,1,1124,t,4,17,47,316,238,29,3,56,14,174,36192,4.58,4.76,4.82,4.9,4.82,4.93,4.45,f,86,86,0,0,1.96
7913309,N/A,N/A,f,1,1,t,t,Downtown,42.35396,-71.06128,Entire rental unit,Entire home/apt,2,,,,,91,1125,t,0,0,0,0,21,0,0,0,0,0,,4.95,5,4.86,5,5,4.95,4.95,f,1,1,0,0,0.2
7916575,100%,100%,f,120,136,t,t,South End,42.34441,-71.07633,Entire rental unit,Entire home/apt,2,1,0,1,$106.00 ,1,1125,t,0,3,24,234,252,33,6,30,26,198,20988,4.54,4.76,4.72,4.77,4.78,4.91,4.45,f,86,86,0,0,2.42
7920759,N/A,N/A,f,1,4,t,t,Beacon Hill,42.3577537,-71.07018582,Entire condo,Entire home/apt,4,,2,,,29,30,t,0,0,0,0,35,0,0,0,0,0,,4.89,4.91,4.89,4.85,5,5,4.74,t,1,1,0,0,0.31
7927765,N/A,N/A,f,21,27,t,f,Dorchester,42.32404,-71.05822,Private room in rental unit,Private room,2,,,,,91,1125,,0,0,0,0,4,0,0,0,0,0,,4.5,5,4.25,5,5,4.75,4.75,f,8,0,8,0,0.04
7934491,N/A,N/A,f,21,27,t,f,Dorchester,42.32601,-71.05969,Private room in rental unit,Private room,2,,,,,91,1125,,0,0,0,0,1,0,0,0,0,0,,5,5,5,,5,,,f,8,0,8,0,0.01
7939556,N/A,N/A,f,21,27,t,f,Dorchester,42.3241,-71.05963,Private room in rental unit,Private room,2,,,,,91,1125,,0,0,0,0,1,0,0,0,0,0,,5,0,0,0,5,4,5,f,8,0,8,0,0.01
7949859,N/A,N/A,f,21,27,t,f,Dorchester,42.3242,-71.05839,Private room in rental unit,Private room,2,,,,,91,1125,,0,0,0,0,6,0,0,0,0,0,,4.5,4.67,4.33,4.83,4.67,4,4.17,f,8,0,8,0,0.05
7984226,N/A,N/A,f,1,1,t,t,North End,42.36388,-71.05765,Entire rental unit,Entire home/apt,2,,,,,91,1125,,0,0,0,0,0,0,0,0,0,0,,,,,,,,,f,1,1,0,0,
8014642,N/A,N/A,f,1,2,t,t,Roxbury,42.32554,-71.09757,Private room in home,Private room,2,,1,,,91,1125,,0,0,0,0,2,0,0,0,0,0,,3.5,4,3,4,4,3.5,3.5,f,1,0,1,0,0.02
8014683,N/A,N/A,f,1,1,t,t,Downtown,42.35308,-71.05804,Entire condo,Entire home/apt,2,,1,,,91,1125,,0,0,0,0,2,0,0,0,0,0,,5,5,5,5,5,4.5,5,f,1,1,0,0,0.02
8025718,100%,100%,f,120,136,t,t,South End,42.34447,-71.07644,Entire rental unit,Entire home/apt,1,1,0,1,$184.00 ,1,1125,t,8,24,54,322,117,3,0,63,0,18,3312,4.37,4.55,4.69,4.69,4.67,4.91,4.32,f,86,86,0,0,0.96
8055839,N/A,N/A,f,1,1,t,t,South Boston,42.33567,-71.05366,Entire rental unit,Entire home/apt,4,,2,,,91,1125,t,0,0,0,0,5,0,0,0,0,0,,4.4,4.5,4,5,4.8,4.2,4.2,t,1,1,0,0,0.04
8067585,N/A,N/A,f,1,1,t,t,Jamaica Plain,42.30439,-71.11454,Private room in home,Private room,2,,,,,91,1125,t,29,59,88,88,32,0,0,88,0,0,,4.97,5,4.97,5,5,4.91,4.94,f,1,0,1,0,0.27
8082512,100%,100%,f,120,136,t,t,South End,42.34441,-71.07633,Entire rental unit,Entire home/apt,2,,,,,1,1125,t,2,9,35,272,184,18,1,44,9,108,,4.48,4.61,4.72,4.77,4.77,4.92,4.38,t,86,86,0,0,1.52
8112652,33%,50%,f,4,19,t,t,Allston,42.3547,-71.13722,Private room in home,Private room,1,,1,,,91,1125,t,0,0,18,293,12,0,0,27,0,0,,4.75,4.83,4.75,4.92,4.92,4.58,4.67,f,3,0,3,0,0.1
8170181,100%,91%,,2,2,t,t,Beacon Hill,42.36105,-71.06645,Entire rental unit,Entire home/apt,3,1,1,1,$90.00 ,29,90,t,11,24,26,125,216,6,0,35,6,255,22950,4.76,4.87,4.79,4.93,4.92,4.98,4.72,f,1,1,0,0,1.77
8206536,100%,100%,f,120,136,t,t,South End,42.34441,-71.07633,Entire rental unit,Entire home/apt,2,1,0,1,$107.00 ,1,1125,t,0,4,24,235,320,60,6,25,44,255,27285,4.56,4.72,4.77,4.83,4.8,4.95,4.47,f,86,86,0,0,3.09
8231382,100%,100%,t,13,13,t,t,East Boston,42.37594,-71.03634,Entire condo,Entire home/apt,2,,1,,,85,1125,t,0,0,12,21,163,0,0,21,2,0,,4.38,4.56,4.34,4.75,4.73,4.26,4.39,f,2,2,0,0,1.36
8381472,N/A,N/A,f,1,1,t,t,South End,42.34274,-71.07832,Entire rental unit,Entire home/apt,4,,2,,,91,1125,t,0,0,0,0,0,0,0,0,0,0,,,,,,,,,f,1,1,0,0,
8390793,N/A,N/A,f,1,1,t,t,North End,42.36625,-71.05624,Private room in rental unit,Private room,1,,,,,91,1125,,0,0,0,0,0,0,0,0,0,0,,,,,,,,,f,1,0,1,0,
8403945,100%,100%,f,120,136,t,t,South End,42.34441,-71.07633,Entire rental unit,Entire home/apt,2,1,0,1,$127.00 ,1,1125,t,0,1,21,276,162,35,3,30,11,210,26670,4.57,4.65,4.77,4.82,4.81,4.87,4.35,f,86,86,0,0,1.55
8483020,100%,91%,t,1,1,t,t,West Roxbury,42.25481,-71.14593,Entire guesthouse,Entire home/apt,3,1,1,3,$136.00 ,4,90,t,7,37,67,67,201,15,1,67,23,120,16320,4.95,4.95,4.87,4.97,4.99,4.87,4.9,f,1,1,0,0,1.66
8490356,100%,94%,f,28,31,t,t,Hyde Park,42.25274,-71.11599,Private room in home,Private room,1,2,1,1,$66.00 ,29,1125,t,0,0,2,277,43,2,0,12,1,116,7656,4.74,4.88,4.67,4.84,4.93,4.63,4.74,t,5,0,5,0,0.35
8518237,100%,100%,t,3,3,t,t,Brighton,42.34196,-71.16095,Entire rental unit,Entire home/apt,2,1,1,1,$324.00 ,2,29,t,9,27,57,232,414,41,7,66,44,246,79704,4.99,4.98,4.98,4.97,4.99,4.9,4.9,f,1,1,0,0,3.4
8552338,N/A,N/A,f,5,6,t,t,Allston,42.35953,-71.13511,Private room in home,Private room,2,,,,,91,1125,t,0,0,0,0,27,0,0,0,0,0,,4.81,4.89,4.41,5,5,4.96,4.78,f,5,0,5,0,0.22
8553163,N/A,N/A,f,1,1,t,t,Back Bay,42.34542,-71.08055,Entire condo,Entire home/apt,4,1,1,5,$298.00 ,29,1125,t,24,54,84,263,119,0,0,93,0,0,0,4.89,4.94,4.92,4.97,4.97,4.99,4.76,f,1,1,0,0,1.15
8584276,100%,88%,f,3,3,t,t,Back Bay,42.34874,-71.08911,Entire condo,Entire home/apt,2,,2,,,180,1125,t,0,0,0,0,9,0,0,0,0,0,,4,4.33,4,4.78,4.33,4.89,4.22,t,1,1,0,0,0.07
8596566,100%,93%,t,4,18,t,t,South End,42.34587,-71.07257,Entire condo,Entire home/apt,4,1,2,2,$461.00 ,2,360,t,15,45,75,254,68,16,1,84,20,96,44256,4.9,4.84,4.81,4.97,4.94,5,4.72,f,1,1,0,0,0.56
8634599,N/A,N/A,f,7,9,t,f,Jamaica Plain,42.30928,-71.11108,Private room in guest suite,Private room,2,1,1,1,$141.00 ,91,1125,t,30,60,90,365,39,0,0,99,0,0,0,4.54,4.51,4.77,4.87,4.67,4.9,4.36,f,3,0,3,0,0.32
8645254,N/A,100%,f,2,2,t,t,Hyde Park,42.25907,-71.11893,Private room in home,Private room,1,1.5,1,1,$52.00 ,91,150,t,0,0,13,153,17,1,0,23,0,182,9464,5,5,5,5,5,4.65,5,f,1,0,1,0,0.16
8720718,100%,100%,t,2,2,t,t,Jamaica Plain,42.3168,-71.10721,Entire guest suite,Entire home/apt,2,1,1,1,$121.00 ,2,1125,t,0,16,36,112,718,76,7,36,81,255,30855,4.96,4.97,4.98,4.98,4.97,4.9,4.89,f,2,2,0,0,5.94
8732121,100%,100%,f,120,136,t,t,Beacon Hill,42.36017,-71.06346,Entire rental unit,Entire home/apt,2,1,0,1,$184.00 ,1,1125,t,0,10,40,256,308,5,1,49,11,30,5520,4.71,4.84,4.83,4.89,4.86,4.98,4.57,f,86,86,0,0,2.56
8734707,100%,92%,t,1,6,t,t,Roxbury,42.32776,-71.09194,Private room in townhouse,Private room,2,1,1,2,$105.00 ,4,43,t,6,30,31,31,247,26,2,31,22,208,21840,4.9,4.9,4.97,4.94,4.98,4.67,4.81,f,1,0,1,0,2.04
8884103,N/A,N/A,f,1,1,t,f,Beacon Hill,42.36048,-71.06417,Private room in rental unit,Private room,1,,1,,,91,1125,,0,0,0,0,0,0,0,0,0,0,,,,,,,,,f,1,0,1,0,
8904297,N/A,0%,f,2,3,t,f,Mattapan,42.27173,-71.07936,Private room in home,Private room,4,,,,,29,1125,,0,0,0,0,61,0,0,0,0,0,,4.59,4.85,4.7,4.71,4.79,4.19,4.66,f,2,0,2,0,0.54
8904656,N/A,0%,f,2,3,t,f,Mattapan,42.2719,-71.07935,Private room in home,Private room,4,,,,,29,1125,,0,0,0,0,37,0,0,0,0,0,,4.49,4.81,4.7,4.7,4.86,4.41,4.57,f,2,0,2,0,0.38
8908145,N/A,N/A,f,7,9,t,f,Jamaica Plain,42.30861,-71.11105,Private room in guest suite,Private room,2,1,1,1,$312.00 ,91,365,t,30,60,90,365,15,0,0,100,0,0,0,4.4,4.47,4.73,4.47,4.53,4.8,4.33,f,3,0,3,0,0.13
8923817,N/A,N/A,f,7,9,t,f,Jamaica Plain,42.30994,-71.11119,Private room in guest suite,Private room,2,3,2,2,$224.00 ,91,1125,t,30,60,90,365,23,0,0,100,0,0,0,4.48,4.35,4.83,4.64,4.65,4.91,4.32,f,3,0,3,0,0.19
8947232,100%,98%,f,27,30,t,t,Dorchester,42.28946,-71.06818,Private room in rental unit,Private room,1,1,1,1,$50.00 ,30,365,t,23,53,83,358,16,1,0,93,2,60,3000,4.31,4.5,4.5,5,4.88,4.07,4.33,f,27,5,22,0,0.13
9018434,100%,98%,t,7,12,t,t,Dorchester,42.29005,-71.06222,Entire rental unit,Entire home/apt,12,1,4,5,$541.00 ,1,31,t,0,0,20,291,22,0,0,29,1,0,0,4.73,4.73,4.91,4.91,4.86,4.64,4.77,f,7,2,5,0,0.18
9030478,100%,67%,,2,2,t,t,Roxbury,42.31438,-71.07606,Private room in home,Private room,2,1.5,1,1,$92.00 ,1,1125,t,0,0,0,158,55,14,0,0,34,84,7728,4.95,4.91,4.98,4.95,5,4.44,4.85,f,1,0,1,0,1.79
9078998,N/A,N/A,f,1,1,t,t,Beacon Hill,42.35867,-71.07008,Entire rental unit,Entire home/apt,2,,1,,,91,1125,,0,0,0,0,12,0,0,0,0,0,,4.67,4.42,4.67,4.91,4.92,4.91,4.82,f,1,1,0,0,0.1
9110103,90%,100%,t,2,3,t,t,Hyde Park,42.25742,-71.12604,Entire rental unit,Entire home/apt,6,1,2,2,$163.00 ,1,1125,t,0,0,0,80,5,2,0,0,0,12,1956,5,5,5,5,5,5,5,f,1,1,0,0,0.14
9110708,N/A,N/A,f,1,1,t,t,Allston,42.35326,-71.127,Entire rental unit,Entire home/apt,3,,1,,,91,1125,t,0,0,0,0,0,0,0,0,0,0,,,,,,,,,f,1,1,0,0,
9114896,100%,78%,t,1,2,t,t,Brighton,42.35475,-71.15875,Entire rental unit,Entire home/apt,4,1,2,2,$102.00 ,29,360,t,0,0,0,214,75,4,1,8,3,232,23664,4.72,4.88,4.89,4.93,4.93,4.71,4.75,f,1,1,0,0,0.63
9130532,N/A,N/A,f,1,1,t,f,Fenway,42.34753,-71.10353,Entire rental unit,Entire home/apt,2,,,,,91,1125,,0,0,0,0,2,0,0,0,0,0,,4.5,5,5,5,5,5,4.5,f,1,1,0,0,0.02
9133627,100%,100%,f,120,136,t,t,Beacon Hill,42.36017,-71.06346,Entire rental unit,Entire home/apt,2,1,0,1,$191.00 ,1,1125,t,1,16,46,296,306,30,2,55,32,180,34380,4.57,4.81,4.81,4.83,4.82,4.92,4.51,f,86,86,0,0,2.83
9148781,100%,96%,t,7,8,t,t,South End,42.34299,-71.07305,Entire rental unit,Entire home/apt,2,1,1,1,$193.00 ,91,365,t,0,0,2,181,23,3,0,11,1,255,49215,4.83,4.78,4.91,4.87,5,4.96,4.48,f,7,7,0,0,0.19
9166393,N/A,N/A,f,1,4,t,t,Roxbury,42.32708,-71.09752,Private room in home,Private room,2,,,,,91,1125,t,0,0,0,0,1,0,0,0,0,0,,5,,5,,5,,,f,1,0,1,0,0.01
9216838,N/A,N/A,f,1,2,t,f,Allston,42.35291,-71.12859,Private room in rental unit,Private room,2,,,,,91,1125,t,0,0,0,0,10,0,0,0,0,0,,4.9,4.9,4.6,5,5,5,5,f,1,0,1,0,0.08
9218312,N/A,N/A,f,1,2,t,t,Roslindale,42.29021,-71.13046,Private room in guest suite,Private room,2,1,1,1,$150.00 ,29,1125,t,30,60,89,89,139,0,0,89,0,0,0,4.96,4.99,5,4.99,4.98,4.81,4.92,f,1,0,1,0,1.17
9292118,100%,100%,t,1,4,t,t,West Roxbury,42.27843,-71.16233,Entire rental unit,Entire home/apt,4,1,2,2,$237.00 ,4,180,t,7,37,67,78,240,29,3,77,27,232,54984,4.85,4.88,4.84,4.96,4.93,4.78,4.73,f,1,1,0,0,2.01
9301075,N/A,N/A,f,2,3,t,t,West Roxbury,42.2779,-71.14423,Private room in bungalow,Private room,2,,,,,29,1125,t,0,0,0,0,66,0,0,0,0,0,,4.91,5,4.97,5,4.98,4.77,4.92,f,2,0,2,0,0.55
9340410,N/A,N/A,f,2,3,t,t,West Roxbury,42.2779,-71.14423,Private room in bungalow,Private room,4,,2,,,29,1125,t,0,0,0,0,133,0,0,0,0,0,,4.92,4.99,4.98,5,4.99,4.85,4.95,f,2,0,2,0,1.16
9349614,N/A,N/A,f,2,2,t,t,Jamaica Plain,42.30627,-71.10763,Entire rental unit,Entire home/apt,4,,2,,,91,1125,t,0,0,0,0,1,0,0,0,0,0,,4,5,4,5,5,4,4,f,2,1,1,0,0.01
9349646,N/A,N/A,f,2,2,t,t,Jamaica Plain,42.30571,-71.10567,Private room in rental unit,Private room,2,,1,,,91,1125,,0,0,0,0,1,0,0,0,0,0,,5,5,5,5,5,5,5,f,2,1,1,0,0.01
9382898,N/A,N/A,f,1,4,t,t,East Boston,42.38074,-71.03767,Private room in rental unit,Private room,2,,,,,91,1125,,0,0,0,0,267,0,0,0,0,0,,4.72,4.88,4.86,4.82,4.6,4.6,4.75,f,1,0,1,0,2.27
9393163,N/A,N/A,f,1,1,t,f,Fenway,42.34971,-71.09535,Private room in rental unit,Private room,2,,,,,91,1125,t,0,0,0,0,0,0,0,0,0,0,,,,,,,,,t,1,0,1,0,
9473816,N/A,N/A,f,1,2,t,t,Back Bay,42.35166,-71.07955,Entire rental unit,Entire home/apt,5,,1,,,91,1125,,0,0,0,0,2,0,0,0,0,0,,5,5,5,5,5,5,5,f,1,1,0,0,0.02
9532771,N/A,N/A,f,1,1,t,f,Jamaica Plain,42.32112,-71.1145,Private room in rental unit,Private room,2,,,,,91,1125,,0,0,0,0,0,0,0,0,0,0,,,,,,,,,f,1,0,1,0,
9616816,25%,N/A,f,2,3,t,t,Roxbury,42.33445358,-71.07862854,Entire condo,Entire home/apt,3,2.5,2,3,$290.00 ,91,180,t,27,57,87,362,0,0,0,97,0,0,0,,,,,,,,f,2,1,1,0,
9685076,100%,98%,f,27,30,t,t,Dorchester,42.30489,-71.07071,Private room in rental unit,Private room,1,1,1,1,$43.00 ,30,365,t,5,35,65,340,24,1,0,75,2,60,2580,4.54,4.63,4.38,4.88,4.92,4.04,4.58,f,27,5,22,0,0.21
9685085,100%,98%,f,27,30,t,t,Dorchester,42.28885,-71.07005,Private room in rental unit,Private room,1,1,1,1,$45.00 ,30,730,t,0,0,0,259,27,2,0,0,3,120,5400,4.7,4.67,4.7,4.89,4.74,4.52,4.41,f,27,5,22,0,0.24
9751520,N/A,N/A,f,1,1,t,t,East Boston,42.36583,-71.03529,Entire rental unit,Entire home/apt,2,,1,,,91,1125,,0,0,0,0,2,0,0,0,0,0,,4.5,5,5,5,4.5,5,4.5,f,1,1,0,0,0.02
9834727,100%,40%,f,1,1,t,t,North End,42.36594,-71.05669,Entire condo,Entire home/apt,2,1,1,1,$168.00 ,29,1125,t,26,56,86,176,181,2,0,96,2,116,19488,4.64,4.71,4.21,4.85,4.88,4.98,4.62,f,1,1,0,0,1.53
9878725,N/A,N/A,f,5,6,t,t,Allston,42.36152,-71.13333,Private room in home,Private room,2,,,,,91,1125,t,0,0,0,0,1,0,0,0,0,0,,5,5,5,5,5,5,5,f,5,0,5,0,0.01
9941923,N/A,N/A,f,1,1,t,f,Fenway,42.35054,-71.09779,Entire rental unit,Entire home/apt,6,,2,,,91,1125,t,0,0,0,0,0,0,0,0,0,0,,,,,,,,,f,1,1,0,0,
9970895,N/A,N/A,f,1,2,t,f,South End,42.33512,-71.0743,Entire condo,Entire home/apt,2,,1,,,91,1125,t,0,0,0,0,6,0,0,0,0,0,,5,5,5,5,5,5,4.33,f,1,1,0,0,0.05
10008626,N/A,N/A,f,1,3,t,t,Chinatown,42.34862,-71.06172,Entire rental unit,Entire home/apt,4,1,2,2,$125.00 ,91,1125,t,0,0,0,0,19,0,0,0,1,0,0,4.79,4.79,4.63,5,5,4.84,4.63,f,1,1,0,0,0.16
10123024,N/A,0%,f,1,1,t,t,Allston,42.35128,-71.13059,Entire rental unit,Entire home/apt,2,,1,,,91,1124,t,0,0,1,180,5,0,0,10,0,0,,4.2,4.6,4,4.8,4.8,5,4.6,t,1,1,0,0,0.06
10132073,100%,80%,f,1,2,t,t,East Boston,42.37126,-71.03893,Entire condo,Entire home/apt,2,1,1,1,$179.00 ,29,90,t,26,41,71,251,84,9,1,81,5,255,45645,4.9,4.96,4.83,4.99,4.96,4.95,4.84,f,1,1,0,0,0.75
10299047,N/A,67%,f,1,1,t,f,Jamaica Plain,42.31431,-71.10305,Entire condo,Entire home/apt,2,1,2,2,$135.00 ,45,365,t,0,20,50,230,53,2,0,60,1,180,24300,4.72,4.85,4.58,4.89,4.98,4.74,4.62,f,1,1,0,0,0.46
10427199,10%,0%,f,8,11,t,t,South End,42.3431,-71.07854,Entire rental unit,Entire home/apt,2,1,1,0,$219.00 ,29,1125,t,0,0,0,0,103,0,0,0,0,0,0,4.55,4.62,4.69,4.75,4.75,4.87,4.59,f,8,8,0,0,0.88
10427882,10%,0%,f,8,11,t,t,South End,42.3432,-71.07846,Entire rental unit,Entire home/apt,4,1,1,0,$207.00 ,29,1125,t,0,0,0,0,69,0,0,0,0,0,0,4.55,4.64,4.49,4.83,4.71,4.84,4.48,f,8,8,0,0,0.59
10524872,100%,100%,t,4,4,t,t,Brighton,42.34488,-71.15435,Private room in home,Private room,1,1,1,1,$42.00 ,60,400,t,0,0,0,115,16,0,0,0,0,0,0,4.69,4.63,4.31,5,4.88,4.63,4.81,f,4,0,4,0,0.14
10575430,100%,98%,f,27,30,t,t,Dorchester,42.30027,-71.06324,Entire rental unit,Entire home/apt,4,1,4,4,$155.00 ,30,365,t,26,50,76,350,3,0,0,84,0,0,0,4.67,4,3.33,5,5,4.33,4.67,f,27,5,22,0,0.03
10749312,100%,80%,f,1,1,t,t,Jamaica Plain,42.31659,-71.10565,Entire home,Entire home/apt,5,2,3,3,$336.00 ,3,7,t,3,3,21,21,54,6,1,21,5,36,12096,4.93,4.93,4.94,4.98,4.96,4.93,4.81,f,1,1,0,0,0.48
10787333,100%,57%,t,1,1,t,t,Roxbury,42.32777,-71.09331,Entire rental unit,Entire home/apt,2,1,1,1,$144.00 ,5,730,t,8,32,62,331,96,8,0,71,15,80,11520,4.94,4.95,5,4.98,5,4.71,4.8,f,1,1,0,0,0.85
10835494,100%,93%,t,2,2,t,t,Brighton,42.33786,-71.15137,Entire loft,Entire home/apt,4,1,2,2,$300.00 ,29,1125,t,0,21,51,325,74,1,1,61,0,58,17400,4.81,4.88,4.89,4.93,4.92,4.88,4.71,f,1,1,0,0,0.66
10883063,N/A,N/A,f,2,2,t,t,Jamaica Plain,42.32385,-71.10746,Entire home,Entire home/apt,3,2,2,2,$85.00 ,91,1125,t,30,60,90,90,70,0,0,90,0,0,0,4.79,4.88,4.83,4.94,4.97,4.69,4.86,f,1,1,0,0,0.6
11202183,100%,98%,t,1,2,t,t,Beacon Hill,42.35786,-71.06482,Entire guest suite,Entire home/apt,3,1,0,2,$285.00 ,1,31,t,5,18,46,218,816,79,4,55,100,255,72675,4.86,4.87,4.94,4.95,4.95,4.96,4.67,f,1,1,0,0,7.23
11240774,N/A,N/A,f,1,1,t,f,Fenway,42.34547,-71.10365,Entire rental unit,Entire home/apt,2,,1,,,91,1125,t,0,0,0,0,14,0,0,0,0,0,,4.71,4.93,4.79,4.79,4.64,4.86,4.71,f,1,1,0,0,0.12
11258721,100%,98%,f,27,30,t,t,Dorchester,42.303,-71.07109,Private room in rental unit,Private room,1,1,1,1,$45.00 ,30,365,t,0,0,4,279,19,2,0,14,2,120,5400,4.68,4.78,4.83,4.94,4.94,4.11,4.88,f,27,5,22,0,0.17
11282071,N/A,N/A,f,1,1,t,t,Downtown,42.35208,-71.06282,Private room in rental unit,Private room,2,,1,,,91,1125,,0,0,0,0,0,0,0,0,0,0,,,,,,,,,f,1,0,1,0,
11357756,100%,71%,t,3,7,t,t,Downtown,42.35145,-71.06461,Entire rental unit,Entire home/apt,2,1,0,2,$180.00 ,91,1125,t,0,0,1,275,43,0,0,10,2,0,0,4.07,4.37,4.44,4.77,4.72,4.83,4.21,f,3,3,0,0,0.4
11376403,100%,98%,f,27,30,t,t,Dorchester,42.30372,-71.07226,Private room in rental unit,Private room,1,1,1,1,$43.00 ,30,365,t,29,59,89,364,20,0,0,99,2,0,0,4.65,4.5,4.35,4.7,4.8,4,4.5,f,27,5,22,0,0.17
11521541,83%,100%,f,3,4,t,f,Charlestown,42.38231,-71.06871,Entire home,Entire home/apt,10,3,4,4,"$1,288.00 ",29,1125,t,22,52,82,346,10,0,0,92,0,0,0,4.4,4.33,4.22,4.22,4,4.33,4.11,t,1,1,0,0,0.09
11592154,N/A,N/A,f,1,1,t,f,Fenway,42.34942,-71.0955,Private room in rental unit,Private room,2,,,,,91,1125,,0,0,0,0,2,0,0,0,0,0,,5,5,4,5,5,5,5,f,1,0,1,0,0.02
11639480,N/A,N/A,f,1,3,t,t,Roxbury,42.30877,-71.08654,Private room in home,Private room,1,,,,,91,1125,,0,0,0,0,13,0,0,0,0,0,,4.77,4.69,4.69,4.85,4.92,4.38,4.85,f,1,0,1,0,0.12
11656698,67%,65%,f,4,4,t,t,Roxbury,42.32378,-71.09648,Entire rental unit,Entire home/apt,4,1,2,2,$115.00 ,30,365,t,0,0,0,85,230,3,0,0,3,180,20700,4.77,4.88,4.9,4.87,4.73,4.54,4.78,f,4,4,0,0,1.99
11739985,N/A,N/A,f,2,2,t,t,Jamaica Plain,42.31937,-71.10497,Private room in home,Private room,5,,2,,,29,30,t,0,0,0,0,180,0,0,0,0,0,,4.87,4.88,4.86,4.94,4.94,4.93,4.8,f,1,0,1,0,1.56
11759332,100%,98%,f,27,30,t,t,Dorchester,42.28921,-71.06337,Private room in rental unit,Private room,1,,,,,30,365,t,26,56,86,361,16,1,0,95,1,60,,4.69,4.81,4.38,4.69,4.88,4.69,4.5,f,27,5,22,0,0.18
11760822,100%,99%,t,4,7,t,t,Brighton,42.34091,-71.15012,Entire rental unit,Entire home/apt,4,1,1,1,$104.00 ,31,360,t,0,17,39,39,130,1,1,39,2,62,6448,4.85,4.92,4.91,4.89,4.95,4.82,4.81,f,2,2,0,0,1.13
11799953,100%,97%,t,2,2,t,t,South End,42.3428,-71.07836,Entire rental unit,Entire home/apt,2,1,0,2,$271.00 ,3,730,t,9,39,64,243,83,12,3,73,11,72,19512,4.92,4.9,4.96,4.94,4.9,4.98,4.76,f,2,2,0,0,1.04
11813641,100%,0%,f,2,5,t,t,North End,42.36538,-71.05159,Entire condo,Entire home/apt,2,1,1,1,$130.00 ,91,368,t,0,0,0,22,22,0,0,0,0,0,0,4.64,4.9,5,5,4.81,4.85,4.6,f,2,2,0,0,0.21
11871190,100%,100%,t,4,4,t,t,Brighton,42.3454,-71.1532,Private room in home,Private room,1,1,1,1,$42.00 ,60,400,t,0,0,9,284,20,4,0,18,3,255,10710,4.85,4.85,4.4,5,5,4.85,4.85,f,4,0,4,0,0.18
11973196,N/A,N/A,f,2,3,t,t,Downtown,42.35308,-71.06179,Entire rental unit,Entire home/apt,4,,2,,,91,1125,t,0,0,0,0,0,0,0,0,0,0,,,,,,,,,f,1,1,0,0,
12040113,100%,93%,t,10,11,t,t,Mattapan,42.27178,-71.07731,Entire guest suite,Entire home/apt,4,,2,,,29,1125,t,0,0,0,11,205,1,0,0,3,58,,4.77,4.89,4.86,4.94,4.95,4.59,4.76,f,6,6,0,0,2.07
12067685,N/A,N/A,f,1,1,t,t,Chinatown,42.34942,-71.06341,Entire rental unit,Entire home/apt,4,,1,,,91,1125,,0,0,0,0,7,0,0,0,0,0,,4.29,4.57,4.14,4.43,4.71,4.57,4.57,f,1,1,0,0,0.06
12103501,100%,98%,f,27,30,t,t,Dorchester,42.30586,-71.07225,Private room in rental unit,Private room,1,1,1,1,$40.00 ,30,365,t,23,53,83,358,22,4,1,92,4,240,9600,4.59,4.82,4.32,5,5,4.18,4.36,f,27,5,22,0,0.19
12170576,N/A,N/A,f,1,8,t,t,Roslindale,42.27995,-71.13042,Private room in home,Private room,2,,,,,91,1125,t,30,60,89,89,3,0,0,89,0,0,,5,5,5,5,5,5,5,f,1,0,1,0,0.04
12175961,100%,98%,f,27,30,t,t,Dorchester,42.28793,-71.06812,Private room in rental unit,Private room,1,,,,,30,365,t,0,20,50,325,15,3,1,59,3,180,,4.6,4.6,4.53,4.87,4.8,4.33,4.53,f,27,5,22,0,0.13
12205324,N/A,N/A,f,1,1,t,f,Back Bay,42.35218,-71.08103,Entire rental unit,Entire home/apt,3,,1,,,91,1125,,0,0,0,0,0,0,0,0,0,0,,,,,,,,,f,1,1,0,0,
12232615,N/A,N/A,f,1,1,t,f,Downtown,42.35415,-71.0623,Private room in rental unit,Private room,2,,,,,91,1125,,0,0,0,0,0,0,0,0,0,0,,,,,,,,,f,1,0,1,0,
12253499,N/A,N/A,f,1,1,t,t,Allston,42.34981,-71.13209,Entire rental unit,Entire home/apt,1,,,,,91,1125,,0,0,0,0,40,0,0,0,0,0,,4.65,4.8,4.88,4.75,4.73,4.78,4.65,f,1,1,0,0,0.35
12264926,N/A,N/A,f,1,1,t,f,Back Bay,42.35307,-71.08224,Entire rental unit,Entire home/apt,2,,,,,91,1125,,0,0,0,0,0,0,0,0,0,0,,,,,,,,,f,1,1,0,0,
12269155,100%,N/A,t,1,1,t,f,Downtown,42.36332,-71.05897,Entire condo,Entire home/apt,2,1,1,1,$208.00 ,29,365,t,0,21,51,326,405,1,0,61,5,58,12064,4.85,4.93,4.89,4.96,4.96,4.94,4.81,t,1,1,0,0,3.52
12287958,100%,92%,t,11,17,t,t,South End,42.34218,-71.07334,Entire rental unit,Entire home/apt,2,1,0,0,$282.00 ,3,90,t,8,14,14,14,77,3,1,14,5,18,5076,4.96,4.99,4.97,4.95,4.99,4.97,4.82,f,6,3,3,0,0.67
12320063,N/A,N/A,f,1,2,t,f,Mission Hill,42.33233,-71.10948,Private room in rental unit,Private room,1,,,,,91,1125,t,0,0,0,0,3,0,0,0,0,0,,4.67,4.67,4.33,5,5,5,4.67,f,1,0,1,0,0.03
12336281,100%,100%,t,4,4,t,t,Brighton,42.34504,-71.15406,Private room in home,Private room,1,1,1,1,$39.00 ,60,400,t,5,5,5,92,22,3,0,5,2,255,9945,4.64,4.82,4.36,5,4.82,4.73,4.45,f,4,0,4,0,0.2
12343708,100%,0%,f,31,34,t,t,Dorchester,42.30536,-71.07221,Private room in home,Private room,1,,2,,,91,999,t,30,60,90,365,9,0,0,99,0,0,,4.89,4.89,4.56,5,5,4,4.78,f,31,0,31,0,0.08
12344142,100%,100%,t,1,1,t,t,East Boston,42.37032,-71.03974,Entire rental unit,Entire home/apt,2,1,1,2,$110.00 ,91,365,t,0,0,23,166,124,2,0,32,1,255,28050,4.83,4.94,4.77,4.93,4.94,4.85,4.84,t,1,1,0,0,1.35
12351909,100%,93%,t,5,5,t,t,Roxbury,42.32818,-71.09547,Entire rental unit,Entire home/apt,4,1,0,2,$128.00 ,91,1125,t,28,58,88,178,191,0,0,98,0,0,0,4.76,4.92,4.8,4.97,4.96,4.65,4.78,f,5,5,0,0,1.66
12372052,100%,97%,t,22,26,t,t,Charlestown,42.38348,-71.07678,Entire rental unit,Entire home/apt,4,1,2,1,$163.00 ,29,1125,t,0,0,0,179,63,0,0,0,0,0,0,4.71,4.94,4.97,4.97,4.95,4.45,4.75,f,12,3,9,0,0.56
12382239,N/A,N/A,f,1,5,t,t,Downtown,42.36588,-71.0613,Entire rental unit,Entire home/apt,4,,2,,,91,1125,t,0,0,0,0,6,0,0,0,0,0,,4.83,4.83,4.83,4.67,4.83,4.83,4.83,f,1,1,0,0,0.05
12409042,100%,96%,t,17,57,t,t,Allston,42.3605,-71.12633,Private room in home,Private room,2,1,1,1,$79.00 ,3,90,t,4,23,49,229,372,42,2,59,41,252,19908,4.82,4.87,4.9,4.9,4.87,4.65,4.77,f,12,2,10,0,3.27
12496332,N/A,N/A,f,1,4,t,t,South End,42.33726,-71.07787,Private room in rental unit,Private room,2,,,,,91,1125,,0,0,0,0,0,0,0,0,0,0,,,,,,,,,f,1,0,1,0,
12581300,N/A,N/A,f,1,1,t,f,South Boston,42.33118,-71.0535,Private room in home,Private room,2,,,,,91,1125,t,0,0,0,0,11,0,0,0,0,0,,4.91,5,4.91,5,5,4.45,5,f,1,0,1,0,0.1
12599820,N/A,N/A,f,1,1,t,t,North End,42.36718,-71.05657,Entire condo,Entire home/apt,2,,1,,,91,1125,t,0,0,0,0,2,0,0,0,0,0,,5,5,5,5,5,5,5,t,1,1,0,0,0.02
12618291,N/A,N/A,f,1,1,t,t,West Roxbury,42.27947,-71.15314,Entire home,Entire home/apt,6,3,5,6,$650.00 ,29,730,t,23,53,83,358,12,0,0,93,0,0,0,5,4.92,5,5,5,4.83,4.92,f,1,1,0,0,0.11
12672097,100%,100%,t,2,2,t,t,Fenway,42.34626,-71.09049,Entire rental unit,Entire home/apt,4,1,2,2,$307.00 ,2,90,t,11,22,28,28,325,39,3,28,38,234,71838,4.87,4.91,4.79,4.89,4.92,4.97,4.74,f,1,1,0,0,3.23
12756776,N/A,N/A,f,1,3,t,t,Roxbury,42.32647,-71.09557,Entire rental unit,Entire home/apt,8,1,3,4,$201.00 ,91,1125,t,30,60,90,180,17,0,0,100,0,0,0,4.29,4.29,4.47,4.73,4.88,4.27,4.47,f,1,1,0,0,0.15
12899321,90%,99%,t,266,1126,t,t,Chinatown,42.35184,-71.06003,Entire rental unit,Entire home/apt,3,1,1,1,$269.00 ,32,270,t,0,18,48,317,4,0,0,57,0,0,0,5,5,5,5,5,4.5,4.75,t,43,43,0,0,0.04
12901078,100%,64%,f,6,7,t,t,Mattapan,42.27644,-71.07681,Private room in home,Private room,2,1.5,1,1,$100.00 ,29,1125,t,22,52,82,357,42,0,0,92,0,0,0,4.64,4.68,4.78,4.78,4.76,4.6,4.63,f,6,0,6,0,0.37
12949270,100%,100%,f,2,2,t,t,Jamaica Plain,42.32068245,-71.1142983,Private room in rental unit,Private room,2,1,1,1,$99.00 ,91,1125,t,1,1,4,279,13,1,0,13,0,182,18018,4.85,4.92,4.92,5,4.77,4.91,4.91,f,2,0,2,0,0.11
12949309,90%,99%,t,266,1126,t,t,Downtown,42.3529,-71.05992,Entire rental unit,Entire home/apt,5,2,2,2,$377.00 ,32,270,t,30,60,90,359,2,0,0,99,0,0,0,5,5,5,5,5,5,4.5,t,43,43,0,0,0.02
12950332,100%,0%,f,31,34,t,t,Dorchester,42.30536,-71.07221,Private room in rental unit,Private room,1,1,2,1,$39.00 ,91,999,t,30,60,90,365,9,0,0,100,0,0,0,4.78,4.78,4.67,5,5,4.44,4.78,f,31,0,31,0,0.08
13032590,100%,97%,t,22,26,t,t,Charlestown,42.38187,-71.07734,Entire rental unit,Entire home/apt,6,1,3,3,$190.00 ,1,500,t,1,11,33,233,628,61,6,35,69,255,48450,4.89,4.91,4.95,4.94,4.96,4.74,4.83,t,12,3,9,0,5.58
13044229,N/A,N/A,f,1,1,t,t,South Boston,42.32818,-71.05512,Entire rental unit,Entire home/apt,2,,1,,,91,1125,t,0,0,0,0,18,0,0,0,0,0,,4.78,4.83,4.83,5,4.94,4.61,4.89,f,1,1,0,0,0.16
13046581,100%,100%,f,1,3,t,t,West Roxbury,42.25979,-71.15911,Entire rental unit,Entire home/apt,6,1,3,3,$150.00 ,3,365,t,4,23,50,325,254,5,0,60,7,30,4500,4.74,4.8,4.91,4.89,4.91,4.48,4.75,f,1,1,0,0,2.33
13062783,N/A,N/A,f,1,1,t,t,Mission Hill,42.33074,-71.10697,Private room in rental unit,Private room,1,,,,,91,1125,t,0,0,0,0,4,0,0,0,0,0,,4.25,4,3.5,4.5,4.75,4.5,3.5,f,1,0,1,0,0.04
13063952,100%,97%,t,22,26,t,t,Charlestown,42.38362,-71.07863,Private room in rental unit,Private room,2,1,1,1,$64.00 ,29,1125,t,8,8,8,215,33,4,0,8,1,232,14848,4.85,4.76,4.85,4.91,4.91,4.61,4.79,f,12,3,9,0,0.29
13082258,N/A,N/A,f,1,1,t,f,Fenway,42.34353,-71.08998,Private room in rental unit,Private room,1,,1,,,91,1125,,0,0,0,0,1,0,0,0,0,0,,4,5,4,5,5,5,5,f,1,0,1,0,0.01
13083058,N/A,N/A,f,1,1,t,t,Fenway,42.34712,-71.1039,Entire rental unit,Entire home/apt,2,,,,,91,1125,t,0,0,0,0,12,0,0,0,0,0,,5,5,5,4.92,5,5,4.92,f,1,1,0,0,0.11
13091712,100%,100%,t,2,2,t,t,Charlestown,42.38061,-71.06905,Entire townhouse,Entire home/apt,8,,4,,,2,28,t,0,0,0,0,82,11,1,0,12,66,,4.96,4.96,4.98,4.98,4.96,4.94,4.87,f,1,1,0,0,0.91
13166405,100%,100%,t,4,4,t,t,Brighton,42.34636,-71.15563,Private room in home,Private room,1,1,1,1,$44.00 ,60,400,t,4,9,9,152,11,1,0,9,3,120,5280,4.91,5,4.55,5,4.91,4.73,4.91,f,4,0,4,0,0.1
13173203,94%,59%,f,21,29,t,t,North End,42.3665,-71.05428,Entire rental unit,Entire home/apt,4,1,1,1,$130.00 ,32,1125,t,25,55,85,360,40,0,0,95,0,0,0,4.1,4.53,4.35,4.32,4.66,4.95,4.26,f,12,12,0,0,0.35
13173362,94%,59%,f,21,29,t,t,Back Bay,42.34777,-71.08493,Entire condo,Entire home/apt,2,1,1,1,$202.00 ,32,1125,t,14,14,43,318,6,2,0,52,1,128,25856,5,5,4.83,5,5,5,4.67,f,12,12,0,0,0.09
13188501,94%,59%,f,21,29,t,t,Beacon Hill,42.36104,-71.07129,Entire rental unit,Entire home/apt,2,1,0,1,$110.00 ,32,1125,t,0,0,0,267,15,0,0,1,0,0,0,4.27,4.67,4.53,4.4,4.87,4.93,4.47,f,12,12,0,0,0.13
13189819,100%,N/A,f,2,6,t,t,Allston,42.36078931,-71.1297367,Private room in rental unit,Private room,2,2,1,1,$70.00 ,91,365,t,0,0,6,281,0,0,0,16,0,0,0,,,,,,,,t,2,0,2,0,
13239143,100%,0%,f,31,34,t,t,Dorchester,42.30536,-71.07221,Private room in rental unit,Private room,1,1,2,1,$50.00 ,91,999,t,30,60,90,365,7,0,0,100,0,0,0,5,4.86,5,5,5,4.86,5,f,31,0,31,0,0.06
13239882,100%,0%,f,31,34,t,t,Roxbury,42.31676,-71.08,Private room in rental unit,Private room,1,2,2,1,$39.00 ,91,999,t,30,60,90,365,0,0,0,100,0,0,0,,,,,,,,f,31,0,31,0,
13242393,100%,0%,f,31,34,t,t,Dorchester,42.30536,-71.07221,Private room in rental unit,Private room,1,1,1,1,$39.00 ,91,999,t,30,60,90,365,3,0,0,100,0,0,0,5,5,5,5,5,4.33,5,f,31,0,31,0,0.03
13249829,N/A,N/A,f,1,2,t,t,Beacon Hill,42.35964,-71.06967,Entire rental unit,Entire home/apt,4,,2,,,60,120,t,0,0,0,0,7,0,0,0,0,0,,5,5,4.71,5,5,5,5,f,1,1,0,0,0.06
13249923,100%,0%,f,31,34,t,t,Dorchester,42.30536,-71.07221,Private room in rental unit,Private room,1,1,2,1,$39.00 ,91,999,t,30,60,90,365,3,0,0,100,0,0,0,5,5,5,5,5,5,5,f,31,0,31,0,0.03
13258244,100%,100%,t,8,11,t,t,Roxbury,42.31837,-71.09037,Private room in rental unit,Private room,1,1.5,1,1,$37.00 ,30,180,t,7,23,53,143,24,2,0,63,2,120,4440,4.96,4.92,4.96,5,4.96,4.75,4.88,f,8,1,7,0,0.21
13298137,100%,0%,f,31,34,t,t,Roxbury,42.31676,-71.08,Private room in rental unit,Private room,1,,2,,,91,1125,t,30,60,90,365,2,0,0,99,0,0,,5,5,5,5,5,5,5,f,31,0,31,0,0.02
13333623,N/A,N/A,f,1,1,t,t,South Boston,42.33234,-71.04269,Entire condo,Entire home/apt,3,,1,,,91,1125,,0,0,0,0,0,0,0,0,0,0,,,,,,,,,f,1,1,0,0,
13378923,100%,95%,t,3,4,t,t,South End,42.34347,-71.07368,Entire rental unit,Entire home/apt,2,1,0,1,$166.00 ,29,360,t,8,38,66,66,176,0,0,66,2,0,0,4.95,4.95,4.99,4.98,4.98,4.97,4.84,f,3,3,0,0,1.58
13378936,100%,95%,t,3,4,t,t,South End,42.34347,-71.07368,Entire rental unit,Entire home/apt,4,1,1,1,$158.00 ,29,365,t,15,45,75,350,147,3,0,84,2,174,27492,4.95,4.97,4.96,4.98,4.99,4.97,4.86,f,3,3,0,0,1.31
13391640,N/A,N/A,f,1,1,t,f,Back Bay,42.35523,-71.07589,Entire rental unit,Entire home/apt,2,,,,,91,1125,,0,0,0,0,10,0,0,0,0,0,,4.3,4.7,4,4.6,4.5,5,4.56,f,1,1,0,0,0.09
13393418,100%,100%,f,1,1,t,t,East Boston,42.37611,-71.03578,Entire rental unit,Entire home/apt,2,1,1,1,$143.00 ,1,25,t,0,10,30,272,943,87,8,39,104,255,36465,4.75,4.83,4.86,4.93,4.93,4.63,4.67,f,1,1,0,0,8.44
13394184,N/A,N/A,f,1,1,t,t,East Boston,42.36946,-71.03422,Private room in rental unit,Private room,1,,1,,,91,1125,,0,0,0,0,0,0,0,0,0,0,,,,,,,,,f,1,0,1,0,
13422887,100%,0%,f,31,34,t,t,Roxbury,42.31676,-71.08,Private room in rental unit,Private room,1,2,2,1,$36.00 ,91,999,t,30,60,90,365,1,0,0,100,0,0,0,5,5,5,5,5,5,5,f,31,0,31,0,0.01
13494185,100%,95%,t,3,4,t,t,South End,42.34382,-71.07368,Entire rental unit,Entire home/apt,2,,1,,,29,360,t,5,5,5,5,185,4,0,5,4,232,,4.93,4.96,4.97,4.97,4.95,4.96,4.85,f,3,3,0,0,1.65
13578425,100%,0%,f,31,34,t,t,Dorchester,42.30536,-71.07221,Private room in rental unit,Private room,1,1,2,1,$35.00 ,91,999,t,30,60,90,365,2,0,0,100,0,0,0,5,5,5,5,5,4.5,5,f,31,0,31,0,0.02
13613229,100%,97%,t,2,3,t,t,Hyde Park,42.26145,-71.11662,Entire home,Entire home/apt,6,1,2,3,$124.00 ,2,100,t,6,28,53,328,351,37,4,63,37,222,27528,4.9,4.95,4.91,4.96,4.95,4.66,4.81,f,2,2,0,0,3.42
13613812,N/A,N/A,f,21,27,t,f,Dorchester,42.32445,-71.05828,Private room in rental unit,Private room,2,,,,,91,1125,,0,0,0,0,0,0,0,0,0,0,,,,,,,,,f,8,0,8,0,
13657486,N/A,N/A,f,1,1,t,f,Downtown,42.34923,-71.05648,Entire condo,Entire home/apt,4,,2,,,180,1125,,0,0,0,0,2,0,0,0,0,0,,5,5,5,5,5,5,5,f,1,1,0,0,0.02
13672165,N/A,N/A,f,1,3,t,f,South Boston,42.34131,-71.05361,Entire condo,Entire home/apt,4,,2,,,91,1125,,0,0,0,0,0,0,0,0,0,0,,,,,,,,,f,1,1,0,0,
13675884,100%,0%,f,31,34,t,t,Dorchester,42.30536,-71.07221,Private room in rental unit,Private room,1,1,2,1,$39.00 ,91,999,t,30,60,90,365,2,0,0,100,0,0,0,5,5,5,5,5,5,5,f,31,0,31,0,0.02
13796564,N/A,N/A,f,1,1,t,f,Roxbury,42.32248,-71.0806,Private room in home,Private room,2,,,,,91,1125,,0,0,0,0,4,0,0,0,0,0,,4.5,4.75,4.75,4.75,4.75,4.5,4.5,f,1,0,1,0,0.04
13810937,N/A,N/A,f,1,1,t,t,West End,42.36187,-71.06837,Private room in rental unit,Private room,1,,,,,91,1125,t,0,0,0,0,2,0,0,0,0,0,,4.5,4.5,4,5,5,5,4.5,f,1,0,1,0,0.02
13829133,100%,100%,t,2,2,t,t,Jamaica Plain,42.31642,-71.10672,Entire guest suite,Entire home/apt,2,1,1,1,$131.00 ,2,1125,t,3,17,39,117,534,81,4,41,98,255,33405,4.95,4.94,4.97,4.98,4.96,4.91,4.85,f,2,2,0,0,4.93
13830152,100%,97%,t,22,26,t,t,Charlestown,42.38199,-71.07675,Private room in rental unit,Private room,2,1,1,1,$60.00 ,29,1125,t,0,0,0,234,42,4,1,0,2,232,13920,4.9,4.9,4.9,4.98,4.95,4.57,4.86,f,12,3,9,0,0.38
13866351,100%,100%,t,2,2,t,t,Dorchester,42.30003,-71.0788,Entire rental unit,Entire home/apt,8,1,3,6,$199.00 ,5,1125,t,5,35,65,340,111,6,1,74,10,60,11940,4.92,4.95,4.89,4.92,4.96,4.61,4.86,f,2,2,0,0,1.15
13907143,N/A,N/A,f,1,1,t,t,Hyde Park,42.23627,-71.12898,Private room in rental unit,Private room,2,,,,,91,1125,,0,0,0,0,7,0,0,0,0,0,,4.86,5,5,5,5,4.71,5,f,1,0,1,0,0.06
13951579,N/A,N/A,f,1,1,t,f,Charlestown,42.38421,-71.07057,Entire condo,Entire home/apt,6,,2,,,91,1125,t,0,0,0,0,17,0,0,0,0,0,,4.71,4.88,4.59,4.94,5,4.71,4.82,f,1,1,0,0,0.17
13959444,100%,94%,t,4,5,t,t,Roxbury,42.34042,-71.08363,Entire rental unit,Entire home/apt,4,1,2,2,$523.00 ,29,365,t,21,48,78,312,57,0,0,82,0,0,0,4.98,5,5,5,5,4.93,4.79,f,3,3,0,0,0.51
13993185,100%,100%,t,2,2,t,t,Beacon Hill,42.35948,-71.06747,Entire rental unit,Entire home/apt,3,1,1,1,$98.00 ,29,1125,t,0,0,19,198,233,3,0,28,4,174,17052,4.87,4.92,4.79,4.96,4.94,4.97,4.86,f,1,1,0,0,2.08
14035943,100%,100%,t,9,11,t,t,North End,42.364253,-71.052626,Entire condo,Entire home/apt,6,3,3,5,"$1,024.00 ",1,1125,t,15,38,68,335,254,25,1,78,13,150,153600,4.76,4.7,4.8,4.82,4.88,4.97,4.7,t,1,1,0,0,2.35
14057466,100%,100%,t,1,1,t,t,Jamaica Plain,42.31316,-71.11279,Entire rental unit,Entire home/apt,4,1,2,2,$227.00 ,4,120,t,1,14,38,262,257,30,4,39,35,240,54480,4.78,4.79,4.75,4.94,4.9,4.94,4.76,f,1,1,0,0,2.31
14071446,100%,100%,f,2,2,t,t,Jamaica Plain,42.32143082,-71.11275149,Private room in rental unit,Private room,2,1,1,2,$99.00 ,91,1125,t,30,60,90,365,9,1,1,100,0,182,18018,5,5,5,5,5,5,5,f,2,0,2,0,0.08
14086516,100%,64%,f,6,7,t,t,Mattapan,42.27486,-71.077,Private room in home,Private room,3,1.5,1,2,$95.00 ,1,1125,t,4,17,47,322,79,2,1,57,2,12,1140,4.92,4.92,4.95,4.96,4.96,4.75,4.82,f,6,0,6,0,0.71
14091605,N/A,N/A,f,2,2,t,t,South End,42.33959,-71.07446,Private room in loft,Private room,1,,1,,,29,40,t,0,0,0,0,118,0,0,0,0,0,,4.81,4.81,4.98,4.87,4.89,4.89,4.75,f,2,1,1,0,1.06
14105971,100%,40%,f,1,1,t,t,Jamaica Plain,42.30762,-71.10968,Entire loft,Entire home/apt,3,1,0,1,$159.00 ,5,20,t,2,2,2,10,323,10,0,2,18,100,15900,4.97,4.99,4.95,4.99,4.98,4.96,4.84,f,1,1,0,0,2.89
14109003,N/A,N/A,f,1,2,t,t,Jamaica Plain,42.32318,-71.11394,Entire condo,Entire home/apt,4,,2,,,91,1125,,0,0,0,0,0,0,0,0,0,0,,,,,,,,,f,1,1,0,0,
14153636,100%,96%,t,17,57,t,t,Allston,42.36151,-71.12658,Private room in home,Private room,2,1,1,1,$94.00 ,3,96,t,4,15,42,219,348,37,1,52,35,222,20868,4.84,4.91,4.9,4.93,4.88,4.7,4.77,f,12,2,10,0,3.13
14186170,80%,35%,f,2,2,t,t,South Boston,42.33194,-71.04729,Entire condo,Entire home/apt,5,1,2,2,$338.00 ,3,730,t,22,52,82,357,65,1,0,92,0,6,2028,4.82,4.88,4.77,4.89,4.86,4.78,4.75,f,1,1,0,0,0.58
14204600,100%,100%,t,22,75,t,f,North End,42.36704,-71.05376,Entire rental unit,Entire home/apt,6,1,2,2,$501.00 ,5,365,t,11,41,71,119,339,24,1,81,30,240,120240,4.91,4.96,4.96,4.99,4.98,4.97,4.74,t,18,18,0,0,3.05
14220964,100%,96%,t,17,57,t,t,Allston,42.36196,-71.12754,Private room in home,Private room,1,,,,,55,180,t,0,0,3,66,66,0,0,12,0,0,,4.83,4.85,4.89,4.97,4.85,4.72,4.8,f,12,2,10,0,0.59
14242888,100%,64%,f,6,7,t,t,Mattapan,42.27441,-71.0772,Private room in home,Private room,3,,,,,1,1125,t,0,0,3,278,87,1,0,12,1,6,,4.8,4.88,4.87,4.89,4.91,4.66,4.82,f,6,0,6,0,0.78
14452500,N/A,N/A,f,1,3,t,t,North End,42.36845,-71.05356,Entire rental unit,Entire home/apt,2,,1,,,91,1125,t,0,0,0,0,17,0,0,0,0,0,,4.76,4.94,4.53,5,5,4.88,4.82,f,1,1,0,0,0.15
14460344,N/A,N/A,f,1,2,t,t,Brighton,42.34396,-71.15144,Private room in home,Private room,1,,,,,91,1125,t,0,0,0,0,8,0,0,0,0,0,,4.5,4.38,4.25,4.5,4.75,4.38,4.38,f,1,0,1,0,0.07
14470701,100%,0%,f,31,34,t,t,Dorchester,42.30555,-71.0723,Private room in rental unit,Private room,1,1,2,1,$39.00 ,91,1000,t,30,60,90,365,3,0,0,100,0,0,0,5,5,5,5,5,4,5,f,31,0,31,0,0.03
14474114,N/A,N/A,f,1,1,t,t,Jamaica Plain,42.29463,-71.1158,Private room in condo,Private room,2,,1,,,91,365,,0,0,0,0,8,0,0,0,0,0,,4.88,4.88,4.5,5,5,4.25,4.75,f,1,0,1,0,0.07
14485918,100%,100%,t,8,11,t,t,Roxbury,42.3165,-71.09535,Private room in rental unit,Private room,1,1,1,1,$44.00 ,30,365,t,0,0,10,66,23,8,1,13,4,255,11220,5,5,4.91,5,5,4.7,4.83,t,8,1,7,0,0.22
14539326,N/A,N/A,f,21,27,t,f,Dorchester,42.32429,-71.05862,Private room in rental unit,Private room,1,,,,,91,1125,,0,0,0,0,3,0,0,0,0,0,,4.67,5,5,5,5,4.33,4.33,f,8,0,8,0,0.03
14566378,100%,100%,f,2,2,t,t,Jamaica Plain,42.31700134,-71.10931396,Entire home,Entire home/apt,2,1,1,1,$158.00 ,3,365,t,3,27,50,313,175,33,2,60,29,198,31284,4.94,4.95,4.95,4.99,4.99,4.95,4.85,f,2,2,0,0,1.93
14566386,100%,100%,f,2,2,t,t,Jamaica Plain,42.31701279,-71.10931396,Entire condo,Entire home/apt,3,1,1,1,$192.00 ,3,365,t,2,19,44,310,266,26,0,54,38,156,29952,4.91,4.93,4.9,4.94,4.94,4.91,4.84,t,2,2,0,0,2.44
14585335,100%,60%,f,3,4,t,t,Mattapan,42.27554,-71.07091,Entire townhouse,Entire home/apt,6,1,3,3,$307.00 ,29,1125,t,15,45,75,349,41,0,0,84,0,0,0,4.71,4.95,4.93,4.98,4.9,4.75,4.73,f,3,3,0,0,0.38
14600925,100%,98%,f,27,30,t,t,Dorchester,42.30208,-71.07005,Private room in rental unit,Private room,1,1,1,1,$40.00 ,30,365,t,26,56,86,361,22,1,0,96,1,60,2400,4.5,4.45,4.41,4.86,4.91,4.05,4.41,f,27,5,22,0,0.2
14682931,100%,99%,t,3,3,t,t,Jamaica Plain,42.31765,-71.10049,Private room in home,Private room,1,1.5,1,1,$119.00 ,3,14,t,6,23,23,23,339,37,2,23,41,222,26418,4.91,4.95,4.97,4.97,4.95,4.84,4.86,f,3,1,2,0,3.08
14686119,100%,55%,t,4,6,t,t,Mattapan,42.27345,-71.07251,Private room in home,Private room,1,1.5,1,1,$60.00 ,90,700,t,0,0,0,273,11,1,0,8,0,180,10800,4.64,4.73,4.27,4.82,4.91,4.09,4.64,f,4,0,4,0,0.1
14704252,0%,N/A,f,1,1,t,t,South Boston,42.33339,-71.05317,Entire home,Entire home/apt,6,2,4,4,$946.00 ,29,30,t,23,53,83,358,17,0,0,93,0,0,0,4.88,4.65,4.71,4.94,4.94,4.71,4.47,f,1,1,0,0,0.16
14747561,100%,98%,f,27,30,t,t,Dorchester,42.30426,-71.07147,Private room in rental unit,Private room,1,1,1,2,$48.00 ,30,365,t,0,0,29,304,14,2,0,39,3,120,5760,4.71,4.71,4.07,4.93,5,4.07,4.36,f,27,5,22,0,0.13
14770892,100%,99%,t,1,2,t,t,South End,42.34338,-71.06874,Entire condo,Entire home/apt,4,2,2,2,$358.00 ,2,120,t,2,9,24,218,440,54,5,26,66,255,91290,4.93,4.94,4.88,4.98,4.97,4.98,4.82,f,1,1,0,0,3.99
14778561,100%,94%,f,28,31,t,t,Hyde Park,42.25302,-71.11591,Private room in home,Private room,1,2,1,1,$65.00 ,29,1125,t,3,33,63,338,50,0,0,73,2,0,0,4.58,4.68,4.6,4.74,4.54,4.6,4.6,t,5,0,5,0,0.45
14820482,100%,100%,t,1,1,t,t,Bay Village,42.34873199,-71.06843567,Entire rental unit,Entire home/apt,7,1.5,3,4,$435.00 ,3,120,t,9,27,35,105,237,22,1,35,34,132,57420,4.84,4.87,4.79,4.96,4.97,4.96,4.69,f,1,1,0,0,2.16
14868157,100%,99%,t,3,3,t,t,Jamaica Plain,42.31689,-71.10005,Private room in home,Private room,1,,,,,2,30,t,0,0,0,27,411,36,2,0,45,216,,4.96,4.98,4.98,4.99,4.98,4.83,4.88,f,3,1,2,0,3.73
14873100,91%,100%,f,4,4,t,f,South Boston,42.33034,-71.05802,Private room in home,Private room,2,1,1,1,$68.00 ,5,29,t,1,7,7,57,149,13,0,7,12,130,8840,4.68,4.79,4.66,4.89,4.88,4.69,4.67,f,4,0,4,0,1.36
14928081,100%,100%,t,8,10,t,t,Charlestown,42.37018,-71.06109,Private room in bed and breakfast,Private room,4,1.5,1,1,$336.00 ,1,1125,t,2,2,2,153,53,7,1,2,11,42,14112,4.85,4.81,4.79,4.89,4.79,4.96,4.66,t,8,1,7,0,0.54
14928333,N/A,N/A,f,1,3,t,t,South Boston,42.33631,-71.04961,Private room in rental unit,Private room,2,,1,,,91,1125,,0,0,0,0,13,0,0,0,0,0,,4.77,4.69,4.85,4.67,4.77,4.67,4.5,f,1,0,1,0,0.12
14943350,100%,96%,t,4,4,t,t,Dorchester,42.30755,-71.04739,Private room in home,Private room,2,1,1,1,$97.00 ,1,1125,t,1,14,38,301,442,46,4,46,54,255,24735,4.96,4.95,4.94,4.99,4.99,4.92,4.9,f,4,0,4,0,4.02
14950089,100%,100%,t,8,10,t,t,Charlestown,42.3713,-71.06154,Private room in bed and breakfast,Private room,2,1,1,1,$253.00 ,1,1125,t,2,2,2,140,172,26,5,2,21,156,39468,4.86,4.89,4.91,4.88,4.83,4.92,4.69,t,8,1,7,0,1.57
14950328,100%,100%,t,8,10,t,t,Charlestown,42.37216,-71.05937,Private room in bed and breakfast,Private room,2,1,1,1,$253.00 ,1,1125,t,0,0,0,150,100,13,0,0,9,78,19734,4.71,4.83,4.85,4.76,4.75,4.91,4.54,t,8,1,7,0,0.91
14950476,100%,100%,t,8,10,t,t,Charlestown,42.37006,-71.06159,Private room in bed and breakfast,Private room,4,2,1,1,$336.00 ,1,1125,t,2,2,2,147,61,9,1,2,5,54,18144,4.77,4.8,4.84,4.93,4.82,4.9,4.61,t,8,1,7,0,0.56
14995433,N/A,N/A,f,1,1,t,f,Leather District,42.35086,-71.05901,Entire rental unit,Entire home/apt,3,,1,,,91,1125,,0,0,0,0,7,0,0,0,0,0,,4.86,4.86,4.86,5,5,5,5,f,1,1,0,0,0.06
15016872,100%,99%,t,1,1,t,t,Brighton,42.34124,-71.15811,Entire guest suite,Entire home/apt,2,1,1,2,$164.00 ,2,60,t,2,26,56,65,347,37,5,65,42,222,36408,4.92,4.92,4.97,4.98,4.97,4.88,4.82,t,1,1,0,0,3.56
15020558,N/A,N/A,f,1,1,t,t,Charlestown,42.3782,-71.06498,Entire condo,Entire home/apt,3,,1,,,91,1125,,0,0,0,0,13,0,0,0,0,0,,4.92,5,4.85,5,5,5,4.92,f,1,1,0,0,0.12
15048978,100%,100%,f,2,2,t,f,South End,42.33594,-71.07578,Entire condo,Entire home/apt,4,1,1,1,$189.00 ,30,60,t,0,17,47,309,132,0,0,53,0,0,0,4.91,4.95,4.92,4.95,4.98,4.7,4.79,f,1,1,0,0,1.22
15085512,100%,100%,t,1,3,t,t,Roxbury,42.3243,-71.07328,Private room in townhouse,Private room,2,1,2,1,$72.00 ,91,1125,t,29,59,88,363,46,0,0,98,1,0,0,4.89,4.83,4.84,4.96,4.91,4.41,4.89,f,1,0,1,0,0.42
15147053,100%,95%,t,1,1,t,t,Jamaica Plain,42.30974,-71.10798,Entire condo,Entire home/apt,3,1.5,1,1,$179.00 ,1,28,t,1,16,40,163,557,58,6,43,58,255,45645,4.88,4.92,4.92,4.91,4.94,4.87,4.86,f,1,1,0,0,5.14
15148487,100%,99%,t,3,3,t,t,Beacon Hill,42.3575,-71.07138,Entire condo,Entire home/apt,4,1,2,2,$392.00 ,4,1100,t,4,8,22,272,483,47,1,23,48,255,99960,4.91,4.93,4.94,4.96,4.98,5,4.8,t,3,3,0,0,4.43
15177273,100%,0%,f,31,34,t,t,Roxbury,42.31313,-71.09335,Private room in rental unit,Private room,1,1.5,2,1,$39.00 ,91,999,t,30,60,90,365,2,0,0,100,0,0,0,5,5,5,5,5,5,5,f,31,0,31,0,0.02
15251516,N/A,50%,f,1,2,t,t,Bay Village,42.34815,-71.06811,Entire rental unit,Entire home/apt,2,,1,,,2,1125,t,2,2,2,29,142,0,0,2,0,0,,4.92,4.94,4.89,4.99,4.99,4.96,4.83,t,1,1,0,0,1.33
15256830,100%,96%,t,4,4,t,t,Dorchester,42.3094,-71.04672,Private room in home,Private room,3,1,1,3,$125.00 ,1,1125,t,1,15,35,293,420,52,5,43,54,255,31875,4.97,4.96,4.94,4.98,4.98,4.92,4.94,f,4,0,4,0,3.87
15281436,93%,93%,f,12,32,t,f,East Boston,42.37814,-71.03272,Entire condo,Entire home/apt,4,1,0,2,$92.00 ,29,1125,t,0,22,52,142,60,0,0,62,0,0,0,4.55,4.7,4.58,4.9,4.93,4.78,4.59,f,12,12,0,0,0.57
15296865,N/A,N/A,f,1,1,t,t,Bay Village,42.34887,-71.06924,Entire condo,Entire home/apt,2,,1,,,91,1125,t,0,0,0,0,0,0,0,0,0,0,,,,,,,,,t,1,1,0,0,
15376003,100%,100%,t,1,1,t,t,South Boston,42.33385,-71.04569,Private room in home,Private room,2,1,1,1,$163.00 ,2,28,t,11,22,52,133,385,35,4,53,49,210,34230,4.92,4.96,4.97,4.97,4.97,4.88,4.89,f,1,0,1,0,3.57
15453527,100%,0%,f,31,34,t,t,Roxbury,42.31313,-71.09335,Private room in rental unit,Private room,1,1.5,1,1,$39.00 ,91,1000,t,30,60,90,365,5,0,0,100,0,0,0,5,5,5,5,5,4.4,5,f,31,0,31,0,0.05
15521407,100%,96%,t,4,4,t,t,Dorchester,42.30918,-71.04643,Private room in home,Private room,2,1,1,1,$97.00 ,1,1125,t,2,18,43,296,318,44,5,51,47,255,24735,4.96,4.96,4.95,4.98,4.98,4.91,4.93,f,4,0,4,0,2.94
15559436,57%,54%,f,3,9,t,t,Allston,42.3533,-71.12833,Entire rental unit,Entire home/apt,2,2,2,4,$162.00 ,29,365,t,0,21,51,248,401,0,0,61,0,0,0,4.91,4.98,4.95,4.91,4.89,4.84,4.87,f,1,1,0,0,3.81
15660279,100%,98%,f,28,30,t,t,Bay Village,42.35027,-71.06853,Entire rental unit,Entire home/apt,7,1,4,4,$645.00 ,2,100,t,25,55,63,63,337,32,1,63,16,192,123840,4.79,4.86,4.83,4.96,4.88,4.95,4.61,f,2,2,0,0,3.12
15714436,N/A,N/A,f,1,2,t,t,East Boston,42.36524,-71.0308,Entire rental unit,Entire home/apt,8,,3,,,29,1125,t,0,0,0,0,32,0,0,0,0,0,,4.91,4.97,4.81,5,5,4.9,4.84,t,1,1,0,0,0.36
15773389,N/A,N/A,f,1,1,t,t,Fenway,42.34773,-71.09399,Private room in rental unit,Private room,2,,,,,91,1125,,0,0,0,0,2,0,0,0,0,0,,4,4.5,4,5,5,5,4.5,f,1,0,1,0,0.02
15819226,100%,100%,f,2,2,t,t,Back Bay,42.35125,-71.08667,Entire condo,Entire home/apt,2,1.5,1,1,$500.00 ,31,1125,t,22,51,81,256,30,0,0,90,0,0,0,4.7,4.8,4.73,4.87,4.67,5,4.53,f,1,1,0,0,0.29
15821724,100%,96%,t,1,1,t,t,Dorchester,42.28,-71.06983,Entire guest suite,Entire home/apt,3,1,2,2,$141.00 ,5,365,t,6,12,33,250,255,33,4,43,30,255,35955,4.95,4.99,5,4.97,4.99,4.81,4.91,f,1,1,0,0,2.86
15832498,100%,100%,f,1,1,t,t,Jamaica Plain,42.31764,-71.10922,Entire rental unit,Entire home/apt,4,1,2,2,$399.00 ,5,92,t,6,23,46,244,84,11,0,56,4,110,43890,5,5,4.99,4.99,5,5,4.96,f,1,1,0,0,0.92
15974807,100%,99%,t,2,2,t,t,Allston,42.3587157,-71.1326206,Entire townhouse,Entire home/apt,10,2.5,4,4,$644.00 ,2,90,t,10,28,56,291,194,8,2,63,45,48,30912,4.92,4.96,4.88,4.98,4.96,4.85,4.83,f,2,2,0,0,1.8
15981694,N/A,N/A,f,1,1,t,f,Fenway,42.34497,-71.10001,Entire rental unit,Entire home/apt,3,,1,,,91,150,,0,0,0,0,0,0,0,0,0,0,,,,,,,,,f,1,1,0,0,
15985435,100%,31%,t,2,3,t,t,Charlestown,42.37294,-71.06478,Entire rental unit,Entire home/apt,2,1,1,1,$149.00 ,31,365,t,23,53,83,263,52,1,0,93,2,62,9238,4.94,4.92,4.92,4.96,4.94,4.84,4.77,f,1,1,0,0,0.51
16001334,N/A,N/A,f,1,2,t,t,Back Bay,42.35346,-71.07693,Entire rental unit,Entire home/apt,3,,,,,91,1125,t,0,0,0,0,2,0,0,0,0,0,,4.5,5,4.5,5,4.5,5,4.5,t,1,1,0,0,0.02
16013285,100%,100%,f,1,1,t,t,Dorchester,42.29181,-71.05264,Entire condo,Entire home/apt,4,1,2,2,$205.00 ,2,1125,t,13,19,19,188,160,5,2,19,7,30,6150,4.83,4.82,4.76,4.93,4.93,4.69,4.72,f,1,1,0,0,1.57
16040760,N/A,N/A,f,6,10,t,f,Allston,42.35457,-71.13293,Entire condo,Entire home/apt,8,1.5,2,5,$250.00 ,91,365,t,0,0,22,297,67,0,0,32,0,0,0,4.84,4.87,4.78,4.86,4.88,4.86,4.78,t,1,1,0,0,0.64
16121974,N/A,N/A,f,1,1,t,t,Fenway,42.34245,-71.09021,Private room in rental unit,Private room,1,,1,,,91,1125,,0,0,0,0,5,0,0,0,0,0,,4.2,4.6,3.4,5,5,5,4.4,f,1,0,1,0,0.05
16148182,100%,97%,t,2,3,t,t,Hyde Park,42.26145554,-71.11660767,Entire home,Entire home/apt,6,1,2,3,$120.00 ,2,100,t,7,28,55,328,313,31,5,65,40,186,22320,4.85,4.91,4.87,4.94,4.96,4.61,4.78,f,2,2,0,0,2.93
16233671,100%,97%,t,22,26,t,t,Charlestown,42.38185,-71.07693,Private room in rental unit,Private room,2,1,1,1,$85.00 ,1,91,t,1,17,47,297,109,13,1,57,20,78,6630,4.83,4.85,4.88,4.9,4.84,4.69,4.66,f,12,3,9,0,1.09
16272709,100%,81%,t,21,26,t,f,Roslindale,42.27486,-71.13495,Entire rental unit,Entire home/apt,4,1,2,2,$160.00 ,29,365,t,22,52,82,261,46,0,0,91,0,0,0,4.74,4.87,4.85,4.83,4.85,4.7,4.71,f,16,4,12,0,0.44
16276850,N/A,N/A,f,1,1,t,f,South Boston,42.33905,-71.04792,Entire rental unit,Entire home/apt,1,,1,,,91,1125,,0,0,0,0,17,0,0,0,0,0,,4.47,4.71,4.65,5,4.88,4.82,4.59,f,1,1,0,0,0.17
16364879,100%,97%,t,22,26,t,t,Charlestown,42.38379,-71.0783,Private room in rental unit,Private room,4,1,2,2,$133.00 ,1,1125,t,0,13,43,293,185,13,0,52,11,78,10374,4.75,4.86,4.93,4.85,4.92,4.64,4.75,f,12,3,9,0,1.74
16379917,100%,34%,f,21,32,t,t,Hyde Park,42.2355,-71.13134,Entire rental unit,Entire home/apt,8,2,4,3,$107.00 ,29,1125,t,0,14,44,319,12,2,1,54,2,116,12412,5,4.92,4.83,4.83,4.83,4.67,4.92,f,11,11,0,0,0.11
16413314,100%,77%,t,1,2,t,t,Roxbury,42.32676,-71.09364,Private room in condo,Private room,2,1,1,1,$75.00 ,6,60,t,5,23,46,46,107,10,0,46,22,120,9000,4.93,4.93,4.99,4.97,4.97,4.69,4.83,f,1,0,1,0,1.03
16447567,100%,98%,t,24,30,t,t,Dorchester,42.3076,-71.06542,Private room in rental unit,Private room,2,2,1,2,$65.00 ,29,180,t,29,59,89,363,99,3,1,98,4,174,11310,4.7,4.85,4.71,4.92,4.93,4.27,4.66,f,17,0,17,0,0.93
16453657,100%,98%,f,27,30,t,t,Dorchester,42.28732,-71.06625,Private room in rental unit,Private room,1,1,1,1,$66.00 ,30,365,t,29,59,89,364,4,1,0,99,1,60,3960,4.25,4,4.5,5,4.5,4,4,f,27,5,22,0,0.04
16459191,100%,100%,f,1,2,t,t,Back Bay,42.35349,-71.07595,Entire condo,Entire home/apt,3,1,0,1,$170.00 ,29,1124,t,2,24,54,329,155,3,1,63,2,174,29580,4.88,4.94,4.86,4.93,4.86,4.97,4.64,f,1,1,0,0,1.46
16464424,N/A,N/A,f,1,1,t,t,Brighton,42.34212,-71.14379,Entire rental unit,Entire home/apt,3,,2,,,91,1125,t,0,0,0,0,2,0,0,0,0,0,,4.5,4,5,5,5,5,4.5,t,1,1,0,0,0.02
16479752,100%,97%,t,22,26,t,t,Charlestown,42.38191,-71.07865,Private room in rental unit,Private room,2,1,1,1,$60.00 ,29,1125,t,0,0,22,122,3,0,0,32,0,0,0,5,5,5,5,5,4.67,5,f,12,3,9,0,0.03
16515215,N/A,N/A,f,1,3,t,t,Allston,42.34924,-71.13915,Private room in rental unit,Private room,1,,1,,,91,1125,,0,0,0,0,1,0,0,0,0,0,,5,4,5,5,5,3,5,f,1,0,1,0,0.01
16517776,100%,97%,t,22,26,t,t,Charlestown,42.38183,-71.07888,Private room in rental unit,Private room,2,1,1,1,$78.00 ,1,1125,t,1,17,47,297,110,11,0,56,11,66,5148,4.83,4.9,4.9,4.94,4.96,4.82,4.75,f,12,3,9,0,1.07
16545081,100%,0%,f,31,34,t,t,Roxbury,42.31341,-71.09356,Private room in rental unit,Private room,1,1.5,1,1,$39.00 ,100,1000,t,30,60,90,365,3,0,0,100,0,0,0,5,5,4.67,5,5,5,5,f,31,0,31,0,0.03
16671164,100%,0%,f,1,1,t,t,Dorchester,42.28612,-71.06625,Entire rental unit,Entire home/apt,2,,1,,,3,14,t,0,0,0,80,134,0,0,0,0,0,,4.87,4.9,4.88,4.97,4.99,4.8,4.83,f,1,1,0,0,1.3
16678094,90%,95%,f,1,1,t,t,Roxbury,42.32431554,-71.09195369,Private room in rental unit,Private room,2,1,1,1,$106.00 ,2,10,t,2,17,43,303,125,17,2,53,5,102,10812,4.96,4.94,4.86,4.97,4.98,4.68,4.93,f,1,0,1,0,1.19
16692369,100%,97%,t,22,26,t,t,Charlestown,42.38366,-71.0786,Private room in rental unit,Private room,2,1,1,1,$64.00 ,29,1125,t,0,0,22,123,6,0,0,32,0,0,0,4.83,5,5,5,5,4.33,4.83,f,12,3,9,0,0.06
16731118,100%,98%,t,24,30,t,t,Dorchester,42.30775,-71.0651,Private room in rental unit,Private room,1,2,1,1,$62.00 ,60,180,t,4,4,27,302,51,2,0,37,1,240,14880,4.71,4.86,4.67,4.94,4.9,4.2,4.69,f,17,0,17,0,0.49
16770690,100%,100%,t,1,1,t,t,Jamaica Plain,42.30745,-71.11043,Entire rental unit,Entire home/apt,5,1,2,4,$180.00 ,4,29,t,7,21,42,310,110,18,1,52,20,144,25920,4.9,4.91,4.9,4.97,4.99,4.93,4.85,t,1,1,0,0,1.28
16779363,N/A,N/A,f,1,1,t,t,Jamaica Plain,42.30391,-71.11777,Entire townhouse,Entire home/apt,6,,3,,,29,180,t,0,0,0,0,10,0,0,0,0,0,,5,5,4.8,5,5,4.9,5,f,1,1,0,0,0.1
16835622,N/A,N/A,f,2,3,t,t,Allston,42.34922,-71.13892,Shared room in condo,Shared room,2,,,,,91,1125,,0,0,0,0,1,0,0,0,0,0,,5,5,5,5,4,5,5,f,1,0,0,1,0.01
16894082,100%,95%,f,1,1,t,t,South Boston,42.33509,-71.0288,Entire rental unit,Entire home/apt,3,2,1,1,$234.00 ,2,28,t,7,26,56,317,69,14,0,66,11,84,19656,4.91,4.9,4.94,5,4.96,4.9,4.77,f,1,1,0,0,0.67
16909100,100%,99%,t,6,6,t,t,Jamaica Plain,42.32036,-71.10403,Entire rental unit,Entire home/apt,4,1,2,3,$206.00 ,3,730,t,5,31,56,326,218,58,4,61,42,255,52530,4.87,4.88,4.88,4.92,4.92,4.88,4.79,f,1,1,0,0,2.12
16923467,N/A,N/A,f,1,4,t,t,West Roxbury,42.29506,-71.15325,Private room in townhouse,Private room,1,1.5,1,1,$500.00 ,91,1125,t,30,60,89,89,5,0,0,89,0,0,0,4.8,4.8,5,5,5,4.6,5,f,1,0,1,0,0.05
16971718,N/A,N/A,f,1,1,t,f,Roxbury,42.3237,-71.09514,Entire rental unit,Entire home/apt,4,1,2,2,$304.00 ,2,30,t,2,18,44,304,342,55,3,54,52,255,77520,4.98,4.96,4.99,4.93,4.92,4.75,4.89,t,1,1,0,0,3.58
16987125,100%,81%,t,21,26,t,f,Roslindale,42.27646,-71.1348,Private room in rental unit,Private room,1,1,1,1,$66.00 ,29,365,t,26,56,86,86,24,0,0,86,0,0,0,4.83,5,5,5,5,4.67,4.67,f,16,4,12,0,0.23
17023481,90%,99%,t,266,1126,t,t,Leather District,42.35137,-71.05871,Entire rental unit,Entire home/apt,3,1,1,1,$257.00 ,32,270,t,0,19,49,318,6,1,0,58,0,64,16448,4.5,4.33,4.67,4.6,4.67,4.4,4.2,t,43,43,0,0,0.06
17075037,100%,100%,t,8,25,t,t,Dorchester,42.31057,-71.06361,Entire home,Entire home/apt,12,2,3,6,$480.00 ,2,730,t,14,44,74,137,143,12,1,84,9,72,34560,4.8,4.76,4.87,4.91,4.89,4.48,4.68,f,7,7,0,0,1.36
17210305,100%,0%,f,31,34,t,t,Roxbury,42.31313,-71.09335,Private room in rental unit,Private room,1,1.5,2,1,$39.00 ,91,1125,t,30,60,90,365,3,0,0,100,0,0,0,5,5,4.67,5,5,4,4.67,f,31,0,31,0,0.03
17222935,100%,98%,f,27,30,t,t,Dorchester,42.30042,-71.0642,Private room in rental unit,Private room,1,,,,,30,365,t,11,26,56,331,13,2,1,65,1,120,,4.77,4.62,4.38,4.85,4.92,4.08,4.46,f,27,5,22,0,0.13
17223845,100%,98%,f,27,30,t,t,Dorchester,42.30042,-71.06435,Private room in rental unit,Private room,1,1,1,1,$45.00 ,30,365,t,6,6,6,280,19,3,1,15,1,180,8100,4.58,4.68,4.42,4.79,4.95,3.79,4.47,f,27,5,22,0,0.2
17285926,N/A,N/A,f,1,1,t,t,South End,42.34547,-71.07481,Entire rental unit,Entire home/apt,7,,2,,,4,60,t,0,0,0,0,125,0,0,0,0,0,,5,5,4.97,5,5,4.99,4.92,t,1,1,0,0,1.2
17296595,100%,100%,f,1,2,t,t,Jamaica Plain,42.30817,-71.11114,Entire rental unit,Entire home/apt,5,,3,,,29,365,t,0,0,0,0,117,4,0,0,8,232,,4.85,4.88,4.95,4.91,4.88,4.95,4.63,f,1,1,0,0,1.14
17430142,100%,0%,f,31,34,t,t,Roxbury,42.31341,-71.09358,Private room in home,Private room,1,1,2,1,$39.00 ,150,1125,t,30,60,90,180,2,0,0,100,0,0,0,5,5,5,5,5,4.5,5,f,31,0,31,0,0.02
17463797,N/A,N/A,f,21,27,t,f,Dorchester,42.32446,-71.05814,Private room in rental unit,Private room,1,,1,,,91,1125,,0,0,0,0,0,0,0,0,0,0,,,,,,,,,f,8,0,8,0,
17523133,100%,92%,t,2,2,t,t,Dorchester,42.28499,-71.06211,Private room in home,Private room,2,1,1,1,$115.00 ,2,14,t,5,21,49,138,398,29,2,58,43,174,20010,4.98,4.97,4.95,4.97,4.99,4.87,4.94,f,1,0,1,0,3.83
17523630,100%,100%,t,1,1,t,t,Jamaica Plain,42.31299,-71.11876,Entire guest suite,Entire home/apt,3,1,1,2,$241.00 ,3,25,t,12,39,69,341,304,34,3,79,33,204,49164,4.97,4.97,5,4.97,5,4.97,4.89,f,1,1,0,0,2.93
17529340,100%,100%,t,1,1,t,t,South End,42.34566,-71.07433,Entire rental unit,Entire home/apt,2,1,1,1,$338.00 ,3,60,t,8,29,49,63,295,21,3,58,24,126,42588,4.98,4.97,4.98,4.99,4.99,4.99,4.84,t,1,1,0,0,2.85
17541222,100%,93%,t,5,5,t,t,Roxbury,42.32852,-71.09581,Entire rental unit,Entire home/apt,4,1,1,2,$153.00 ,91,1125,t,0,0,1,181,159,0,0,11,0,0,0,4.72,4.83,4.72,4.92,4.93,4.6,4.72,f,5,5,0,0,1.53
17559493,100%,100%,f,4,4,t,t,Chinatown,42.34903,-71.062,Entire rental unit,Entire home/apt,5,1,2,3,$280.00 ,3,1125,t,3,17,42,276,332,39,2,51,38,234,65520,4.7,4.8,4.83,4.93,4.92,4.78,4.6,t,4,4,0,0,3.2
17559756,100%,100%,f,4,4,t,t,Chinatown,42.3503,-71.06037,Entire rental unit,Entire home/apt,5,1,2,4,$317.00 ,3,1125,t,3,14,35,203,294,39,2,43,51,234,74178,4.73,4.83,4.87,4.95,4.9,4.73,4.59,t,4,4,0,0,2.83
17559846,100%,100%,f,4,4,t,t,Chinatown,42.34835,-71.06039,Entire rental unit,Entire home/apt,3,1,1,2,$145.00 ,29,35,t,27,57,87,362,217,1,0,96,3,58,8410,4.8,4.78,4.9,4.97,4.93,4.84,4.63,t,4,4,0,0,2.09
17567087,100%,94%,t,2,3,t,t,South End,42.34351,-71.06889,Entire rental unit,Entire home/apt,6,1,2,3,$453.00 ,2,1125,t,10,20,33,214,392,42,4,35,46,252,114156,4.96,4.95,4.92,4.97,4.97,4.98,4.83,f,2,2,0,0,3.78
17573922,100%,100%,f,4,4,t,t,Chinatown,42.34986,-71.06197,Entire rental unit,Entire home/apt,3,1,1,2,$180.00 ,29,90,t,30,38,61,336,151,1,1,70,2,58,10440,4.85,4.96,4.9,4.97,4.99,4.78,4.71,t,4,4,0,0,1.46
17588460,94%,59%,f,21,29,t,t,Fenway,42.34651,-71.08957,Entire condo,Entire home/apt,2,1,0,1,$130.00 ,91,1125,t,30,60,90,365,4,1,0,99,1,182,23660,4,4.25,4.75,4.75,4.25,5,4.75,f,12,12,0,0,0.04
17609053,N/A,N/A,f,2,2,t,t,South End,42.33944,-71.07532,Entire loft,Entire home/apt,3,,2,,,29,60,t,0,0,0,0,31,0,0,0,0,0,,4.9,4.97,4.87,4.97,5,5,4.7,f,2,1,1,0,0.31
17616603,100%,99%,t,1,1,t,t,South End,42.33959,-71.08015,Entire rental unit,Entire home/apt,4,1,1,2,$236.00 ,1,1125,t,4,18,42,223,372,39,4,42,45,234,55224,4.89,4.92,4.94,4.95,4.97,4.86,4.72,f,1,1,0,0,3.61
17676984,100%,97%,t,22,26,t,t,Charlestown,42.38376,-71.07707,Private room in rental unit,Private room,2,1,1,1,$66.00 ,29,1125,t,0,0,21,137,5,0,0,31,0,0,0,4.4,4.8,4.8,5,5,4.4,4.8,f,12,3,9,0,0.05
17701434,100%,98%,f,6,19,t,t,Roxbury,42.3295,-71.08817,Entire rental unit,Entire home/apt,5,1,1,3,$140.00 ,30,1125,t,10,28,54,324,94,5,0,64,3,255,35700,4.76,4.84,4.88,4.91,4.9,4.41,4.75,t,6,6,0,0,0.91
17704067,100%,98%,f,27,30,t,t,Dorchester,42.30656,-71.07173,Private room in rental unit,Private room,1,1,1,1,$40.00 ,30,365,t,12,42,72,347,20,4,0,82,5,240,9600,4.65,4.65,4.5,4.75,4.7,3.95,4.2,f,27,5,22,0,0.2
17744380,100%,98%,f,6,19,t,t,Roxbury,42.3294961,-71.0881648,Entire home,Entire home/apt,11,2,4,7,$430.00 ,29,1125,t,6,30,60,335,122,0,0,70,0,0,0,4.76,4.79,4.9,4.91,4.89,4.34,4.74,t,6,6,0,0,1.18
17779084,100%,0%,f,31,34,t,t,Roxbury,42.31333,-71.09339,Private room in condo,Private room,1,1.5,1,1,$55.00 ,91,1000,t,30,60,90,365,0,0,0,100,0,0,0,,,,,,,,f,31,0,31,0,
17791011,100%,98%,t,4,6,t,t,Back Bay,42.35122842,-71.08858947,Entire condo,Entire home/apt,2,1,1,1,$156.00 ,29,1125,t,0,0,0,156,218,28,1,5,73,255,39780,4.85,4.91,4.78,4.87,4.96,4.96,4.67,f,4,2,2,0,5.57
17806747,100%,0%,f,2,5,t,t,North End,42.36393,-71.05223,Entire condo,Entire home/apt,2,1,2,2,$130.00 ,91,1125,t,0,0,10,285,15,0,0,20,0,0,0,5,4.93,5,4.93,5,5,4.8,f,2,2,0,0,0.15
17849739,100%,98%,f,27,30,t,t,Dorchester,42.28964,-71.06607,Private room in rental unit,Private room,1,1,1,1,$50.00 ,30,365,t,4,4,4,150,14,3,0,4,2,180,9000,4.64,4.5,4.36,5,5,4.29,4.64,f,27,5,22,0,0.16
17907229,100%,98%,f,27,30,t,t,Dorchester,42.30133,-71.0648,Entire rental unit,Entire home/apt,3,1,3,3,$120.00 ,30,365,t,30,60,90,365,1,0,0,99,1,0,0,3,4,2,3,4,3,2,f,27,5,22,0,0.07
17927755,100%,89%,t,1,1,t,t,Mission Hill,42.32938,-71.11024,Private room in rental unit,Private room,2,1,1,1,$83.00 ,29,730,t,0,0,22,297,85,5,0,32,4,255,21165,4.69,4.81,4.71,4.85,4.88,4.74,4.66,f,1,0,1,0,0.82
17942707,100%,93%,t,5,5,t,t,Roxbury,42.32807,-71.09557,Entire rental unit,Entire home/apt,4,1,1,3,$167.00 ,91,1125,t,28,58,88,268,98,0,0,98,0,0,0,4.68,4.84,4.77,4.92,4.91,4.62,4.72,f,5,5,0,0,0.95
17952482,100%,98%,t,24,30,t,t,Dorchester,42.30752,-71.06525,Private room in rental unit,Private room,1,2,1,4,$90.00 ,30,180,t,23,53,83,263,33,0,0,93,0,0,0,4.61,4.76,4.58,4.88,4.88,4.42,4.67,f,17,0,17,0,0.32
17962385,100%,64%,f,1,2,t,t,South End,42.34417362,-71.07598677,Entire rental unit,Entire home/apt,2,1,0,1,$161.00 ,2,26,t,0,0,25,25,82,4,1,25,11,24,3864,4.72,4.84,4.87,4.85,4.84,4.91,4.68,f,1,1,0,0,0.82
17969508,100%,0%,f,31,34,t,t,Roxbury,42.31343,-71.09345,Private room in rental unit,Private room,1,1.5,2,1,$39.00 ,150,1125,t,30,60,90,365,0,0,0,100,0,0,0,,,,,,,,f,31,0,31,0,
17989108,17%,0%,f,1,3,t,t,Charlestown,42.37532,-71.05777,Entire rental unit,Entire home/apt,2,1,1,1,$347.00 ,4,15,t,14,44,74,164,73,0,0,84,0,0,0,4.86,4.9,4.96,4.97,4.95,4.9,4.89,f,1,1,0,0,0.71
17994861,N/A,N/A,f,1,1,t,t,South End,42.34218,-71.079,Entire rental unit,Entire home/apt,4,,2,,,91,1125,,0,0,0,0,1,0,0,0,0,0,,5,5,5,5,5,5,5,f,1,1,0,0,0.01
18023901,100%,69%,f,13,20,t,t,Dorchester,42.32116318,-71.05723853,Private room in rental unit,Private room,2,1,1,1,$61.00 ,29,365,t,30,60,90,365,132,9,0,100,41,255,15555,4.92,4.95,4.79,4.98,4.99,4.7,4.86,f,13,0,13,0,1.55
18070939,100%,100%,f,120,136,t,t,Back Bay,42.34981,-71.08263,Entire rental unit,Entire home/apt,2,1,0,1,$230.00 ,1,1125,t,3,12,42,279,310,9,1,51,0,54,12420,4.72,4.85,4.81,4.88,4.85,4.97,4.59,f,86,86,0,0,3.02
18159981,83%,11%,t,3,6,t,t,Dorchester,42.28897,-71.06613,Entire rental unit,Entire home/apt,4,1,2,2,$185.00 ,91,1125,t,0,0,28,180,77,1,0,38,2,182,33670,4.95,4.96,4.96,4.95,4.97,4.58,4.84,f,2,2,0,0,0.75
18162671,N/A,N/A,f,1,4,t,t,Allston,42.35294,-71.13978,Private room in townhouse,Private room,2,1,2,2,$189.00 ,91,1125,t,30,60,90,365,44,0,0,99,0,0,0,4.73,4.82,4.64,4.91,4.95,4.73,4.77,t,1,0,1,0,0.43
18170647,95%,91%,f,117,207,t,t,Brighton,42.34133,-71.14605,Entire rental unit,Entire home/apt,4,1,1,2,$171.00 ,180,1125,t,0,0,0,261,4,0,0,0,0,0,0,5,4.75,4.75,4.75,5,5,4.5,f,33,33,0,0,0.05
18199963,100%,100%,t,9,14,t,t,Brighton,42.35395,-71.16776,Private room in condo,Private room,2,1,1,1,$110.00 ,1,1125,t,22,49,79,353,209,17,2,88,25,102,11220,4.82,4.88,4.77,4.92,4.93,4.81,4.76,t,6,0,6,0,2.07
18220200,100%,0%,f,31,34,t,t,Roxbury,42.31337,-71.09339,Private room in rental unit,Private room,1,1,1,1,$39.00 ,120,1125,t,30,60,90,365,1,0,0,99,0,0,0,5,5,5,5,5,5,5,f,31,0,31,0,0.01
18240259,N/A,N/A,f,1,1,t,t,Jamaica Plain,42.3196,-71.1044,Private room in condo,Private room,2,,,,,91,1125,t,0,0,0,0,12,0,0,0,0,0,,4.92,5,4.92,4.83,5,4.83,4.92,t,1,0,1,0,0.12
18354570,100%,100%,t,1,3,t,t,Back Bay,42.35318,-71.07904,Entire rental unit,Entire home/apt,2,1,0,1,$196.00 ,30,1125,t,0,2,3,182,145,3,0,12,3,180,35280,4.85,4.92,4.79,4.9,4.92,4.99,4.74,t,1,1,0,0,1.42
18368646,100%,100%,f,3,4,t,t,Dorchester,42.29189,-71.0574,Private room in home,Private room,3,1,1,1,$71.00 ,29,365,t,0,0,1,266,106,1,0,1,1,58,4118,4.79,4.87,4.86,4.97,4.91,4.55,4.77,f,3,0,3,0,1.04
18396209,N/A,N/A,f,1,2,t,f,Downtown,42.35553,-71.05674,Entire serviced apartment,Entire home/apt,8,,2,,,91,1125,,0,0,0,0,150,0,0,0,0,0,,4.73,4.71,4.81,4.7,4.65,4.97,4.72,f,1,1,0,0,1.48
18526885,90%,75%,t,4,8,t,f,Roxbury,42.31737,-71.09498,Private room in condo,Private room,1,2,1,1,$50.00 ,90,1125,t,28,58,88,363,17,1,0,97,2,180,9000,4.76,4.47,4.59,4.65,4.88,4.29,4.59,f,2,0,2,0,0.17
18568481,N/A,N/A,f,1,1,t,f,South Boston Waterfront,42.34534,-71.04232,Entire rental unit,Entire home/apt,2,,1,,,91,1125,,0,0,0,0,0,0,0,0,0,0,,,,,,,,,f,1,1,0,0,
18582571,N/A,N/A,f,1,1,t,f,Beacon Hill,42.35782,-71.06975,Entire rental unit,Entire home/apt,2,,1,,,91,1125,,0,0,0,0,2,0,0,0,0,0,,4,3.5,4,5,4,5,3.5,f,1,1,0,0,0.02
18584891,100%,100%,t,3,3,t,t,Dorchester,42.29402,-71.06196,Private room in home,Private room,2,1,1,1,$91.00 ,1,13,t,3,24,32,62,989,104,9,32,118,255,23205,4.98,4.98,4.93,4.99,4.98,4.84,4.97,f,3,0,3,0,9.71
18605469,N/A,N/A,f,1,2,t,f,Dorchester,42.28266,-71.05867,Private room in rental unit,Private room,2,,,,,91,1125,,0,0,0,0,3,0,0,0,0,0,,5,5,5,5,5,5,5,f,1,0,1,0,0.03
18612312,78%,100%,f,5,8,t,f,East Boston,42.39031,-71.00178,Private room in home,Private room,1,1,1,1,$55.00 ,31,1125,t,29,59,89,364,1,0,0,99,1,0,0,1,1,1,1,1,1,1,f,5,1,4,0,0.07
18613633,78%,100%,f,5,8,t,f,East Boston,42.38917,-71.00362,Private room in home,Private room,1,1,1,1,$55.00 ,31,1125,t,29,59,89,364,4,0,0,99,0,0,0,4,4.5,3.25,4,4,4,3.75,f,5,1,4,0,0.04
18617002,N/A,N/A,f,1,2,t,t,South End,42.34125,-71.06522,Entire rental unit,Entire home/apt,4,,1,,,91,1125,t,0,0,0,0,6,0,0,0,0,0,,5,5,5,5,5,4.4,5,f,1,1,0,0,0.06
18736738,100%,100%,t,1,2,t,t,West Roxbury,42.29486,-71.15989,Entire home,Entire home/apt,4,1,1,1,$113.00 ,91,1125,t,18,21,21,234,20,1,0,21,2,182,20566,4.95,4.95,4.8,5,5,5,5,f,1,1,0,0,0.2
18790023,88%,97%,f,2,4,t,t,Roslindale,42.27801,-71.13446,Private room in rental unit,Private room,2,1,1,2,$110.00 ,2,1124,t,6,36,66,341,96,4,1,76,3,24,2640,4.72,4.9,4.82,4.88,4.81,4.67,4.73,t,2,0,2,0,0.95
18875451,100%,100%,t,9,14,t,t,Brighton,42.35418,-71.16776,Private room in condo,Private room,2,1,1,1,$116.00 ,1,1125,t,11,38,68,342,241,12,1,77,28,72,8352,4.82,4.88,4.7,4.9,4.93,4.81,4.77,t,6,0,6,0,2.39
18875553,100%,100%,t,9,14,t,t,Brighton,42.35401,-71.16776,Private room in condo,Private room,2,1,1,1,$129.00 ,1,1125,t,21,46,76,348,100,4,0,86,11,24,3096,4.8,4.83,4.64,4.93,4.95,4.79,4.75,t,6,0,6,0,0.99
18875599,100%,100%,t,9,14,t,t,Brighton,42.35401,-71.16776,Private room in rental unit,Private room,2,1,1,1,$120.00 ,1,1125,t,12,38,68,331,117,5,2,77,10,30,3600,4.76,4.84,4.57,4.95,4.97,4.85,4.78,t,6,0,6,0,1.16
18876533,100%,100%,t,9,14,t,t,Brighton,42.35457,-71.16684,Private room in condo,Private room,2,1,1,1,$134.00 ,1,1125,t,21,49,79,354,127,13,3,89,19,78,10452,4.94,4.91,4.91,4.93,4.98,4.87,4.83,t,6,0,6,0,2.08
18886077,90%,75%,t,4,8,t,f,Roxbury,42.3165,-71.09563,Private room in rental unit,Private room,1,2,1,1,$45.00 ,60,1125,t,0,18,48,323,8,0,0,58,0,0,0,4.5,4.5,4.38,4.25,4.25,4.25,4.38,f,2,0,2,0,0.08
18942870,N/A,N/A,f,21,27,t,f,Dorchester,42.32458,-71.05999,Private room in rental unit,Private room,1,,,,,91,1125,,0,0,0,0,1,0,0,0,0,0,,2,4,2,5,5,3,1,f,8,0,8,0,0.02
18945347,100%,98%,t,24,30,t,t,Dorchester,42.30742,-71.06513,Private room in rental unit,Private room,1,2,1,1,$55.00 ,30,180,t,0,28,58,333,50,1,0,67,2,60,3300,4.72,4.78,4.76,4.92,4.88,4.18,4.56,f,17,0,17,0,0.5
19037094,N/A,N/A,f,2,2,t,t,South Boston Waterfront,42.34867,-71.0435,Entire rental unit,Entire home/apt,2,,1,,,91,1125,,0,0,0,0,12,0,0,0,0,0,,4.33,4.75,4.25,4.42,3.92,4.92,4.5,f,1,1,0,0,0.12
19071875,N/A,N/A,f,4,4,t,t,East Boston,42.37957,-71.04049,Entire condo,Entire home/apt,4,,2,,,2,1125,t,0,0,0,0,9,0,0,0,0,0,,5,5,5,5,5,5,5,f,4,1,3,0,0.09
19100282,100%,100%,t,1,1,t,t,Jamaica Plain,42.30308,-71.13398,Entire home,Entire home/apt,8,3.5,4,5,$627.00 ,3,62,t,0,0,0,97,37,6,0,0,10,36,22572,4.97,4.97,4.92,4.97,5,4.92,4.86,t,1,1,0,0,0.43
19102461,100%,96%,f,10,22,t,t,Jamaica Plain,42.32424,-71.10748,Private room in home,Private room,2,1,1,1,$104.00 ,29,1125,t,7,22,22,75,109,2,1,22,1,116,12064,4.89,4.97,4.94,4.94,4.93,4.75,4.84,f,10,1,9,0,1.09
19103076,100%,96%,f,10,22,t,t,Jamaica Plain,42.32455,-71.10781,Private room in home,Private room,3,1,1,1,$125.00 ,29,180,t,30,60,90,270,108,0,0,100,0,0,0,4.87,4.87,4.93,4.86,4.91,4.78,4.78,f,10,1,9,0,1.08
19117781,100%,100%,t,3,3,t,t,Dorchester,42.29366,-71.06422,Private room in home,Private room,2,1,1,1,$96.00 ,1,7,t,3,21,29,186,949,101,9,29,112,255,24480,4.99,4.99,4.96,4.99,4.99,4.84,4.98,f,3,0,3,0,9.42
19140676,100%,98%,t,1,1,t,t,Dorchester,42.31343,-71.05495,Private room in condo,Private room,2,1,2,3,$85.00 ,1,730,t,13,37,66,337,228,34,7,76,29,204,17340,4.86,4.89,4.61,4.91,4.96,4.95,4.83,f,1,0,1,0,2.26
19149341,100%,99%,f,18,18,t,f,Charlestown,42.37579,-71.04981,Boat,Entire home/apt,6,1,1,1,$184.00 ,2,1125,t,8,30,60,319,111,6,0,69,9,36,6624,4.79,4.84,4.76,4.85,4.88,4.85,4.58,t,3,3,0,0,1.11
19154786,N/A,N/A,f,14,15,t,t,Fenway,42.34676,-71.08989,Entire rental unit,Entire home/apt,5,,2,,,91,1125,t,0,0,0,0,14,0,0,0,0,0,,4.57,4.62,4.31,4.62,4.77,4.83,4.64,t,14,14,0,0,0.14
19174144,N/A,N/A,f,2,3,t,t,Jamaica Plain,42.30676,-71.11278,Entire condo,Entire home/apt,4,,2,,,91,1125,t,0,0,0,0,5,0,0,0,0,0,,5,5,5,5,5,5,5,f,2,2,0,0,0.05
19182289,100%,0%,f,31,34,t,t,Roxbury,42.31343,-71.0935,Private room in rental unit,Private room,1,1,2,1,$39.00 ,150,1125,t,30,60,90,365,2,0,0,100,0,0,0,5,5,5,5,5,4.5,5,f,31,0,31,0,0.02
19199379,100%,100%,t,4,4,t,t,East Boston,42.3798,-71.0347,Entire rental unit,Entire home/apt,10,1,3,11,$242.00 ,1,1125,t,13,31,61,334,455,42,2,70,51,252,60984,4.88,4.92,4.9,4.94,4.92,4.75,4.81,f,3,3,0,0,4.53
19209066,78%,100%,f,5,8,t,f,East Boston,42.38832,-71.00145,Private room in rental unit,Private room,1,0,0,1,$55.00 ,91,1125,t,29,59,89,364,1,0,0,99,0,0,0,5,5,5,5,5,5,5,f,5,1,4,0,0.01
19308245,100%,100%,f,79,112,t,t,Beacon Hill,42.35956,-71.07184,Entire rental unit,Entire home/apt,2,1,1,1,$206.00 ,1,1000,t,3,16,42,51,140,13,2,51,12,78,16068,4.57,4.74,4.73,4.72,4.56,4.97,4.48,t,57,27,30,0,1.4
19310183,100%,94%,t,4,5,t,t,East Boston,42.36645,-71.0298,Entire condo,Entire home/apt,7,1,3,5,$223.00 ,4,180,t,2,6,32,144,213,35,2,32,62,255,56865,4.93,4.86,4.92,4.99,4.99,4.85,4.85,t,1,1,0,0,2.14
19356659,N/A,N/A,f,14,15,t,t,Fenway,42.34037,-71.08871,Entire rental unit,Entire home/apt,5,,2,,,91,1125,t,0,0,0,0,10,0,0,0,0,0,,4.3,4.33,3.8,4.75,4.75,5,4.25,t,14,14,0,0,0.1
19364110,100%,99%,t,4,4,t,f,Mission Hill,42.33209,-71.1015,Private room in home,Private room,4,1,1,2,$119.00 ,2,28,t,11,37,67,67,170,18,3,67,19,108,12852,4.76,4.82,4.93,4.89,4.88,4.81,4.61,f,4,0,4,0,1.7
19364446,N/A,N/A,f,1,1,t,f,Brighton,42.35272,-71.1643,Private room in rental unit,Private room,1,,,,,91,1125,,0,0,0,0,0,0,0,0,0,0,,,,,,,,,f,1,0,1,0,
19366533,100%,97%,t,5,5,t,t,West Roxbury,42.27971662,-71.1604324,Private room in home,Private room,1,1,1,1,$84.00 ,5,360,t,11,36,66,341,47,10,2,76,5,100,8400,4.96,4.94,4.94,4.98,4.96,4.83,4.94,f,5,1,4,0,0.55
19373388,100%,93%,t,2,3,t,f,Dorchester,42.29031,-71.06681,Entire rental unit,Entire home/apt,5,1,2,3,$120.00 ,29,1125,t,0,1,31,121,124,7,0,41,6,255,30600,4.7,4.87,4.73,4.92,4.9,4.54,4.69,f,2,2,0,0,1.23
19473060,100%,100%,t,9,14,t,t,Brighton,42.35397,-71.16775,Private room in rental unit,Private room,2,1,1,1,$131.00 ,1,1125,t,14,42,72,325,149,8,3,81,16,48,6288,4.82,4.91,4.65,4.88,4.87,4.82,4.82,t,6,0,6,0,1.5
19484144,100%,98%,t,2,2,t,t,Jamaica Plain,42.31387,-71.10864,Entire rental unit,Entire home/apt,2,1,0,2,$111.00 ,2,28,t,1,14,44,44,147,24,1,44,18,144,15984,4.95,4.95,4.88,4.98,4.98,4.92,4.86,f,2,2,0,0,1.47
19540224,89%,94%,f,19,49,t,t,Fenway,42.3494,-71.09566,Entire rental unit,Entire home/apt,4,1,1,4,$127.00 ,29,1124,t,24,28,38,307,216,1,0,47,4,58,7366,4.68,4.85,4.75,4.81,4.78,4.95,4.61,f,14,12,2,0,2.16
19593368,100%,71%,t,3,7,t,t,Downtown,42.35145,-71.06461,Entire rental unit,Entire home/apt,2,1,0,4,$144.00 ,91,1125,t,0,0,0,269,49,0,0,3,0,0,0,4.27,4.43,4.22,4.8,4.73,4.82,4.18,f,3,3,0,0,0.49
19655960,N/A,N/A,f,1,2,t,t,Roxbury,42.32282,-71.08615,Private room in condo,Private room,1,1.5,1,1,$50.00 ,91,1125,t,25,55,74,329,11,0,0,74,0,0,0,4.73,5,4.91,4.91,4.91,4.36,4.73,f,1,0,1,0,0.11
19727919,100%,100%,t,6,6,t,t,East Boston,42.38138,-71.02312,Private room in rental unit,Private room,2,1,1,2,$75.00 ,1,365,t,2,11,40,61,858,100,8,50,149,255,19125,4.88,4.91,4.9,4.96,4.96,4.82,4.84,f,4,0,4,0,8.62
19735537,N/A,N/A,f,1,1,t,t,Downtown,42.36538,-71.05861,Private room in condo,Private room,1,,1,,,91,1125,,0,0,0,0,0,0,0,0,0,0,,,,,,,,,f,1,0,1,0,
19885281,100%,98%,t,24,30,t,t,Dorchester,42.3075,-71.06533,Private room in rental unit,Private room,1,2,1,1,$54.00 ,32,120,t,19,48,78,353,45,1,0,88,0,64,3456,4.69,4.78,4.67,4.82,4.73,4.04,4.64,f,17,0,17,0,0.46
19885345,100%,98%,t,24,30,t,t,Dorchester,42.30792,-71.06513,Private room in rental unit,Private room,1,2,1,1,$80.00 ,32,180,t,0,22,52,327,32,3,1,62,1,192,15360,4.75,4.81,4.78,4.91,4.91,4.28,4.63,f,17,0,17,0,0.32
19904967,N/A,N/A,f,2,3,t,t,Beacon Hill,42.35734,-71.07094,Entire rental unit,Entire home/apt,2,,1,,,91,1124,t,0,0,0,0,7,0,0,0,0,0,,4.57,4.86,4.57,4.86,5,5,4.43,t,1,1,0,0,0.07
19918817,100%,98%,t,24,30,t,t,Dorchester,42.30754,-71.06525,Private room in rental unit,Private room,1,2,1,1,$51.00 ,29,120,t,0,0,11,286,38,0,0,20,1,0,0,4.66,4.74,4.71,4.92,4.95,4.26,4.61,f,17,0,17,0,0.38
19969497,100%,100%,t,5,5,t,t,Roxbury,42.33016,-71.09527,Entire rental unit,Entire home/apt,8,2,4,4,$558.00 ,3,90,t,3,20,45,54,175,9,0,54,12,54,30132,4.9,4.93,4.88,4.93,4.92,4.71,4.8,f,5,5,0,0,1.77
19982161,83%,46%,f,1,2,t,t,Back Bay,42.34728,-71.07585,Entire rental unit,Entire home/apt,3,1,0,1,$228.00 ,29,300,t,10,40,69,69,30,2,1,69,1,116,26448,4.87,4.93,4.97,4.77,4.93,5,4.63,f,1,1,0,0,0.3
19996537,N/A,N/A,f,1,1,t,t,Fenway,42.34096,-71.09928,Entire rental unit,Entire home/apt,2,,1,,,91,1125,t,0,0,0,0,0,0,0,0,0,0,,,,,,,,,t,1,1,0,0,
19997604,100%,100%,t,58,61,t,t,Fenway,42.35095,-71.09009,Entire rental unit,Entire home/apt,2,1,0,2,$184.00 ,3,1125,t,4,12,42,273,106,29,4,51,25,174,32016,4.89,4.89,4.92,4.93,4.92,4.97,4.74,f,2,2,0,0,1.08
20000347,100%,79%,f,2,5,t,t,Roxbury,42.32422,-71.09616,Entire loft,Entire home/apt,2,1,1,2,$165.00 ,30,180,t,4,25,55,65,70,0,0,65,0,0,0,4.3,4.39,3.94,4.94,4.94,4.72,4.44,f,2,2,0,0,0.71
20035860,100%,96%,f,10,22,t,t,Jamaica Plain,42.32478,-71.10587,Entire home,Entire home/apt,3,,1,,,2,180,t,0,0,0,0,40,0,0,0,1,0,,4.83,4.85,4.95,4.98,4.88,4.9,4.85,f,10,1,9,0,0.4
20055667,N/A,N/A,f,4,4,t,t,East Boston,42.37808,-71.04042,Private room in condo,Private room,2,,,,,1,1125,t,0,0,0,0,37,0,0,0,0,0,,4.92,4.97,4.92,4.97,4.97,4.89,4.95,f,4,1,3,0,0.37
20137039,100%,98%,t,2,3,t,t,Dorchester,42.31947,-71.05538,Entire condo,Entire home/apt,4,1,2,2,$393.00 ,2,365,t,3,3,8,8,107,11,1,8,17,66,25938,4.82,4.89,4.71,4.96,4.91,4.81,4.75,t,1,1,0,0,1.09
20137476,95%,81%,,50,71,t,t,Beacon Hill,42.35966,-71.06538,Private room in townhouse,Private room,1,1,1,1,$90.00 ,29,1124,t,24,54,84,102,185,3,1,93,3,174,15660,4.74,4.85,4.67,4.9,4.93,4.92,4.6,f,6,2,4,0,1.88
20152689,95%,81%,,50,71,t,t,Beacon Hill,42.36019,-71.064,Private room in townhouse,Private room,1,1,1,1,$88.00 ,29,1125,t,19,49,79,97,203,3,0,88,5,174,15312,4.71,4.8,4.58,4.9,4.97,4.96,4.54,f,6,2,4,0,2.06
20229074,100%,89%,f,1,2,t,t,South End,42.34631,-71.07188,Entire condo,Entire home/apt,2,1,1,1,$400.00 ,3,14,t,8,23,44,92,150,26,1,53,31,156,62400,4.99,4.99,4.99,5,5,4.99,4.92,t,1,1,0,0,1.53
20237145,100%,93%,t,2,4,t,t,Dorchester,42.30427,-71.06056,Entire rental unit,Entire home/apt,6,1,3,3,$200.00 ,1,28,t,9,30,60,71,190,28,2,70,32,168,33600,4.89,4.94,4.96,4.95,4.94,4.48,4.77,f,2,2,0,0,1.92
20268369,N/A,N/A,f,4,4,t,t,East Boston,42.37833,-71.04052,Private room in condo,Private room,5,,,,,2,1125,t,0,0,0,0,16,0,0,0,0,0,,4.94,5,5,5,5,4.88,4.81,f,4,1,3,0,0.16
20269422,100%,98%,t,24,30,t,t,Dorchester,42.3077,-71.06489,Private room in rental unit,Private room,2,,,,,32,160,t,0,23,53,142,42,1,0,62,1,64,,4.69,4.81,4.74,4.95,4.95,4.38,4.62,f,17,0,17,0,0.43
20359898,100%,92%,t,3,3,t,f,Jamaica Plain,42.31808,-71.10706,Entire rental unit,Entire home/apt,2,1,1,1,$137.00 ,29,365,t,9,16,16,276,85,5,0,16,4,255,34935,4.99,4.99,4.98,4.99,4.99,4.91,4.85,f,2,2,0,0,0.87
20406376,N/A,N/A,f,1,2,t,t,Jamaica Plain,42.32602,-71.10434,Private room in condo,Private room,1,1,2,1,$61.00 ,29,1125,t,29,59,89,89,28,0,0,89,0,0,0,4.64,4.68,4.5,4.71,4.54,4.43,4.68,f,1,0,1,0,0.29
20417844,N/A,N/A,f,1,1,t,t,South Boston,42.33927,-71.05215,Private room in rental unit,Private room,4,,,,,1,1125,t,0,0,0,0,115,0,0,0,1,0,,4.96,4.97,4.98,4.97,4.98,4.89,4.81,f,1,0,1,0,1.17
20420751,N/A,N/A,f,4,4,t,t,Brighton,42.33836,-71.14954,Private room in rental unit,Private room,2,,,,,91,180,t,0,0,0,0,11,0,0,0,0,0,,4.82,4.82,4.27,5,4.91,4.91,4.82,f,3,1,2,0,0.11
20446955,N/A,N/A,f,2,6,t,t,Hyde Park,42.26724,-71.10521,Private room in home,Private room,2,1,2,1,$80.00 ,91,1125,t,29,59,89,179,19,0,0,99,0,0,0,4.26,4.42,4.47,4.32,4.37,3.84,4.17,f,2,0,2,0,0.19
20456058,N/A,N/A,f,1,2,t,f,Allston,42.3487,-71.13436,Entire rental unit,Entire home/apt,2,,1,,,91,1125,,0,0,0,0,4,0,0,0,0,0,,4.5,4,4.5,4.25,4,4.75,4,f,1,1,0,0,0.04
20459710,N/A,N/A,f,1,1,t,t,Mission Hill,42.33505,-71.10036,Entire rental unit,Entire home/apt,5,,,,,91,1125,,0,0,0,0,0,0,0,0,0,0,,,,,,,,,f,1,1,0,0,
20547874,N/A,N/A,f,4,4,t,t,Brighton,42.34025,-71.14953,Private room in rental unit,Private room,2,,,,,91,1125,t,0,0,0,0,5,0,0,0,0,0,,5,4.4,4.4,5,4.8,4.2,4.4,f,3,1,2,0,0.05
20588785,N/A,N/A,f,2,10,t,t,Chinatown,42.35236,-71.05979,Private room in loft,Private room,2,,1,,,91,1125,t,0,0,0,0,61,0,0,0,0,0,,4.64,4.72,4.25,4.89,4.84,4.97,4.59,t,2,0,2,0,0.62
20634420,100%,64%,f,6,7,t,t,Mattapan,42.2765,-71.07733,Private room in home,Private room,1,1,1,1,$86.00 ,1,1125,t,14,44,73,73,54,1,1,73,3,6,516,4.76,4.83,4.74,4.93,4.85,4.69,4.57,f,6,0,6,0,0.55
20649310,100%,100%,t,1,2,t,t,Roslindale,42.27975,-71.12545,Private room in home,Private room,2,1.5,1,1,$98.00 ,1,31,t,3,20,50,266,144,21,2,60,29,126,12348,4.88,4.95,4.95,4.97,4.95,4.88,4.83,f,1,0,1,0,1.47
20655696,100%,100%,t,8,25,t,t,Dorchester,42.30945,-71.06212,Entire home,Entire home/apt,16,2,5,8,$689.00 ,2,1125,t,16,46,76,351,79,6,0,85,5,36,24804,4.72,4.71,4.76,4.91,4.9,4.46,4.51,f,7,7,0,0,0.88
20694962,N/A,N/A,f,1,4,t,t,Allston,42.34867,-71.13103,Private room in rental unit,Private room,2,,,,,91,1125,,0,0,0,0,5,0,0,0,0,0,,5,5,5,5,5,5,4.8,f,1,0,1,0,0.06
20704205,N/A,N/A,f,1,1,t,f,West Roxbury,42.264,-71.15166,Private room in home,Private room,1,,,,,91,1125,,0,0,0,0,1,0,0,0,0,0,,5,5,5,5,5,5,5,f,1,0,1,0,0.01
20723594,100%,96%,t,4,4,t,t,Dorchester,42.31016,-71.05332,Private room in home,Private room,2,,,,,1,1125,t,2,23,53,315,318,49,5,60,49,255,,4.93,4.94,4.91,4.97,4.98,4.91,4.9,f,4,0,4,0,3.24
20747657,100%,100%,t,2,2,t,t,Hyde Park,42.2721,-71.1081,Private room in home,Private room,2,1,1,1,$75.00 ,2,28,t,27,57,87,362,72,2,1,97,4,12,900,4.79,4.88,4.79,4.97,4.89,4.6,4.75,f,2,0,2,0,0.74
20754696,100%,77%,t,1,1,t,t,Jamaica Plain,42.30615,-71.11674,Entire guest suite,Entire home/apt,2,1,0,1,$107.00 ,3,31,t,3,21,45,215,234,25,3,50,29,150,16050,4.92,4.96,4.96,4.97,4.97,4.88,4.88,t,1,1,0,0,2.4
20775116,50%,83%,t,2,2,t,t,Fenway,42.34737,-71.1033,Entire rental unit,Entire home/apt,2,1,2,1,$161.00 ,30,1125,t,24,53,82,357,130,5,0,92,4,255,41055,4.97,4.98,4.97,4.96,4.99,4.95,4.87,f,2,2,0,0,1.33
20785742,100%,100%,t,1,1,t,t,Fenway,42.34132,-71.08615,Entire rental unit,Entire home/apt,4,1,1,2,$242.00 ,2,1125,t,3,9,29,258,422,68,5,35,75,255,61710,4.95,4.96,4.94,4.97,4.95,4.98,4.84,f,1,1,0,0,4.31
20812122,N/A,N/A,f,3,4,t,t,Downtown,42.36611,-71.05914,Private room in rental unit,Private room,2,,,,,91,120,,0,0,0,0,0,0,0,0,0,0,,,,,,,,,f,1,0,1,0,
20815139,N/A,N/A,f,1,1,t,t,Charlestown,42.38188,-71.06486,Entire townhouse,Entire home/apt,6,,3,,,91,1125,,0,0,0,0,13,0,0,0,0,0,,4.85,5,5,5,5,4.92,4.92,f,1,1,0,0,0.13
20849944,N/A,N/A,f,1,3,t,f,Roxbury,42.31043,-71.09046,Private room in home,Private room,1,,2,,,91,730,t,0,0,0,0,0,0,0,0,0,0,,,,,,,,,f,1,0,1,0,
20858430,100%,100%,t,3,16,t,f,Roxbury,42.33041,-71.09317,Entire condo,Entire home/apt,8,1.5,3,5,$282.00 ,30,365,t,14,40,70,345,107,13,0,80,28,255,71910,4.69,4.82,4.83,4.89,4.94,4.58,4.66,t,3,3,0,0,1.1
20868619,100%,100%,t,3,5,t,t,Brighton,42.35872,-71.1423,Entire rental unit,Entire home/apt,7,1,3,3,$326.00 ,2,13,t,13,29,58,148,433,31,0,68,51,186,60636,4.86,4.85,4.94,4.95,4.88,4.72,4.72,t,3,3,0,0,4.45
20926438,89%,94%,f,19,49,t,t,Fenway,42.35092,-71.09394,Entire rental unit,Entire home/apt,7,1,2,4,$65.00 ,29,1125,t,28,58,88,362,124,1,0,97,3,58,3770,4.57,4.67,4.61,4.83,4.79,4.9,4.44,f,14,12,2,0,1.27
20978478,88%,97%,f,2,4,t,t,Roslindale,42.27782,-71.13332,Private room in rental unit,Private room,2,1,1,1,$100.00 ,2,1125,t,15,45,75,350,64,4,0,85,5,24,2400,4.75,4.92,4.81,4.94,4.83,4.77,4.75,t,2,0,2,0,0.66
20999140,N/A,N/A,f,14,15,t,t,Back Bay,42.34614,-71.08673,Entire rental unit,Entire home/apt,6,,3,,,91,1125,t,0,0,0,0,37,0,0,0,0,0,,4.68,4.84,4.73,4.81,4.97,4.95,4.76,t,14,14,0,0,0.38
21006936,100%,64%,t,24,26,t,f,Beacon Hill,42.36101,-71.06874,Entire condo,Entire home/apt,3,,1,,,91,999,t,30,60,89,89,6,0,0,89,0,0,,4.17,4.33,3.83,5,3.83,5,4,f,7,7,0,0,0.06
21025191,100%,100%,t,2,2,t,t,Hyde Park,42.27076,-71.10598,Private room in home,Private room,2,1,1,1,$78.00 ,2,28,t,28,58,88,363,68,6,0,97,13,36,2808,4.65,4.75,4.78,4.88,4.79,4.5,4.59,f,2,0,2,0,0.7
21039322,100%,N/A,f,2,6,t,t,Allston,42.35958,-71.13128,Private room in guest suite,Private room,2,1,0,1,$70.00 ,91,1125,t,0,0,6,281,40,0,0,16,0,0,0,4.4,4.7,4.63,4.38,4.03,4.73,4.53,t,2,0,2,0,0.41
21096288,N/A,33%,f,1,2,t,t,Dorchester,42.31139,-71.05494,Entire home,Entire home/apt,4,1,4,4,$119.00 ,31,365,t,0,0,3,183,19,1,0,13,1,62,7378,4.63,4.84,4.16,5,5,4.74,4.68,f,1,1,0,0,0.21
21140575,100%,98%,f,27,30,t,t,Dorchester,42.30429,-71.07436,Private room in rental unit,Private room,1,1,1,1,$66.00 ,30,365,t,17,47,77,352,10,2,0,87,2,120,7920,4.9,4.9,4.8,5,5,3.9,4.6,f,27,5,22,0,0.17
21141934,100%,98%,f,27,30,t,t,Dorchester,42.29097,-71.06516,Private room in rental unit,Private room,1,,,,,30,365,t,18,48,78,353,11,2,0,87,1,120,,4.36,4.64,4,5,4.82,4,4,f,27,5,22,0,0.11
21182192,100%,100%,t,1,3,t,f,Bay Village,42.34971,-71.06862,Entire rental unit,Entire home/apt,4,1,1,2,$215.00 ,2,91,t,3,24,54,143,477,68,6,63,61,255,54825,4.83,4.88,4.9,4.93,4.86,4.96,4.65,f,1,1,0,0,4.93
21185484,N/A,N/A,f,1,2,t,t,Jamaica Plain,42.28808,-71.11218,Private room in condo,Private room,1,,,,,91,1125,,0,0,0,0,8,0,0,0,0,0,,4.38,4.38,4.5,4.38,4.5,4.38,4.13,f,1,0,1,0,0.09
21190750,100%,98%,t,3,3,t,t,South Boston,42.33451,-71.02731,Entire guest suite,Entire home/apt,2,1,0,2,$186.00 ,2,10,t,5,15,37,201,521,49,4,46,64,255,47430,4.97,4.97,4.98,4.98,4.99,4.89,4.92,f,3,3,0,0,5.53
21202475,100%,99%,t,4,7,t,t,Roxbury,42.33701,-71.0828,Entire rental unit,Entire home/apt,4,,2,,,30,1125,t,0,0,0,1,86,0,0,1,0,0,,4.63,4.78,4.64,4.93,4.91,4.56,4.52,f,2,2,0,0,0.9
21230903,N/A,N/A,f,1,3,t,t,Fenway,42.34315,-71.0989,Entire rental unit,Entire home/apt,8,,2,,,91,1125,,0,0,0,0,90,0,0,0,0,0,,4.58,4.73,4.8,4.78,4.64,4.89,4.52,f,1,1,0,0,0.94
21238858,100%,100%,f,1,2,t,f,Allston,42.34745,-71.14036,Entire guest suite,Entire home/apt,2,1,1,1,$125.00 ,1,730,t,6,27,57,325,481,42,2,67,77,252,31500,4.5,4.63,4.37,4.84,4.79,4.81,4.52,f,1,1,0,0,4.96
21350397,100%,98%,t,2,2,t,f,South End,42.3440581,-71.0700076,Entire rental unit,Entire home/apt,2,1,1,2,$443.00 ,3,1125,t,1,21,44,306,252,30,4,53,24,180,79740,4.99,4.98,5,5,4.99,4.98,4.9,f,2,2,0,0,2.62
21369962,100%,81%,t,1,3,t,t,Downtown,42.35748,-71.06156,Entire rental unit,Entire home/apt,4,1,1,2,$215.00 ,29,360,t,1,2,3,203,64,4,0,4,5,232,49880,4.97,4.92,4.97,4.95,5,5,4.84,f,1,1,0,0,0.67
21444743,80%,21%,f,11,16,t,t,Back Bay,42.35243,-71.07565,Entire condo,Entire home/apt,2,1,0,1,$130.00 ,91,1125,t,30,60,90,365,0,0,0,99,0,0,0,,,,,,,,f,8,8,0,0,
21445050,80%,21%,f,11,16,t,t,Fenway,42.34651,-71.0899,Entire rental unit,Entire home/apt,2,1,0,1,$130.00 ,32,1125,t,20,50,80,355,3,1,0,89,0,64,8320,5,5,4.33,5,5,5,4.67,f,8,8,0,0,0.03
21445137,80%,21%,f,11,16,t,t,Beacon Hill,42.36048,-71.06898,Entire condo,Entire home/apt,2,1,0,1,$130.00 ,32,1125,t,24,54,84,359,2,0,0,93,0,0,0,4,4.5,4,4.5,4,5,3.5,f,8,8,0,0,0.02
21445237,80%,21%,f,11,16,t,t,Brighton,42.35123,-71.15157,Entire condo,Entire home/apt,3,,1,,,91,1125,,0,0,0,0,0,0,0,0,0,0,,,,,,,,,f,8,8,0,0,
21454153,N/A,N/A,f,3,22,t,t,South Boston,42.33623,-71.05418,Entire rental unit,Entire home/apt,11,2,4,8,$206.00 ,91,1125,t,30,60,90,90,43,0,0,90,0,0,0,4.81,4.91,4.74,5,4.91,4.86,4.77,f,3,1,2,0,0.45
21484706,100%,81%,t,8,10,t,t,Dorchester,42.29093,-71.06551,Private room in condo,Private room,4,,2,,,91,1125,t,3,3,3,273,38,1,1,8,0,182,,4.53,4.76,4.13,4.92,4.89,4.71,4.5,f,8,0,8,0,0.4
21486679,100%,100%,f,120,136,t,t,Back Bay,42.34979,-71.08262,Entire rental unit,Entire home/apt,2,1,0,1,$180.00 ,1,1125,t,1,14,44,312,192,23,3,53,5,138,24840,4.62,4.74,4.76,4.88,4.81,4.95,4.54,f,86,86,0,0,2.06
21596829,90%,90%,f,2,5,t,t,Brighton,42.35532,-71.16481,Entire townhouse,Entire home/apt,8,2,3,4,$195.00 ,29,180,t,0,26,56,331,31,0,0,66,0,0,0,4.55,4.68,4.68,4.87,4.87,4.87,4.55,f,2,2,0,0,0.32
21597670,100%,62%,t,1,1,t,t,Roxbury,42.31977,-71.09202,Private room in townhouse,Private room,4,1,1,1,$79.00 ,45,730,t,0,28,58,238,116,2,0,68,2,180,14220,4.96,4.98,4.99,4.97,4.99,4.72,4.86,f,1,0,1,0,1.21
21624391,100%,62%,t,1,1,t,t,Brighton,42.34351,-71.15211,Entire home,Entire home/apt,4,1,2,3,$308.00 ,2,1125,t,11,35,56,221,168,8,1,59,9,48,14784,4.97,4.98,4.99,4.96,4.95,4.9,4.81,f,1,1,0,0,1.85
21679735,N/A,N/A,f,1,1,t,f,Allston,42.35863,-71.1243,Private room in home,Private room,1,,2,,,91,1125,,0,0,0,0,1,0,0,0,0,0,,5,5,4,5,5,4,4,f,1,0,1,0,0.01
21679902,80%,21%,f,11,16,t,t,Back Bay,42.35144,-71.08725,Entire rental unit,Entire home/apt,2,1,0,1,$202.00 ,32,1125,t,12,12,34,309,5,0,0,43,1,0,0,4.6,4.8,4.6,4.2,4.8,5,4.6,f,8,8,0,0,0.06
21683291,N/A,N/A,f,2,2,t,t,Mattapan,42.27415,-71.08912,Private room in home,Private room,2,,2,,,91,1125,t,0,0,0,0,28,0,0,0,0,0,,4.93,5,4.96,5,5,4.82,5,f,2,1,1,0,0.29
21698478,100%,50%,t,8,19,t,t,Dorchester,42.31974,-71.05734,Private room in rental unit,Private room,2,,,,,91,288,t,0,0,0,0,4,0,0,0,0,0,,5,5,5,5,5,4.75,5,f,1,0,1,0,0.04
21701419,100%,100%,t,6,6,t,t,West End,42.36441,-71.0686,Private room in rental unit,Private room,1,1,1,1,$110.00 ,29,90,t,0,29,35,301,73,14,1,35,7,255,28050,4.92,4.9,4.88,4.92,4.99,4.93,4.75,f,3,0,3,0,0.76
21736914,N/A,N/A,f,1,1,t,t,East Boston,42.38119,-71.02831,Private room in townhouse,Private room,1,,1,,,91,1125,,0,0,0,0,0,0,0,0,0,0,,,,,,,,,f,1,0,1,0,
21769647,100%,100%,t,1,1,t,t,Dorchester,42.29286,-71.07486,Private room in home,Private room,3,1,2,3,$175.00 ,4,1125,t,13,38,68,158,288,7,0,78,15,56,9800,4.83,4.87,4.7,4.93,4.92,4.47,4.8,t,1,0,1,0,3.04
21779767,80%,21%,f,11,16,t,t,Back Bay,42.35078,-71.08389,Entire condo,Entire home/apt,2,1,1,1,$130.00 ,32,1125,t,0,0,1,276,2,1,0,10,1,64,8320,4.5,4,4.5,5,4.5,5,4,f,8,8,0,0,0.02
21789235,100%,98%,f,27,30,t,t,Dorchester,42.29121,-71.06763,Entire rental unit,Entire home/apt,3,1,3,3,$140.00 ,30,365,t,30,60,90,365,1,0,0,99,0,0,0,5,5,5,5,5,5,5,f,27,5,22,0,0.02
21799918,100%,100%,t,7,16,t,t,Dorchester,42.31345,-71.05631,Entire rental unit,Entire home/apt,8,1.5,2,6,$176.00 ,1,100,t,0,9,14,253,69,21,1,16,20,126,22176,4.83,4.81,4.81,4.93,4.96,4.67,4.78,t,4,4,0,0,0.73
21800425,100%,100%,t,7,16,t,t,Dorchester,42.31345,-71.05631,Entire rental unit,Entire home/apt,8,1.5,2,4,$180.00 ,1,100,t,1,12,36,297,57,22,3,45,21,132,23760,4.81,4.82,4.84,4.95,4.91,4.67,4.74,t,4,4,0,0,0.6
21802497,100%,100%,t,7,16,t,t,Dorchester,42.31345,-71.05631,Entire rental unit,Entire home/apt,8,1.5,2,4,$187.00 ,1,100,t,3,14,39,291,84,20,0,47,24,120,22440,4.86,4.93,4.94,4.93,4.99,4.71,4.82,t,4,4,0,0,0.89
21815325,80%,21%,f,11,16,t,t,North End,42.36571,-71.05065,Entire condo,Entire home/apt,2,1,0,1,$202.00 ,60,1125,t,15,27,57,332,1,1,0,67,0,120,24240,5,5,5,5,5,5,5,f,8,8,0,0,0.33
21897391,50%,9%,f,1,1,t,t,Back Bay,42.3495636,-71.08756256,Entire condo,Entire home/apt,7,2.5,4,5,"$1,500.00 ",4,100,t,17,47,77,335,11,0,0,86,2,0,0,5,5,5,5,5,5,4.73,f,1,1,0,0,0.13
21925988,100%,97%,t,22,26,t,t,Charlestown,42.38356,-71.07874,Private room in rental unit,Private room,2,1,1,1,$52.00 ,29,1125,t,9,9,11,286,20,2,0,21,2,116,6032,4.85,4.85,4.9,4.95,4.95,4.8,4.75,f,12,3,9,0,0.21
21961507,N/A,N/A,f,2,3,t,t,Jamaica Plain,42.30493,-71.11555,Entire condo,Entire home/apt,2,,1,,,91,1125,t,0,0,0,0,0,0,0,0,0,0,,,,,,,,,f,2,2,0,0,
22013980,100%,100%,t,1,5,t,t,Jamaica Plain,42.3058984,-71.1249518,Entire home,Entire home/apt,3,1,2,2,$209.00 ,3,1125,t,19,46,72,248,162,24,2,82,28,144,30096,4.9,4.88,4.94,4.9,4.94,4.8,4.73,f,1,1,0,0,1.82
22081895,N/A,N/A,f,1,1,t,t,South Boston Waterfront,42.3525,-71.04803,Entire rental unit,Entire home/apt,2,,1,,,91,1125,,0,0,0,0,0,0,0,0,0,0,,,,,,,,,f,1,1,0,0,
22099733,100%,97%,t,8,8,t,t,East Boston,42.38041,-71.03189,Private room in home,Private room,2,2.5,1,1,$130.00 ,1,14,t,17,43,73,331,809,98,11,76,92,255,33150,4.9,4.92,4.96,4.95,4.92,4.72,4.82,t,6,0,6,0,8.61
22132037,N/A,N/A,f,1,1,t,t,Brighton,42.35448,-71.14723,Private room in rental unit,Private room,3,,,,,91,1125,,0,0,0,0,1,0,0,0,0,0,,5,5,5,5,5,5,5,f,1,0,1,0,0.01
22267104,100%,98%,t,3,3,t,t,South Boston,42.33451,-71.02731,Entire guest suite,Entire home/apt,2,1,0,2,$193.00 ,2,10,t,4,15,32,196,534,63,4,42,68,255,49215,4.97,4.98,4.98,4.99,4.98,4.89,4.91,f,3,3,0,0,5.74
22306805,90%,96%,t,1,2,t,t,South Boston,42.33712,-71.03903,Entire home,Entire home/apt,8,2,3,3,$387.00 ,1,1125,t,7,30,39,303,409,40,0,48,58,240,92880,4.92,4.95,4.95,4.95,4.94,4.91,4.78,f,1,1,0,0,4.34
22327139,100%,97%,t,8,8,t,t,East Boston,42.37855,-71.03157,Private room in home,Private room,2,2.5,1,1,$130.00 ,1,14,t,17,43,73,336,844,87,7,80,112,255,33150,4.88,4.89,4.95,4.94,4.9,4.7,4.79,t,6,0,6,0,8.96
22327141,100%,97%,t,8,8,t,t,East Boston,42.37874,-71.03119,Private room in home,Private room,2,2.5,1,1,$132.00 ,1,14,t,14,29,55,310,838,115,10,56,123,255,33660,4.87,4.89,4.94,4.93,4.91,4.71,4.76,t,6,0,6,0,8.9
22432082,N/A,N/A,f,1,1,t,f,Jamaica Plain,42.31094,-71.12824,Private room in guest suite,Private room,4,,2,,,91,1125,,0,0,0,0,0,0,0,0,0,0,,,,,,,,,f,1,0,1,0,
22581254,N/A,100%,f,3,6,t,f,Brighton,42.35718,-71.1568,Private room in home,Private room,1,1,1,1,$50.00 ,91,1125,t,0,0,0,274,2,1,0,9,0,182,9100,5,4.5,5,5,5,4.5,5,f,2,0,2,0,0.03
22627055,10%,0%,f,8,11,t,t,South End,42.34291,-71.07848,Entire rental unit,Entire home/apt,2,1,1,0,$200.00 ,29,1125,t,29,59,89,364,4,0,0,98,0,0,0,4,4.75,4.75,4,3.75,5,4.25,f,8,8,0,0,0.04
22627141,10%,0%,f,8,11,t,t,South End,42.34291,-71.07848,Entire rental unit,Entire home/apt,2,1,1,0,$200.00 ,29,1125,t,29,59,89,364,0,0,0,98,0,0,0,,,,,,,,f,8,8,0,0,
22627198,10%,0%,f,8,11,t,t,South End,42.34291,-71.07848,Entire rental unit,Entire home/apt,2,1,1,0,$150.00 ,29,1125,t,8,9,38,313,3,0,0,47,0,0,0,5,4.67,5,4.67,5,5,5,f,8,8,0,0,0.03
22651814,100%,92%,t,3,4,t,t,Roslindale,42.28497,-71.13567,Private room in townhouse,Private room,2,1,1,1,$64.00 ,2,365,t,10,34,64,64,83,33,5,64,25,198,12672,4.99,4.96,4.96,4.98,4.99,4.94,4.94,f,2,0,2,0,0.92
22692343,N/A,N/A,f,1,1,t,f,Brighton,42.34245,-71.1489,Private room in condo,Private room,2,,1,,,91,1125,,0,0,0,0,0,0,0,0,0,0,,,,,,,,,f,1,0,1,0,
22714438,100%,33%,f,2,3,t,t,South End,42.34167,-71.07539,Entire loft,Entire home/apt,2,1,0,1,$182.00 ,29,365,t,0,19,49,138,99,1,0,58,1,58,10556,4.78,4.9,4.74,4.86,4.9,4.97,4.72,f,1,1,0,0,1.08
22768569,N/A,N/A,f,1,1,t,t,Roslindale,42.28788,-71.11953,Private room in condo,Private room,2,1,1,1,$71.00 ,91,1125,t,30,60,90,270,0,0,0,100,0,0,0,,,,,,,,t,1,0,1,0,
22840213,100%,100%,t,3,5,t,t,Brighton,42.35872,-71.14229,Entire guest suite,Entire home/apt,2,1,1,1,$153.00 ,2,365,t,4,20,44,160,351,34,1,54,26,204,31212,4.75,4.84,4.92,4.91,4.87,4.64,4.66,t,3,3,0,0,3.76
22845323,N/A,N/A,f,1,2,t,t,Allston,42.34881,-71.13343,Entire condo,Entire home/apt,3,,2,,,180,365,,0,0,0,0,1,0,0,0,0,0,,5,4,4,5,5,5,4,f,1,1,0,0,0.01
22886713,100%,100%,t,3,5,t,t,Brighton,42.35872,-71.14229,Entire guest suite,Entire home/apt,2,1,1,1,$149.00 ,2,365,t,9,22,51,147,372,22,0,61,33,132,19668,4.78,4.84,4.89,4.93,4.85,4.65,4.67,t,3,3,0,0,3.99
22918412,100%,100%,t,1,1,t,t,East Boston,42.37154,-71.03688,Entire condo,Entire home/apt,4,1,1,2,$160.00 ,2,1125,t,2,10,21,278,282,66,6,23,77,255,40800,4.84,4.85,4.93,4.94,4.97,4.84,4.79,f,1,1,0,0,6.55
22940115,100%,100%,f,2,2,t,t,East Boston,42.38383,-71.0346,Private room in home,Private room,2,1,1,1,$149.00 ,1,365,t,14,41,71,346,314,32,3,81,39,192,28608,4.81,4.88,4.85,4.89,4.9,4.76,4.74,f,2,0,2,0,3.38
23015741,N/A,N/A,f,14,15,t,t,Back Bay,42.34425,-71.08563,Entire rental unit,Entire home/apt,5,,2,,,91,1125,t,0,0,0,0,40,0,0,0,0,0,,4.8,4.88,4.9,4.78,4.95,4.95,4.85,t,14,14,0,0,0.44
23017535,N/A,N/A,f,14,15,t,t,Back Bay,42.34628,-71.08664,Entire rental unit,Entire home/apt,5,,2,,,91,1125,t,0,0,0,0,18,0,0,0,0,0,,4.39,4.67,4.83,4.5,4.67,4.78,4.56,t,14,14,0,0,0.2
23017803,N/A,N/A,f,14,15,t,t,Fenway,42.34437,-71.08669,Entire rental unit,Entire home/apt,5,,2,,,91,1125,t,0,0,0,0,19,0,0,0,0,0,,4.68,4.89,4.58,4.79,4.74,4.95,4.63,t,14,14,0,0,0.21
23062683,N/A,N/A,f,1,1,t,t,South Boston Waterfront,42.34329,-71.05481,Entire rental unit,Entire home/apt,1,,1,,,91,1125,,0,0,0,0,1,0,0,0,0,0,,5,5,5,5,5,5,5,f,1,1,0,0,0.01
23089618,33%,50%,f,4,19,t,t,Allston,42.35499,-71.13678,Private room in home,Private room,1,,,,,91,365,t,30,60,90,364,0,0,0,99,0,0,,,,,,,,,f,3,0,3,0,
23109832,N/A,100%,f,1,1,t,t,Jamaica Plain,42.31734,-71.11375,Entire condo,Entire home/apt,6,1,3,3,$200.00 ,90,365,t,0,20,50,230,6,1,0,60,2,180,36000,5,5,5,4.67,5,5,4.83,f,1,1,0,0,0.09
23127262,100%,100%,f,2,2,t,t,Charlestown,42.37327,-71.05859,Entire home,Entire home/apt,8,,4,,,2,7,t,0,0,0,0,36,0,0,0,4,0,,5,4.97,4.94,4.97,4.97,5,4.89,f,1,1,0,0,0.42
23128943,100%,100%,t,6,6,t,t,West End,42.36558533,-71.06755066,Private room in condo,Private room,1,1,1,1,$108.00 ,29,90,t,0,25,55,330,46,3,0,64,3,174,18792,4.89,4.91,4.83,4.93,4.98,4.98,4.76,f,3,0,3,0,0.5
23147024,N/A,N/A,f,2,2,t,t,Longwood Medical Area,42.33837,-71.10728,Entire rental unit,Entire home/apt,5,,2,,,91,1125,t,0,0,0,0,26,0,0,0,0,0,,4.85,4.92,4.81,5,5,4.85,4.77,t,2,1,1,0,0.28
23165210,N/A,N/A,f,14,15,t,t,Back Bay,42.34597,-71.08426,Entire rental unit,Entire home/apt,5,,2,,,91,1125,t,0,0,0,0,26,0,0,0,0,0,,4.62,4.73,4.69,4.96,4.92,4.85,4.54,t,14,14,0,0,0.28
23166408,100%,50%,f,1,2,t,t,North End,42.36525,-71.05702,Entire condo,Entire home/apt,3,1,2,2,$261.00 ,30,1125,t,0,24,54,144,6,2,0,64,0,120,31320,5,5,5,5,5,5,5,f,1,1,0,0,0.07
23171291,100%,100%,t,8,11,t,t,Roxbury,42.31793,-71.09182,Private room in rental unit,Private room,1,1.5,4,1,$49.00 ,31,365,t,0,0,9,284,15,1,0,18,2,62,3038,5,5,4.8,5,5,4.47,4.93,f,8,1,7,0,0.17
23183205,94%,59%,f,21,29,t,t,Back Bay,42.34942,-71.08831,Entire condo,Entire home/apt,2,1,0,1,$130.00 ,91,1125,t,30,60,90,365,0,0,0,99,0,0,0,,,,,,,,f,12,12,0,0,
23252361,100%,100%,t,1,2,t,t,North End,42.36551,-71.05513,Entire rental unit,Entire home/apt,4,1,1,2,$277.00 ,2,90,t,5,24,51,299,342,48,4,61,57,255,70635,4.95,4.96,4.87,4.97,4.98,4.99,4.81,f,1,1,0,0,3.75
23258400,78%,100%,f,5,8,t,f,East Boston,42.38856,-71.00168,Private room in rental unit,Private room,1,1,1,1,$55.00 ,31,1125,t,29,59,89,364,3,0,0,99,0,0,0,4.67,4.33,5,5,4.67,5,4.67,f,5,1,4,0,0.04
23272728,N/A,N/A,f,2,2,t,t,Longwood Medical Area,42.33946,-71.10767,Private room in rental unit,Private room,1,,,,,91,1125,t,0,0,0,0,14,0,0,0,0,0,,5,4.93,5,4.93,5,5,5,t,2,1,1,0,0.15
23287236,100%,89%,t,9,26,t,t,West End,42.3643198,-71.068221,Entire rental unit,Entire home/apt,4,2,2,2,$523.00 ,90,1125,t,0,6,36,310,11,0,0,45,2,0,0,5,5,5,5,5,5,4.91,f,8,8,0,0,0.13
23289378,98%,99%,f,448,2201,t,t,Chinatown,42.352093,-71.06081,Entire serviced apartment,Entire home/apt,3,,,,,29,1125,t,27,56,86,360,53,0,0,95,1,0,,4.74,4.75,4.87,4.68,4.58,4.77,4.47,t,29,29,0,0,0.7
23289684,100%,89%,t,9,26,t,t,West End,42.3645578,-71.0692521,Entire rental unit,Entire home/apt,3,1,1,2,$320.00 ,30,1125,t,0,10,40,315,16,1,0,50,3,60,19200,4.81,4.94,4.81,5,4.94,5,4.75,f,8,8,0,0,0.19
23302453,98%,99%,f,448,2201,t,t,Chinatown,42.352093,-71.06081,Entire serviced apartment,Entire home/apt,3,,1,,,30,1125,t,28,58,88,362,35,0,0,97,0,0,,4.66,4.69,4.66,4.71,4.74,4.83,4.63,t,29,29,0,0,0.44
23302890,98%,99%,f,448,2201,t,t,Chinatown,42.352093,-71.06081,Entire serviced apartment,Entire home/apt,3,,1,,,29,1125,t,28,58,88,362,37,0,0,97,0,0,,4.46,4.38,4.57,4.3,4.32,4.35,4.27,t,29,29,0,0,0.47
23304072,10%,0%,f,8,11,t,t,South End,42.3432,-71.07848,Entire rental unit,Entire home/apt,4,1,1,0,$180.00 ,29,1125,t,24,54,84,359,9,0,0,93,0,0,0,4.44,4.67,4.11,5,5,4.89,4.56,f,8,8,0,0,0.1
23304141,10%,0%,f,8,11,t,t,South End,42.3432,-71.07846,Entire rental unit,Entire home/apt,4,1,1,0,$172.00 ,29,1125,t,8,38,68,343,13,0,0,77,0,0,0,4.23,4.46,4.15,4.85,4.85,5,4.08,f,8,8,0,0,0.15
23304442,10%,0%,f,8,11,t,t,South End,42.3431,-71.07848,Entire rental unit,Entire home/apt,2,,1,,,29,1125,t,0,0,0,0,23,0,0,0,0,0,,4.43,4.83,4.26,4.74,4.87,4.91,4.48,f,8,8,0,0,0.26
23316169,N/A,100%,f,1,1,t,t,Roxbury,42.33031,-71.09377,Entire condo,Entire home/apt,4,1,2,5,$80.00 ,91,1125,t,30,60,90,365,55,1,0,100,0,182,14560,4.84,4.8,4.64,5,4.91,4.67,4.73,t,1,1,0,0,0.64
23375776,100%,100%,t,8,11,t,t,Roxbury,42.31745,-71.09222,Private room in rental unit,Private room,1,1.5,1,1,$39.00 ,30,1125,t,6,6,29,208,24,2,0,38,4,120,4680,4.96,4.92,4.92,5,5,4.75,4.88,f,8,1,7,0,0.27
23380501,100%,100%,t,8,11,t,t,Roxbury,42.31776,-71.08999,Private room in rental unit,Private room,1,1.5,1,1,$45.00 ,30,365,t,0,0,0,266,11,1,0,0,2,60,2700,5,4.91,4.82,4.82,5,4.91,4.82,t,8,1,7,0,0.13
23392249,100%,100%,f,134,1206,t,t,Chinatown,42.35209,-71.06081,Entire serviced apartment,Entire home/apt,3,,,,,29,1125,t,27,56,86,360,4,0,0,95,0,0,,5,4.5,4.75,4.75,4.75,5,4.75,t,5,5,0,0,0.08
23393589,100%,100%,f,134,1206,t,t,Chinatown,42.352093,-71.060806,Entire serviced apartment,Entire home/apt,3,,,,,29,1125,t,29,59,89,363,2,0,0,98,0,0,,4.5,5,5,5,3,4.5,4,t,5,5,0,0,0.04
23394295,100%,100%,f,134,1206,t,t,Chinatown,42.352093,-71.060806,Entire serviced apartment,Entire home/apt,3,,,,,29,1125,t,27,56,86,360,1,0,0,95,0,0,,5,5,5,5,5,5,5,t,5,5,0,0,0.02
23412602,N/A,N/A,f,1,1,t,f,Fenway,42.34687,-71.10553,Entire rental unit,Entire home/apt,4,,,,,91,1124,,0,0,0,0,2,0,0,0,0,0,,5,4.5,4.5,5,5,5,5,f,1,1,0,0,0.02
23420771,100%,42%,f,8,46,t,t,South Boston Waterfront,42.3501,-71.04293,Entire rental unit,Entire home/apt,4,,2,,,35,50,t,6,7,30,30,30,0,0,30,0,0,,4.8,4.6,4.9,4.7,5,5,4.53,f,2,2,0,0,0.33
23483066,N/A,N/A,f,1,3,t,t,East Boston,42.3814,-71.03251,Private room in rental unit,Private room,1,,,,,32,150,t,0,0,0,0,1,0,0,0,0,0,,5,5,4,5,5,5,5,f,1,0,1,0,0.01
23487191,100%,84%,t,3,7,t,t,Roxbury,42.32564,-71.09406,Private room in townhouse,Private room,1,2,1,1,$49.00 ,30,120,t,16,22,23,202,25,4,0,32,2,240,11760,4.92,4.96,4.8,5,4.88,4.84,4.84,f,3,0,3,0,0.28
23502271,N/A,N/A,f,1,1,t,t,North End,42.36624,-71.05741,Entire rental unit,Entire home/apt,2,,,,,29,60,t,0,0,0,0,10,0,0,0,0,0,,4.9,4.9,4.8,4.9,5,5,4.7,f,1,1,0,0,0.11
23502542,N/A,N/A,f,2,3,t,f,Downtown,42.3611,-71.06191,Private room in condo,Private room,1,,,,,91,1125,,0,0,0,0,87,0,0,0,0,0,,4.84,4.9,4.63,4.95,4.92,5,4.84,f,2,1,1,0,0.95
23592161,100%,100%,f,1,2,t,f,North End,42.36595,-71.05406,Entire condo,Entire home/apt,2,1,1,1,$269.00 ,12,120,t,2,26,52,327,152,5,1,62,6,120,32280,4.79,4.8,4.93,4.87,4.87,4.96,4.59,f,1,1,0,0,1.69
23624354,N/A,N/A,f,1,2,t,t,Charlestown,42.37926,-71.06328,Entire home,Entire home/apt,6,,3,,,91,1125,,0,0,0,0,1,0,0,0,0,0,,5,5,5,5,5,5,5,f,1,1,0,0,0.01
23628777,100%,97%,f,1,1,t,t,Hyde Park,42.26599716,-71.10995422,Entire rental unit,Entire home/apt,4,1,2,2,$196.00 ,3,365,t,12,40,70,345,34,34,2,79,7,204,39984,4.65,4.56,4.68,4.68,4.68,4.53,4.59,f,1,1,0,0,3.27
23632539,N/A,N/A,f,1,1,t,t,Downtown,42.35223,-71.06427,Entire rental unit,Entire home/apt,3,,1,,,91,1125,,0,0,0,0,5,0,0,0,0,0,,4.8,4.8,5,5,5,5,5,f,1,1,0,0,0.05
23651852,100%,N/A,f,1,2,t,t,Fenway,42.34489,-71.09692,Entire condo,Entire home/apt,2,1,1,1,$170.00 ,91,1125,t,0,0,0,140,2,0,0,0,0,0,0,5,4.5,4.5,5,5,5,5,f,1,1,0,0,0.02
23668146,100%,98%,t,24,30,t,t,Dorchester,42.30949,-71.06576,Private room in rental unit,Private room,1,,,,,32,180,t,20,50,80,354,45,2,0,89,1,128,,4.71,4.71,4.6,4.91,4.91,4.11,4.53,f,17,0,17,0,0.49
23687280,N/A,N/A,f,14,15,t,t,Back Bay,42.34482,-71.08629,Entire rental unit,Entire home/apt,7,,3,,,91,1125,t,0,0,0,0,14,0,0,0,0,0,,5,5,5,4.86,4.93,4.93,4.86,t,14,14,0,0,0.15
23687980,N/A,N/A,f,14,15,t,t,Back Bay,42.34478,-71.08427,Entire rental unit,Entire home/apt,7,,3,,,91,1125,t,0,0,0,0,14,0,0,0,0,0,,4.86,4.93,4.93,4.86,5,5,4.57,t,14,14,0,0,0.15
23790542,N/A,N/A,f,1,4,t,t,Dorchester,42.31602,-71.05477,Private room in rental unit,Private room,1,,1,,,91,1125,,0,0,0,0,1,0,0,0,0,0,,5,5,5,5,5,5,5,f,1,0,1,0,0.01
23800657,N/A,80%,t,1,1,t,t,Back Bay,42.35385,-71.07447,Entire condo,Entire home/apt,3,1,0,1,$209.00 ,29,364,t,0,0,2,277,65,3,0,11,4,174,36366,4.88,4.95,4.95,4.94,4.91,5,4.68,f,1,1,0,0,0.71
23801768,0%,N/A,f,24,103,t,t,East Boston,42.3654,-71.03949,Entire rental unit,Entire home/apt,4,,1,,,91,365,t,30,60,89,89,1,0,0,89,0,0,,5,5,5,5,5,5,5,f,14,14,0,0,0.01
23805314,100%,100%,t,2,3,t,t,West Roxbury,42.28996,-71.1459,Entire home,Entire home/apt,4,2,2,2,$351.00 ,3,20,t,4,11,11,206,268,16,0,21,37,96,33696,4.99,4.99,4.97,4.99,4.98,4.95,4.94,f,1,1,0,0,2.95
23822858,0%,N/A,f,24,103,t,t,Downtown,42.35317,-71.05421,Entire rental unit,Entire home/apt,3,,1,,,91,1125,t,0,0,0,0,9,0,0,0,0,0,,4.89,5,4.78,5,5,5,4.56,f,14,14,0,0,0.1
23842606,100%,100%,t,8,11,t,t,Roxbury,42.31611,-71.0921,Private room in rental unit,Private room,1,,,,,31,365,t,26,52,78,85,24,2,0,85,4,124,,5,4.96,4.83,4.96,5,4.58,4.75,f,8,1,7,0,0.27
23872975,100%,96%,t,1,3,t,t,Charlestown,42.37648,-71.06444,Entire condo,Entire home/apt,4,1,2,2,$370.00 ,4,100,t,5,9,9,9,121,16,2,9,17,128,47360,4.95,4.96,4.8,4.92,4.93,4.98,4.79,f,1,1,0,0,1.38
23912131,100%,89%,t,9,26,t,t,West End,42.36397,-71.0692,Entire rental unit,Entire home/apt,3,1,1,2,$258.00 ,30,1125,t,26,56,86,360,21,3,0,95,5,180,46440,4.95,5,4.71,4.95,5,4.95,4.71,f,8,8,0,0,0.23
23918171,N/A,N/A,f,1,11,t,t,South End,42.33935,-71.07489,Entire rental unit,Entire home/apt,4,,1,,,29,1125,t,0,0,0,0,86,0,0,0,0,0,,4.56,4.76,4.72,4.9,4.97,4.87,4.55,f,1,1,0,0,0.95
23947734,100%,98%,f,27,30,t,t,Dorchester,42.28787,-71.06662,Private room in rental unit,Private room,1,1,1,1,$51.00 ,30,365,t,28,56,85,329,0,0,0,93,0,0,0,,,,,,,,f,27,5,22,0,
23965606,100%,98%,f,27,30,t,t,Dorchester,42.28787,-71.06692,Entire rental unit,Entire home/apt,3,1,3,1,$130.00 ,30,365,t,25,55,85,360,1,0,0,94,0,0,0,5,4,4,5,5,5,5,f,27,5,22,0,0.02
24032465,100%,98%,f,27,30,t,t,Dorchester,42.28853,-71.06631,Private room in rental unit,Private room,1,1,1,1,$52.00 ,30,365,t,27,54,83,318,2,0,0,91,0,0,0,4.5,4.5,4.5,5,5,3.5,4,f,27,5,22,0,0.02
24034961,100%,98%,f,27,30,t,t,Dorchester,42.28816,-71.06655,Private room in rental unit,Private room,1,1,1,1,$43.00 ,30,365,t,28,56,85,331,0,0,0,93,0,0,0,,,,,,,,f,27,5,22,0,
24061454,44%,36%,f,7,19,t,f,Fenway,42.34492,-71.08872,Entire rental unit,Entire home/apt,2,1,2,2,$116.00 ,180,391,t,11,18,48,322,0,0,0,57,0,0,0,,,,,,,,f,1,1,0,0,
24079621,100%,93%,t,2,4,t,t,Dorchester,42.30441,-71.06202,Entire rental unit,Entire home/apt,4,1,3,3,$143.00 ,1,28,t,2,25,50,60,209,37,2,60,39,222,31746,4.8,4.91,4.94,4.91,4.95,4.44,4.71,f,2,2,0,0,2.33
24080196,N/A,N/A,f,3,11,t,t,Dorchester,42.31125,-71.05151,Private room in rental unit,Private room,2,,4,,,29,1125,t,0,0,0,0,127,0,0,0,0,0,,4.7,4.77,4.92,4.96,4.82,4.83,4.72,f,3,0,3,0,1.39
24087726,N/A,N/A,f,3,11,t,t,Dorchester,42.31002,-71.05201,Private room in rental unit,Private room,2,,,,,29,1125,t,0,0,0,0,131,0,0,0,0,0,,4.82,4.92,4.87,4.93,4.91,4.82,4.73,f,3,0,3,0,1.44
24090510,N/A,N/A,f,3,11,t,t,Dorchester,42.31163,-71.05311,Private room in rental unit,Private room,2,,,,,29,1125,t,0,0,0,0,114,0,0,0,0,0,,4.79,4.89,4.82,4.91,4.91,4.77,4.78,f,3,0,3,0,1.25
24094681,N/A,N/A,f,1,2,t,t,Back Bay,42.35125,-71.08101,Entire rental unit,Entire home/apt,3,,,,,91,1125,t,0,0,0,0,1,0,0,0,0,0,,5,5,4,5,5,5,5,f,1,1,0,0,0.01
24131246,N/A,N/A,f,1,2,t,f,Allston,42.35309,-71.12907,Entire condo,Entire home/apt,3,,,,,600,1125,,0,0,0,0,0,0,0,0,0,0,,,,,,,,,f,1,1,0,0,
24168312,55%,30%,f,15,18,t,t,Back Bay,42.35136,-71.08851,Entire condo,Entire home/apt,2,1,0,1,$198.00 ,29,1125,t,0,0,10,285,19,0,0,19,1,0,0,4.47,4.58,4.42,4.79,4.84,5,4.58,f,7,7,0,0,0.21
24186330,100%,91%,t,6,8,t,t,Roslindale,42.28471,-71.12891,Private room in home,Private room,2,1,1,1,$135.00 ,3,180,t,6,19,37,127,68,10,0,47,19,60,8100,5,5,5,5,5,4.97,4.97,f,6,0,6,0,0.75
24193805,100%,91%,t,6,8,t,t,Roslindale,42.28471,-71.12891,Private room in home,Private room,2,1.5,1,1,$133.00 ,3,180,t,0,14,44,134,41,4,1,54,10,24,3192,5,4.98,5,5,5,4.95,4.98,f,6,0,6,0,0.46
24219094,N/A,N/A,f,1,1,t,f,Jamaica Plain,42.29909,-71.11593,Entire home,Entire home/apt,6,,4,,,180,1125,t,0,0,0,0,113,0,0,0,0,0,,4.94,4.96,4.92,4.97,4.94,4.9,4.81,f,1,1,0,0,1.24
24261049,100%,100%,t,2,2,t,t,Mattapan,42.27467,-71.07362,Entire home,Entire home/apt,6,2,3,4,$250.00 ,29,1125,t,7,32,57,316,40,0,0,60,0,0,0,4.88,4.95,4.93,4.9,4.9,4.58,4.8,t,1,1,0,0,0.88
24265005,N/A,97%,f,2,2,t,t,Jamaica Plain,42.30537,-71.11748,Entire rental unit,Entire home/apt,4,,2,,,2,30,t,1,1,1,1,54,6,0,1,8,36,,4.89,4.91,4.87,4.98,5,4.91,4.81,t,2,2,0,0,0.62
24277032,55%,30%,f,15,18,t,t,North End,42.36547,-71.05492,Entire condo,Entire home/apt,2,1,1,2,$130.00 ,32,730,t,29,59,89,364,4,0,0,99,1,0,0,4.25,4,4.75,4.5,4.75,5,3.75,f,7,7,0,0,0.05
24324950,N/A,N/A,f,1,2,t,t,Chinatown,42.35051,-71.05964,Private room in rental unit,Private room,2,,,,,91,140,,0,0,0,0,0,0,0,0,0,0,,,,,,,,,f,1,0,1,0,
24325336,55%,30%,f,15,18,t,t,Beacon Hill,42.36026,-71.07003,Entire rental unit,Entire home/apt,2,1,0,1,$130.00 ,29,1125,t,25,55,85,360,9,1,0,94,0,58,7540,4.78,5,5,4.56,4.89,5,4.78,f,7,7,0,0,0.1
24347267,100%,91%,t,6,8,t,t,Roslindale,42.28471,-71.12891,Private room in home,Private room,2,1.5,1,1,$123.00 ,3,180,t,0,17,47,137,32,1,1,57,8,6,738,5,5,5,4.94,5,4.97,4.94,f,6,0,6,0,0.36
24356120,N/A,N/A,f,1,2,t,t,Roslindale,42.27719,-71.1295,Entire rental unit,Entire home/apt,2,,1,,,29,60,t,0,0,0,0,1,0,0,0,0,0,,5,5,5,5,5,5,5,f,1,1,0,0,0.01
24401790,100%,93%,f,7,11,t,t,Jamaica Plain,42.31069,-71.10282,Entire condo,Entire home/apt,2,1,1,1,$265.00 ,2,1125,t,8,33,63,242,151,5,0,72,13,30,7950,4.93,4.9,4.91,4.97,4.99,4.89,4.81,f,5,3,2,0,1.68
24412927,N/A,N/A,f,2,2,t,t,Mattapan,42.27586,-71.08746,Entire home,Entire home/apt,4,,2,,,91,1125,t,0,0,0,0,3,0,0,0,0,0,,4.67,4.33,5,5,5,4.33,4.67,f,2,1,1,0,0.03
24471492,100%,100%,t,1,4,t,t,Dorchester,42.29523,-71.06828,Private room in home,Private room,4,1,2,2,$110.00 ,2,6,t,10,28,28,28,183,20,3,28,17,120,13200,4.9,4.92,4.89,4.96,4.93,4.81,4.79,f,1,0,1,0,2.03
24484501,100%,100%,t,1,2,t,t,Charlestown,42.38217363,-71.07929664,Entire rental unit,Entire home/apt,16,2,5,20,$815.00 ,3,1125,t,14,29,53,296,246,26,3,58,32,156,127140,4.92,4.93,4.87,4.98,4.95,4.87,4.83,f,1,1,0,0,2.75
24563107,100%,89%,t,9,26,t,t,West End,42.3645578,-71.0692521,Entire rental unit,Entire home/apt,5,2,2,3,$528.00 ,29,730,t,21,51,81,356,23,2,0,91,3,116,61248,4.91,4.78,4.83,4.96,5,5,4.78,f,8,8,0,0,0.32
24598387,100%,100%,t,1,1,t,f,South Boston,42.33068,-71.05393,Entire condo,Entire home/apt,4,3,3,5,$415.00 ,2,1125,t,7,23,44,218,292,34,3,44,47,204,84660,4.95,4.95,4.95,4.95,4.95,4.83,4.88,t,1,1,0,0,3.24
24598890,100%,64%,f,6,7,t,t,Mattapan,42.27555,-71.07597,Private room in home,Private room,2,1,1,1,$95.00 ,1,1125,t,0,7,37,312,26,0,0,46,0,0,0,4.81,4.85,4.85,5,5,4.5,4.88,f,6,0,6,0,0.29
24600107,N/A,N/A,f,3,3,t,t,Jamaica Plain,42.29836,-71.11046,Entire home,Entire home/apt,8,,4,,,29,1125,t,0,0,0,0,10,0,0,0,0,0,,5,5,5,5,5,5,4.9,t,2,2,0,0,0.11
24633212,100%,99%,t,4,4,t,f,Mission Hill,42.33097,-71.10023,Private room in home,Private room,3,1,1,2,$99.00 ,2,28,t,10,34,64,64,204,33,1,64,32,198,19602,4.91,4.93,4.96,4.96,4.98,4.88,4.84,f,4,0,4,0,2.28
24644312,100%,94%,t,2,2,t,t,West Roxbury,42.27549,-71.16821,Shared room in home,Shared room,1,,,,,29,1125,t,0,0,0,0,11,0,0,0,0,0,,4.91,5,5,5,5,4.73,4.73,f,2,0,1,1,0.12
24645479,100%,99%,t,4,4,t,f,Mission Hill,42.33091,-71.10255,Private room in home,Private room,2,1,1,1,$109.00 ,2,28,t,5,31,61,61,117,14,1,61,14,84,9156,4.85,4.91,4.93,4.91,4.88,4.9,4.77,f,4,0,4,0,1.33
24647800,100%,99%,t,4,4,t,f,Mission Hill,42.33206,-71.10185,Private room in home,Private room,6,1,1,3,$139.00 ,2,28,t,11,31,61,61,144,20,2,61,23,120,16680,4.9,4.9,4.97,4.91,4.94,4.85,4.76,t,4,0,4,0,1.61
24685384,100%,91%,t,6,8,t,t,Roslindale,42.28471,-71.12891,Private room in home,Private room,4,1.5,2,2,$216.00 ,3,28,t,0,18,48,137,17,1,0,57,6,6,1296,5,5,5,5,5,5,5,f,6,0,6,0,0.19
24749244,100%,100%,f,120,136,t,t,South End,42.34448,-71.07636,Entire rental unit,Entire home/apt,2,1,1,0,$127.00 ,1,1124,t,1,6,28,282,139,28,3,37,12,168,21336,4.52,4.57,4.68,4.79,4.76,4.91,4.43,t,86,86,0,0,1.56
24756613,100%,81%,t,8,10,t,t,Dorchester,42.29015,-71.0684,Private room in condo,Private room,4,1.5,1,2,$40.00 ,91,1125,t,0,0,0,272,18,1,0,7,1,182,7280,4.33,4.5,4.22,4.78,4.78,4.61,4.39,f,8,0,8,0,0.2
24783227,100%,95%,t,3,3,t,t,Dorchester,42.31286,-71.06249,Entire guest suite,Entire home/apt,2,1,1,2,$129.00 ,2,60,t,3,21,50,313,233,27,2,60,28,162,20898,4.76,4.82,4.8,4.89,4.86,4.7,4.71,f,3,3,0,0,2.6
24809758,N/A,100%,f,3,6,t,f,Brighton,42.35583,-71.1568,Private room in townhouse,Private room,1,,,,,91,1125,t,0,22,52,61,7,0,0,61,0,0,,5,4.57,5,4.29,4.43,4.43,4.71,f,2,0,2,0,0.08
24845439,100%,98%,,3,3,t,f,Jamaica Plain,42.31508,-71.10125,Private room in rental unit,Private room,2,2,1,1,$131.00 ,1,14,t,7,37,67,340,315,36,4,77,37,216,28296,4.78,4.85,4.61,4.91,4.93,4.76,4.78,f,2,0,2,0,3.51
24909410,N/A,N/A,f,1,3,t,t,West End,42.36463,-71.06414,Entire rental unit,Entire home/apt,4,,2,,,91,1125,,0,0,0,0,13,0,0,0,0,0,,4.62,4.69,4.77,4.38,4.69,5,4.46,f,1,1,0,0,0.14
24944930,100%,100%,t,6,6,t,t,East Boston,42.38136,-71.0231,Private room in rental unit,Private room,1,,,,,29,1125,t,0,0,0,7,926,114,0,0,158,255,,4.87,4.89,4.89,4.93,4.96,4.79,4.83,f,4,0,4,0,10.35
24965806,100%,100%,t,58,61,t,t,Back Bay,42.35013,-71.08911,Entire rental unit,Entire home/apt,3,1,0,2,$207.00 ,29,1125,t,1,1,24,299,88,1,0,33,1,58,12006,4.76,4.83,4.86,4.8,4.9,4.86,4.66,f,2,2,0,0,0.98
24969609,N/A,N/A,f,4,4,t,t,Brighton,42.34124,-71.14755,Entire rental unit,Entire home/apt,4,,2,,,91,1125,t,0,0,0,0,0,0,0,0,0,0,,,,,,,,,f,3,1,2,0,
24971621,100%,94%,t,2,2,t,t,West Roxbury,42.27546,-71.16958,Private room in home,Private room,2,1,1,2,$86.00 ,3,730,t,3,22,52,299,120,17,0,52,28,102,8772,4.93,4.96,4.96,4.96,4.97,4.83,4.86,f,2,0,1,1,1.34
24992422,100%,99%,t,1,1,t,t,Charlestown,42.37708,-71.0604,Entire condo,Entire home/apt,4,1,1,2,$210.00 ,2,1124,t,1,14,36,171,378,54,3,37,53,255,53550,4.92,4.96,4.91,4.97,4.96,4.95,4.79,t,1,1,0,0,4.24
25025114,100%,81%,t,8,10,t,t,Dorchester,42.29165,-71.06782,Private room in condo,Private room,3,,,,,91,1125,t,30,60,89,89,8,0,0,89,0,0,,4.75,4.5,4.63,5,5,4.75,5,f,8,0,8,0,0.09
25266010,N/A,N/A,f,1,1,t,t,Brighton,42.34481,-71.16844,Private room in condo,Private room,3,,,,,91,200,t,0,0,0,0,17,0,0,0,0,0,,4.88,4.94,4.94,5,4.94,4.94,4.82,f,1,0,1,0,0.19
25284439,98%,100%,f,117,1204,t,t,Chinatown,42.352093,-71.060806,Entire serviced apartment,Entire home/apt,3,,1,,,29,1125,t,26,56,86,360,11,0,0,95,0,0,,4.55,4.73,4.82,4.91,5,4.73,4.18,t,3,3,0,0,0.13
25324358,50%,0%,f,1,2,t,t,Hyde Park,42.26493,-71.12262,Private room in rental unit,Private room,1,1,1,1,$37.00 ,91,181,t,30,60,90,269,8,0,0,99,0,0,0,5,4.88,4.75,5,5,5,4.88,t,1,0,1,0,0.09
25326962,97%,94%,f,3,4,t,t,East Boston,42.36779,-71.03897,Private room in townhouse,Private room,2,2,4,4,$100.00 ,2,28,t,1,22,52,58,488,40,2,58,54,240,24000,4.73,4.82,4.68,4.96,4.93,4.84,4.7,f,3,0,3,0,5.47
25328440,97%,94%,f,3,4,t,t,East Boston,42.36805,-71.03759,Private room in townhouse,Private room,2,2,1,1,$100.00 ,2,28,t,2,21,29,29,492,50,2,29,53,255,25500,4.7,4.8,4.61,4.93,4.91,4.84,4.65,f,3,0,3,0,5.52
25416313,100%,81%,t,8,10,t,t,Dorchester,42.29183,-71.06784,Private room in condo,Private room,3,1.5,1,2,$49.00 ,91,1125,t,0,16,46,321,11,0,0,56,0,0,0,4.73,4.91,4.64,5,5,4.91,4.82,f,8,0,8,0,0.12
25429787,100%,95%,t,1,1,t,t,Jamaica Plain,42.31522,-71.11218,Private room in condo,Private room,4,,2,,,4,31,t,2,2,3,3,91,14,1,3,15,112,,5,4.95,4.93,4.98,4.99,4.93,4.91,f,1,0,1,0,1.26
25476466,100%,N/A,f,7,9,t,t,Fenway,42.3499,-71.09545,Entire condo,Entire home/apt,1,1,1,1,$235.00 ,92,1125,t,27,57,87,362,0,0,0,97,0,0,0,,,,,,,,f,4,4,0,0,
25576444,100%,100%,t,1,1,t,t,South End,42.34226,-71.07881,Entire condo,Entire home/apt,2,1,1,1,$243.00 ,3,30,t,8,8,12,21,241,46,3,18,39,255,61965,4.94,4.95,4.96,4.97,4.98,4.96,4.79,f,1,1,0,0,2.71
25770647,100%,95%,t,2,2,t,t,Downtown,42.35529,-71.06087,Entire loft,Entire home/apt,4,1,1,2,$323.00 ,29,1124,t,14,43,73,347,429,50,5,82,63,255,82365,4.98,4.98,4.95,4.97,5,4.93,4.85,f,2,2,0,0,4.83
25775084,100%,N/A,f,1,1,t,f,West Roxbury,42.28023,-71.16944,Private room in home,Private room,3,1.5,1,1,$85.00 ,91,1125,t,30,60,90,365,27,0,0,100,0,0,0,4.85,4.81,4.7,4.96,5,4.78,4.74,t,1,0,1,0,0.3
25933888,100%,100%,t,4,4,t,t,East Boston,42.378841,-71.034821,Entire loft,Entire home/apt,10,2,2,10,$279.00 ,1,1125,t,15,28,51,310,337,53,3,55,63,255,71145,4.89,4.92,4.85,4.94,4.9,4.72,4.76,f,3,3,0,0,3.85
25947332,N/A,N/A,f,1,1,t,t,South Boston,42.34223,-71.06047,Entire rental unit,Entire home/apt,10,,3,,,91,1125,,0,0,0,0,68,0,0,0,0,0,,4.56,4.59,4.84,4.56,4.51,4.57,4.51,f,1,1,0,0,0.77
26005227,N/A,N/A,f,1,2,t,t,South End,42.34533,-71.07118,Entire condo,Entire home/apt,4,,1,,,4,5,t,0,0,0,0,46,0,0,0,0,0,,4.96,4.98,4.89,4.98,5,4.98,4.87,f,1,1,0,0,0.54
26012594,100%,100%,t,8,25,t,t,Dorchester,42.31122,-71.06178,Entire home,Entire home/apt,16,2,5,8,$700.00 ,2,1125,t,13,43,73,348,82,8,0,82,7,48,33600,4.7,4.54,4.8,4.89,4.84,4.48,4.51,f,7,7,0,0,0.94
26013456,100%,69%,f,13,20,t,t,Dorchester,42.32243,-71.05676,Private room in rental unit,Private room,2,1,1,2,$66.00 ,29,365,t,0,22,52,327,118,8,0,62,42,255,16830,4.79,4.81,4.61,4.93,4.97,4.77,4.67,f,13,0,13,0,1.39
26014903,N/A,N/A,f,1,1,t,t,Jamaica Plain,42.3022,-71.10648,Entire condo,Entire home/apt,3,1.5,2,3,$137.00 ,28,180,t,14,44,74,163,3,0,0,83,0,0,0,4.33,4,4.33,4.33,4.67,4.33,4.33,f,1,1,0,0,0.1
26094005,100%,100%,f,3,4,t,f,Roslindale,42.29188,-71.12154,Private room in home,Private room,1,,,,,29,1125,t,6,6,6,152,9,3,0,6,2,174,,4.56,4.67,4.44,5,4.78,4.78,4.56,f,3,0,3,0,0.16
26102579,0%,N/A,f,24,103,t,t,East Boston,42.36608,-71.04005,Entire rental unit,Entire home/apt,2,,,,,91,1125,t,0,0,0,0,7,0,0,0,0,0,,4.71,4.86,4.86,4.86,4.57,4.71,4.29,f,14,14,0,0,0.08
26104302,0%,N/A,f,24,103,t,t,East Boston,42.36796,-71.03985,Entire rental unit,Entire home/apt,3,,,,,91,1125,t,0,0,0,0,1,0,0,0,0,0,,5,5,5,3,5,5,5,f,14,14,0,0,0.01
26104687,0%,N/A,f,24,103,t,t,East Boston,42.36814,-71.0397,Entire rental unit,Entire home/apt,4,,,,,91,1125,t,0,0,0,0,7,0,0,0,0,0,,4.86,4.86,5,4.71,4.86,5,5,f,14,14,0,0,0.09
26105250,0%,N/A,f,24,103,t,t,East Boston,42.36841,-71.04055,Entire rental unit,Entire home/apt,4,,,,,91,1125,t,0,0,0,0,7,0,0,0,0,0,,4.86,4.71,5,4.86,4.86,4.71,5,f,14,14,0,0,0.08
26105589,0%,N/A,f,24,103,t,t,East Boston,42.36773,-71.03935,Entire rental unit,Entire home/apt,2,,,,,91,1125,t,0,0,0,0,2,0,0,0,0,0,,4.5,4,5,3,4,4,4.5,f,14,14,0,0,0.02
26108847,0%,N/A,f,24,103,t,t,East Boston,42.36752,-71.04152,Entire rental unit,Entire home/apt,2,,,,,91,1125,t,0,0,0,0,4,0,0,0,0,0,,4.5,4.5,3.75,4.5,4.5,4.75,4,f,14,14,0,0,0.05
26109078,0%,N/A,f,24,103,t,t,East Boston,42.36792,-71.03991,Entire rental unit,Entire home/apt,4,,,,,91,1125,t,30,60,90,269,5,0,0,99,0,0,,4.8,4.8,5,4.8,4.6,5,5,t,14,14,0,0,0.06
26109200,0%,N/A,f,24,103,t,t,East Boston,42.36639,-71.04036,Entire rental unit,Entire home/apt,4,,,,,91,1125,t,0,0,0,0,4,0,0,0,0,0,,4.5,4.75,5,4.5,4.25,4.75,4.5,f,14,14,0,0,0.05
26109264,0%,N/A,f,24,103,t,t,East Boston,42.36789,-71.03986,Entire rental unit,Entire home/apt,4,,,,,91,1125,t,0,0,0,0,0,0,0,0,0,0,,,,,,,,,f,14,14,0,0,
26127318,100%,N/A,f,7,9,t,t,Fenway,42.35053,-71.09536,Entire condo,Entire home/apt,1,1,1,1,$265.00 ,91,1124,t,27,57,87,362,1,0,0,97,0,0,0,5,5,5,5,5,5,5,f,4,4,0,0,0.01
26130154,N/A,N/A,f,1,1,t,t,Mission Hill,42.32754,-71.10732,Private room in townhouse,Private room,3,,,,,2,6,t,0,0,0,0,50,0,0,0,0,0,,4.96,4.96,4.96,5,5,4.84,4.88,f,1,0,1,0,0.57
26130187,94%,59%,f,21,29,t,t,North End,42.36636,-71.05428,Entire condo,Entire home/apt,4,1,1,1,$130.00 ,32,1125,t,0,21,51,326,1,0,0,60,0,0,0,5,5,5,5,5,5,4,f,12,12,0,0,0.01
26131758,0%,N/A,f,24,103,t,t,East Boston,42.36783,-71.04183,Entire rental unit,Entire home/apt,4,,,,,91,1125,t,0,0,0,0,0,0,0,0,0,0,,,,,,,,,f,14,14,0,0,
26132354,0%,N/A,f,24,103,t,t,East Boston,42.36809,-71.04161,Entire rental unit,Entire home/apt,4,,,,,91,1125,t,0,0,0,0,0,0,0,0,0,0,,,,,,,,,f,14,14,0,0,
26132566,0%,N/A,f,24,103,t,t,East Boston,42.36626,-71.04025,Entire rental unit,Entire home/apt,4,,,,,91,1125,t,0,0,0,0,1,0,0,0,0,0,,5,5,5,5,5,5,5,t,14,14,0,0,0.01
26163695,100%,98%,t,5,5,t,t,Mattapan,42.27808,-71.08717,Private room in home,Private room,2,1,1,1,$128.00 ,2,28,t,27,57,87,177,95,3,0,97,8,18,2304,4.84,4.86,4.91,4.94,4.95,4.63,4.84,f,5,0,5,0,1.1
26207713,N/A,0%,f,1,1,t,t,Jamaica Plain,42.32188,-71.11647,Private room in rental unit,Private room,1,,,,,91,365,t,24,54,83,83,4,0,0,83,0,0,,4.5,4.5,4.25,4.25,4.5,4.25,4,f,1,0,1,0,0.05
26252951,70%,56%,t,2,2,t,t,South Boston,42.33175,-71.04824,Private room in guest suite,Private room,2,1,0,1,$200.00 ,1,14,t,0,21,51,51,93,9,0,51,15,54,10800,4.94,4.96,4.95,4.94,4.92,4.88,4.88,f,1,0,1,0,1.06
26333739,100%,94%,t,2,3,t,t,South End,42.34207,-71.069,Entire rental unit,Entire home/apt,2,1,1,1,$148.00 ,29,1125,t,24,31,32,266,58,2,0,32,4,116,17168,4.97,4.95,4.9,5,4.97,4.98,4.86,f,2,2,0,0,0.68
26395595,N/A,97%,f,2,2,t,t,Jamaica Plain,42.30753,-71.11757,Entire rental unit,Entire home/apt,2,,2,,,1,64,t,0,0,0,0,112,15,0,0,11,90,,4.79,4.85,4.9,4.9,4.96,4.93,4.76,f,2,2,0,0,1.28
26532751,100%,81%,t,8,10,t,t,Dorchester,42.29028,-71.06671,Private room in condo,Private room,1,1.5,1,1,$43.00 ,91,1125,t,29,59,89,179,3,0,0,99,0,0,0,5,4.67,4.67,5,5,4.67,5,f,8,0,8,0,0.04
26750505,100%,98%,t,24,30,t,t,Dorchester,42.30959,-71.0643,Private room in rental unit,Private room,1,,,,,32,180,t,23,53,83,357,29,2,0,92,1,128,,4.69,4.76,4.83,4.86,4.83,4.34,4.55,f,17,0,17,0,0.33
26778714,100%,96%,t,7,8,t,t,South End,42.34291,-71.07301,Entire rental unit,Entire home/apt,3,1,1,1,$337.00 ,2,365,t,9,33,63,193,142,20,1,72,25,120,40440,4.87,4.83,4.94,4.96,4.94,4.94,4.68,f,7,7,0,0,1.72
26828892,100%,100%,t,6,6,t,t,East Boston,42.38137,-71.02311,Private room in rental unit,Private room,2,1,1,2,$79.00 ,1,365,t,0,11,37,58,873,116,6,47,153,255,20145,4.84,4.87,4.87,4.93,4.94,4.74,4.82,f,4,0,4,0,9.98
26849307,100%,95%,t,8,8,t,t,Hyde Park,42.25038,-71.11733,Entire rental unit,Entire home/apt,2,1,1,2,$68.00 ,29,730,t,1,5,35,96,60,3,0,37,5,174,11832,4.67,4.86,4.56,4.98,4.97,4.8,4.51,f,8,2,6,0,0.69
26849309,100%,95%,t,8,8,t,t,Hyde Park,42.25121,-71.11694,Entire rental unit,Entire home/apt,3,1,1,2,$75.00 ,29,1125,t,0,0,0,66,55,0,0,0,0,0,0,4.78,4.95,4.76,4.96,4.95,4.75,4.78,f,8,2,6,0,0.63
27074605,100%,81%,t,8,10,t,t,Dorchester,42.29027,-71.06673,Private room in condo,Private room,1,1.5,1,1,$40.00 ,91,1125,t,0,0,3,93,8,2,0,13,0,255,10200,5,4.88,4.88,5,5,5,5,f,8,0,8,0,0.1
27112752,N/A,N/A,f,1,1,t,t,Brighton,42.33738,-71.14883,Entire condo,Entire home/apt,4,,2,,,91,1125,t,0,0,0,0,14,0,0,0,0,0,,4.86,4.86,4.93,5,4.93,4.86,4.79,t,1,1,0,0,0.18
27158560,100%,81%,t,1,1,t,t,South Boston,42.332897,-71.039543,Private room in condo,Private room,2,1.5,1,1,$151.00 ,2,10,t,5,26,30,135,290,45,4,30,44,255,38505,4.98,4.96,4.98,4.94,4.98,4.92,4.89,f,1,0,1,0,3.33
27168524,N/A,N/A,f,3,4,t,f,South End,42.34637,-71.07145,Private room in home,Private room,2,2.5,1,1,$181.00 ,1,1125,t,8,24,50,53,446,44,5,50,75,255,46155,4.89,4.95,4.79,4.98,4.98,4.98,4.84,f,3,0,3,0,5.14
27203329,97%,94%,f,3,4,t,t,East Boston,42.36908,-71.03937,Private room in townhouse,Private room,2,2,1,1,$116.00 ,2,14,t,5,19,47,53,395,34,2,53,46,204,23664,4.7,4.8,4.64,4.95,4.92,4.85,4.64,f,3,0,3,0,4.55
27252588,98%,100%,f,117,1204,t,t,Chinatown,42.352093,-71.060806,Entire serviced apartment,Entire home/apt,3,,1,,,29,1125,t,26,56,86,360,4,0,0,95,0,0,,4.5,4.25,4.25,4.25,4.5,4.5,4.25,t,3,3,0,0,0.12
27323777,95%,81%,,50,71,t,t,Beacon Hill,42.35945,-71.06551,Entire rental unit,Entire home/apt,2,1,1,1,$112.00 ,29,1125,t,22,52,82,157,84,3,0,91,5,174,19488,4.73,4.8,4.62,4.94,4.96,4.96,4.51,f,6,2,4,0,0.97
27339519,100%,99%,t,2,2,t,f,Roxbury,42.32685,-71.09683,Entire rental unit,Entire home/apt,4,1,2,2,$261.00 ,2,7,t,4,16,40,108,452,60,8,47,68,255,66555,4.93,4.97,4.97,4.97,4.98,4.77,4.87,f,1,1,0,0,5.22
27370560,100%,100%,f,3,6,t,t,Brighton,42.36044,-71.14057,Private room in home,Private room,1,1,1,1,$83.00 ,1,60,t,3,30,60,331,90,46,15,70,0,255,21165,4.76,4.8,4.89,4.92,4.81,4.72,4.7,f,3,0,3,0,1.04
27370693,100%,100%,f,3,6,t,t,Brighton,42.36015,-71.14233,Private room in home,Private room,1,1,1,1,$83.00 ,1,60,t,11,38,68,343,66,27,8,78,0,162,13446,4.76,4.77,4.89,4.88,4.83,4.73,4.74,f,3,0,3,0,0.76
27394276,N/A,N/A,f,1,2,t,f,Jamaica Plain,42.3208,-71.11296,Private room in rental unit,Private room,2,,,,,91,1125,,0,0,0,0,13,0,0,0,0,0,,4.85,4.92,4.62,5,5,4.92,4.92,f,1,0,1,0,0.15
27404136,100%,89%,t,9,26,t,t,Mission Hill,42.33351,-71.10182,Entire rental unit,Entire home/apt,4,1,2,2,$227.00 ,30,1125,t,29,59,89,364,19,0,0,99,0,0,0,4.68,4.89,4.84,4.95,4.95,4.74,4.63,f,8,8,0,0,0.27
27429577,100%,100%,f,1,1,t,t,Allston,42.35134,-71.13871,Entire guest suite,Entire home/apt,4,2,2,3,$115.00 ,29,30,t,0,20,49,49,263,0,0,49,3,0,0,4.92,4.97,4.95,4.97,4.98,4.94,4.89,f,1,1,0,0,3.06
27501160,100%,33%,t,1,2,t,t,East Boston,42.37346,-71.0404,Entire condo,Entire home/apt,3,,1,,,29,1125,t,0,0,0,0,92,2,1,0,2,116,,4.92,4.95,4.92,4.98,5,4.86,4.87,f,1,1,0,0,1.06
27503398,94%,100%,,2,2,t,t,Roxbury,42.32489,-71.09417,Entire rental unit,Entire home/apt,4,1,2,3,$248.00 ,2,60,t,2,18,34,224,367,63,6,36,74,255,63240,4.96,4.96,4.97,4.96,4.98,4.81,4.87,f,1,1,0,0,4.26
27639994,N/A,N/A,f,3,4,t,f,South End,42.34504,-71.07375,Private room in home,Private room,1,2.5,1,1,$172.00 ,1,1125,t,10,36,65,65,275,44,3,65,63,255,43860,4.93,4.97,4.87,4.98,4.98,4.98,4.81,f,3,0,3,0,3.18
27641994,89%,69%,t,3,16,t,t,Brighton,42.36206,-71.13583,Private room in condo,Private room,1,1,1,1,$69.00 ,91,363,t,30,60,90,365,0,0,0,99,0,0,0,,,,,,,,t,2,1,1,0,
27661676,N/A,N/A,f,1,1,t,t,South Boston,42.33423,-71.03884,Entire townhouse,Entire home/apt,6,,3,,,29,1125,t,0,0,0,0,59,0,0,0,0,0,,5,4.97,4.98,5,4.98,4.92,4.85,f,1,1,0,0,0.69
27669626,100%,100%,f,5,8,t,t,Chinatown,42.35034,-71.0619,Entire condo,Entire home/apt,4,1,2,2,$197.00 ,91,365,t,0,0,6,281,172,18,1,15,7,255,50235,4.64,4.77,4.69,4.93,4.91,4.84,4.57,f,4,2,2,0,2.01
27784901,N/A,N/A,f,1,1,t,t,South Boston,42.33541,-71.047,Entire townhouse,Entire home/apt,6,,3,,,29,1125,t,0,0,0,0,86,0,0,0,0,0,,4.85,4.88,4.91,5,5,4.86,4.78,f,1,1,0,0,1
27810970,100%,100%,f,10,10,t,t,Roxbury,42.32192,-71.07855,Private room in home,Private room,2,1,1,1,$83.00 ,2,365,t,6,20,33,303,78,15,1,43,11,90,7470,4.63,4.64,4.67,4.79,4.73,4.22,4.4,f,7,0,7,0,0.91
27879644,100%,95%,t,8,8,t,t,Hyde Park,42.25147,-71.11579,Private room in home,Private room,2,1,1,1,$40.00 ,29,730,t,1,22,37,79,36,4,0,37,4,232,9280,4.94,4.97,4.86,5,4.97,4.83,4.89,f,8,2,6,0,0.42
27879776,100%,95%,t,8,8,t,t,Hyde Park,42.25134,-71.11621,Private room in home,Private room,2,1,1,1,$38.00 ,29,730,t,0,22,35,90,41,5,0,39,5,255,9690,4.83,4.83,4.78,4.95,4.88,4.56,4.78,f,8,2,6,0,0.47
27900201,100%,100%,f,2,2,t,t,Roslindale,42.270561,-71.1294384,Entire rental unit,Entire home/apt,4,,2,,,91,91,t,0,0,2,181,0,0,0,11,0,0,,,,,,,,,f,2,2,0,0,
27904192,100%,89%,t,9,26,t,t,West End,42.3643198,-71.068221,Entire rental unit,Entire home/apt,4,2,2,2,$513.00 ,30,1125,t,22,52,82,262,10,2,0,92,3,120,61560,4.6,4.8,4.8,4.9,5,4.9,4.1,f,8,8,0,0,0.12
27906365,100%,100%,f,10,10,t,t,Roxbury,42.32003,-71.07826,Private room in home,Private room,1,1,1,1,$60.00 ,2,365,t,0,0,0,125,63,2,0,0,11,12,720,4.49,4.68,4.62,4.92,4.76,4.27,4.3,f,7,0,7,0,0.73
27927966,100%,81%,t,21,26,t,f,Roslindale,42.27658,-71.13304,Private room in rental unit,Private room,2,1,1,1,$70.00 ,29,1125,t,12,42,72,72,19,0,0,72,0,0,0,4.84,4.89,4.89,4.89,4.95,4.42,4.79,f,16,4,12,0,0.22
27990313,100%,98%,t,5,5,t,t,Mattapan,42.27844,-71.08499,Private room in home,Private room,2,1,1,1,$128.00 ,2,28,t,19,47,77,167,68,5,0,87,7,30,3840,4.88,4.93,4.87,4.96,4.99,4.43,4.78,f,5,0,5,0,0.79
27990441,100%,98%,t,24,30,t,t,Dorchester,42.30753,-71.06446,Private room in rental unit,Private room,2,2,1,2,$70.00 ,29,180,t,21,51,81,260,27,2,0,90,0,116,8120,4.85,4.93,4.81,5,4.96,4.74,4.81,f,17,0,17,0,0.31
27990984,100%,98%,t,5,5,t,t,Mattapan,42.27684,-71.0851,Private room in home,Private room,2,1,1,1,$101.00 ,2,28,t,0,13,43,133,72,0,0,53,0,0,0,4.88,4.86,4.9,4.93,4.92,4.5,4.83,f,5,0,5,0,0.84
27992316,100%,93%,t,1,1,t,t,Brighton,42.34121,-71.15163,Entire guest suite,Entire home/apt,3,1,1,3,$128.00 ,2,1125,t,7,23,45,198,384,38,4,49,46,228,29184,4.85,4.9,4.96,4.91,4.9,4.8,4.84,f,1,1,0,0,4.49
28014596,100%,98%,t,24,30,t,t,Dorchester,42.30804,-71.06443,Private room in rental unit,Private room,1,2,1,1,$55.00 ,29,180,t,30,60,90,365,33,2,1,100,1,116,6380,4.73,4.79,4.67,4.79,4.91,4.24,4.64,f,17,0,17,0,0.38
28027835,100%,89%,t,9,26,t,t,West End,42.3645578,-71.0692521,Entire rental unit,Entire home/apt,5,2,2,3,$408.00 ,30,730,t,8,9,39,314,6,0,0,49,2,0,0,5,5,4.83,4.83,5,5,4.83,f,8,8,0,0,0.08
28036142,100%,98%,t,5,5,t,t,Mattapan,42.27726,-71.08517,Private room in home,Private room,2,1,1,1,$125.00 ,2,28,t,30,60,90,179,78,4,0,99,4,24,3000,4.83,4.82,4.85,4.88,4.94,4.62,4.77,f,5,0,5,0,0.93
28054656,100%,98%,t,24,30,t,t,Dorchester,42.29726,-71.06236,Private room in rental unit,Private room,1,2,1,1,$53.00 ,29,200,t,24,54,84,263,26,2,0,93,3,116,6148,4.73,4.73,4.69,4.92,4.96,4.58,4.69,f,17,0,17,0,0.31
28071995,100%,92%,t,1,1,t,t,Mattapan,42.27595,-71.07805,Entire guest suite,Entire home/apt,4,,2,,,2,5,t,0,0,0,0,129,10,0,0,18,60,,4.92,4.9,4.91,4.95,4.93,4.82,4.84,f,1,1,0,0,1.59
28161172,100%,95%,t,8,8,t,t,Hyde Park,42.24927,-71.11788,Private room in home,Private room,2,,,,,29,1125,t,0,0,1,119,33,0,0,1,0,0,,4.7,4.85,4.76,4.88,4.85,4.39,4.7,f,8,2,6,0,0.38
28202522,100%,81%,t,8,10,t,t,Dorchester,42.29151,-71.06811,Private room in condo,Private room,1,,,,,91,1125,t,0,0,0,0,1,0,0,0,0,0,,3,4,2,4,5,5,5,f,8,0,8,0,0.01
28241815,N/A,N/A,f,14,15,t,t,Back Bay,42.34627,-71.08412,Entire rental unit,Entire home/apt,7,,3,,,91,1125,t,0,0,0,0,25,0,0,0,0,0,,4.84,4.96,4.88,4.84,4.8,5,4.84,t,14,14,0,0,0.3
28242815,N/A,N/A,f,14,15,t,t,Back Bay,42.34472,-71.08523,Entire rental unit,Entire home/apt,7,,3,,,91,1125,t,0,0,0,0,4,0,0,0,0,0,,4.75,4.25,5,5,4.75,5,5,t,14,14,0,0,0.05
28298193,55%,30%,f,15,18,t,t,North End,42.36573,-71.05145,Entire condo,Entire home/apt,2,1,0,1,$192.00 ,60,730,t,0,0,0,234,0,0,0,0,0,0,0,,,,,,,,f,7,7,0,0,
28302081,100%,50%,t,2,3,t,t,Roxbury,42.320481,-71.090593,Private room in home,Private room,1,0.5,0,1,$68.00 ,29,365,t,0,0,0,266,39,3,0,0,5,174,11832,4.85,4.87,4.69,4.95,4.95,4.56,4.82,f,2,0,2,0,0.46
28360335,100%,96%,f,5084,5865,t,t,Bay Village,42.34992,-71.06943,Entire rental unit,Entire home/apt,2,1,1,1,$432.00 ,32,1125,t,0,0,0,136,1,0,0,0,0,0,0,5,5,5,5,5,5,5,t,343,343,0,0,0.01
28578655,100%,94%,f,28,31,t,t,Hyde Park,42.25086,-71.11469,Private room in home,Private room,1,2,1,1,$60.00 ,29,1125,t,7,37,67,342,22,3,0,77,1,174,10440,4.91,4.95,4.77,5,4.95,4.77,4.86,t,5,0,5,0,0.27
28614084,100%,100%,f,1,1,t,f,Brighton,42.34724,-71.15586,Entire home,Entire home/apt,6,2,3,3,$255.00 ,28,180,t,0,0,0,169,37,0,0,1,0,0,0,4.84,4.81,4.84,4.89,4.97,4.95,4.73,t,1,1,0,0,0.45
28635984,N/A,N/A,f,1,7,t,t,Dorchester,42.30288,-71.0833,Entire home,Entire home/apt,12,,5,,,400,400,t,30,60,90,365,0,0,0,99,0,0,,,,,,,,,f,1,1,0,0,
28640732,100%,100%,f,3,6,t,t,Brighton,42.35843,-71.14083,Private room in home,Private room,1,1,1,1,$78.00 ,1,60,t,8,35,65,337,72,35,11,74,0,210,16380,4.75,4.85,4.85,4.92,4.81,4.58,4.61,f,3,0,3,0,0.85
28749495,100%,100%,f,10,10,t,t,Roxbury,42.32045,-71.07794,Private room in home,Private room,2,1,1,1,$69.00 ,2,365,t,6,24,54,324,76,12,1,64,9,72,4968,4.59,4.83,4.67,4.86,4.76,4.05,4.42,f,7,0,7,0,0.89
28756042,N/A,N/A,f,2,3,t,f,Dorchester,42.29084,-71.07299,Private room in condo,Private room,2,,2,,,91,1125,,0,0,0,0,22,0,0,0,0,0,,4.18,4.41,4.45,4.77,4.27,3.77,4.23,f,2,0,2,0,0.26
28770914,N/A,N/A,f,2,3,t,f,Dorchester,42.29224,-71.07328,Private room in condo,Private room,2,,,,,91,1125,,0,0,0,0,30,0,0,0,0,0,,4.77,4.77,4.77,4.97,4.9,4.53,4.83,f,2,0,2,0,0.35
28867304,100%,100%,,10,10,t,f,Roxbury,42.32142,-71.08007,Private room in home,Private room,2,1,1,1,$72.00 ,2,365,t,8,10,40,303,109,26,1,50,21,156,11232,4.72,4.87,4.7,4.94,4.88,4.24,4.66,f,3,0,3,0,1.28
28912741,100%,88%,,3,4,t,f,South Boston,42.336525,-71.054451,Entire condo,Entire home/apt,3,1,1,1,$276.00 ,2,180,t,9,36,65,65,68,6,0,65,13,36,9936,4.78,4.84,4.82,4.75,4.9,4.76,4.75,f,1,1,0,0,0.81
28915006,100%,98%,t,4,4,t,t,East Boston,42.38793,-71.00376,Private room in guest suite,Private room,2,0,0,1,$106.00 ,1,11,t,1,1,7,24,140,34,3,7,57,204,21624,4.79,4.87,4.73,4.89,4.94,4.81,4.73,f,2,1,1,0,1.66
28992318,N/A,N/A,f,4,10,t,t,Allston,42.35099,-71.13657,Private room in home,Private room,2,,,,,29,1125,t,0,0,0,0,30,0,0,0,0,0,,4.47,4.63,4.6,4.77,4.77,4.57,4.47,t,4,0,4,0,0.35
29010062,N/A,N/A,f,1,3,t,t,Allston,42.36038,-71.13024,Private room in condo,Private room,1,,,,,91,1125,t,0,0,0,0,5,0,0,0,0,0,,4.8,5,4.8,5,5,4.6,5,f,1,0,1,0,0.06
29037205,100%,97%,t,9,9,t,t,Allston,42.34718,-71.13543,Entire condo,Entire home/apt,4,,2,,,29,30,t,0,0,0,0,48,0,0,0,0,0,,4.88,4.96,4.85,5,5,4.96,4.73,f,2,2,0,0,0.57
29064530,N/A,N/A,f,4,10,t,t,Allston,42.34962,-71.13461,Private room in home,Private room,2,,,,,29,1125,t,0,0,0,0,37,0,0,0,0,0,,4.57,4.81,4.7,4.76,4.76,4.62,4.73,t,4,0,4,0,0.44
29070339,N/A,N/A,f,1,2,t,t,Brighton,42.34561,-71.14017,Entire condo,Entire home/apt,3,,1,,,91,1125,,0,0,0,0,24,0,0,0,0,0,,4.79,4.88,4.92,4.54,4.83,4.83,4.83,f,1,1,0,0,0.28
29082416,100%,100%,f,1,1,t,t,Brighton,42.36203,-71.14292,Private room in home,Private room,1,1,1,1,$86.00 ,29,1125,t,25,55,85,360,80,1,0,95,1,58,4988,4.96,4.98,5,4.99,5,4.88,4.93,t,1,0,1,0,0.95
29213280,N/A,N/A,f,4,10,t,t,Allston,42.34897,-71.13536,Private room in guesthouse,Private room,2,,1,,,29,1125,t,0,0,0,0,38,0,0,0,0,0,,4.5,4.92,4.66,4.87,4.89,4.68,4.58,t,4,0,4,0,0.45
29216550,100%,98%,f,4,4,t,t,West Roxbury,42.27125,-71.14898,Private room in home,Private room,1,1,1,1,$66.00 ,1,31,t,5,5,32,212,110,14,1,42,14,84,5544,4.78,4.89,4.82,4.95,4.95,4.75,4.8,f,4,0,4,0,1.3
29217663,100%,98%,f,4,4,t,t,West Roxbury,42.27184,-71.1511,Private room in home,Private room,1,1,4,4,$66.00 ,1,31,t,23,53,83,263,89,8,1,93,9,48,3168,4.76,4.85,4.82,4.92,4.91,4.7,4.75,f,4,0,4,0,1.05
29217949,100%,98%,f,4,4,t,t,West Roxbury,42.27302,-71.14923,Private room in home,Private room,1,1,1,1,$66.00 ,1,15,t,24,54,84,264,120,11,2,94,10,66,4356,4.71,4.8,4.75,4.87,4.8,4.65,4.66,f,4,0,4,0,1.42
29218070,100%,98%,f,4,4,t,t,West Roxbury,42.27163,-71.14922,Private room in home,Private room,1,1,1,1,$66.00 ,1,31,t,22,52,82,262,140,12,1,92,21,72,4752,4.63,4.85,4.74,4.9,4.88,4.58,4.61,f,4,0,4,0,1.66
29256695,100%,89%,t,1,2,t,t,Jamaica Plain,42.31883,-71.10693,Entire rental unit,Entire home/apt,2,1,1,1,$171.00 ,2,30,t,5,32,62,62,190,21,4,62,41,126,21546,4.89,4.86,4.83,4.99,4.98,4.92,4.79,f,1,1,0,0,2.27
29261726,100%,100%,f,2,2,t,t,East Boston,42.37676,-71.03889,Private room in home,Private room,1,1,1,1,$65.00 ,29,365,t,0,0,6,281,189,3,1,15,1,174,11310,4.85,4.94,4.89,4.96,4.9,4.81,4.81,t,2,0,2,0,2.24
29276776,N/A,N/A,f,1,2,t,f,Dorchester,42.32038,-71.05054,Entire condo,Entire home/apt,2,,1,,,91,1125,,0,0,0,0,5,0,0,0,0,0,,5,5,4.8,4.8,4.6,5,5,f,1,1,0,0,0.06
29281816,100%,100%,t,2,2,t,t,Jamaica Plain,42.31203,-71.10278,Entire condo,Entire home/apt,6,1,2,2,$282.00 ,90,1125,t,0,21,48,317,102,12,0,52,18,255,71910,4.89,4.99,4.94,4.94,4.9,4.96,4.83,f,2,2,0,0,1.3
29282726,100%,100%,t,2,2,t,t,Jamaica Plain,42.31203,-71.10278,Entire guest suite,Entire home/apt,3,1,1,1,$208.00 ,1,1125,t,12,39,69,343,169,23,1,78,30,138,28704,4.95,4.95,4.99,4.94,4.97,4.95,4.76,f,2,2,0,0,2.15
29303003,0%,0%,f,2,3,t,t,Brighton,42.3499,-71.17241,Private room in rental unit,Private room,1,1,1,1,$40.00 ,29,150,t,0,3,33,308,14,0,0,43,1,0,0,5,5,4.43,4.93,5,5,4.93,f,1,0,1,0,0.19
29366852,N/A,N/A,f,1,1,t,t,South Boston,42.33176,-71.04427,Entire condo,Entire home/apt,6,2,4,3,$304.00 ,29,1125,t,0,21,51,326,144,1,0,61,4,58,17632,4.53,4.64,4.52,4.69,4.54,4.7,4.49,t,1,1,0,0,1.73
29390698,100%,98%,t,3,3,t,t,South Boston,42.33451,-71.02733,Entire guest suite,Entire home/apt,2,1,0,1,$158.00 ,2,10,t,3,8,29,192,426,46,2,36,58,255,40290,4.96,4.96,4.97,4.96,4.96,4.88,4.88,f,3,3,0,0,5.05
29489346,N/A,N/A,f,2,10,t,t,Downtown,42.35385,-71.06031,Private room in loft,Private room,2,1.5,1,1,$65.00 ,91,1125,t,30,60,89,89,0,0,0,89,0,0,0,,,,,,,,f,2,0,2,0,
29513275,55%,30%,f,15,18,t,t,Back Bay,42.35198,-71.07777,Entire condo,Entire home/apt,2,1,0,1,$125.00 ,91,1125,t,30,60,90,365,1,0,0,99,0,0,0,5,5,5,5,5,5,5,f,7,7,0,0,0.02
29571217,N/A,N/A,f,1,1,t,f,Brighton,42.35803,-71.15106,Private room in rental unit,Private room,2,,1,,,91,1125,,0,0,0,0,1,0,0,0,0,0,,5,5,5,5,4,4,5,f,1,0,1,0,0.01
29635339,N/A,N/A,f,1,1,t,t,Downtown,42.35685,-71.0607,Entire rental unit,Entire home/apt,6,,2,,,91,1125,,0,0,0,0,1,0,0,0,0,0,,5,5,5,5,5,5,5,f,1,1,0,0,0.01
29664067,100%,98%,,3,3,t,f,Jamaica Plain,42.31455,-71.09906,Private room in rental unit,Private room,2,2,1,1,$139.00 ,1,14,t,12,42,72,347,245,27,1,81,37,162,22518,4.69,4.77,4.6,4.82,4.89,4.73,4.7,f,2,0,2,0,2.92
29682207,100%,98%,f,6,19,t,t,Roxbury,42.3294961,-71.0881648,Entire condo,Entire home/apt,11,3,3,6,$328.00 ,29,1125,t,5,19,45,315,5,0,0,55,0,0,0,5,5,5,5,5,5,5,t,6,6,0,0,0.06
29682306,100%,98%,f,6,19,t,t,Roxbury,42.3295,-71.08817,Entire home,Entire home/apt,6,2,2,3,$239.00 ,30,1125,t,8,25,51,321,81,0,0,61,0,0,0,4.68,4.69,4.84,4.88,4.91,4.4,4.59,t,6,6,0,0,0.97
29682500,100%,99%,t,1,1,t,t,Back Bay,42.35152,-71.08606,Entire rental unit,Entire home/apt,3,1.5,1,2,$272.00 ,2,1125,t,4,10,33,33,481,67,3,33,92,255,69360,4.96,4.98,4.95,4.96,4.98,4.99,4.86,f,1,1,0,0,6.43
29702825,100%,96%,f,5084,5865,t,t,South Boston,42.34114,-71.04959,Entire rental unit,Entire home/apt,4,2,2,2,$439.00 ,32,1125,t,0,0,0,146,0,0,0,0,0,0,0,,,,,,,,t,343,343,0,0,
29704910,90%,92%,t,2,2,t,t,Downtown,42.3544,-71.06039,Entire loft,Entire home/apt,4,1,1,2,$332.00 ,2,30,t,3,14,33,208,339,58,5,38,62,255,84660,4.97,4.99,4.98,4.97,4.98,4.91,4.83,f,1,1,0,0,4.19
29728508,N/A,N/A,f,1,9,t,t,East Boston,42.36629,-71.03919,Entire serviced apartment,Entire home/apt,2,,,,,91,730,,0,0,0,0,23,0,0,0,0,0,,4.52,4.61,4.61,4.3,4.48,4.61,4.35,f,1,1,0,0,0.28
29739809,94%,78%,f,2,4,t,t,Bay Village,42.34867,-71.06685,Entire condo,Entire home/apt,4,1.5,2,2,$302.00 ,1,1125,t,1,12,33,222,446,58,5,34,68,255,77010,4.8,4.88,4.73,4.91,4.82,4.97,4.73,f,1,1,0,0,5.33
29831173,80%,69%,f,3,3,t,f,Brighton,42.35188,-71.15245,Private room in home,Private room,1,1.5,1,1,$71.00 ,29,365,t,0,0,13,288,17,3,0,22,3,174,12354,5,5,5,5,4.94,4.76,4.76,f,3,0,3,0,0.2
29833651,100%,98%,t,5,5,t,t,Mattapan,42.27852,-71.08658,Private room in home,Private room,2,1,1,1,$125.00 ,2,28,t,28,58,88,177,85,2,0,97,6,12,1500,4.78,4.82,4.86,4.87,4.88,4.58,4.76,f,5,0,5,0,1.02
29860624,N/A,N/A,f,1,1,t,t,Roxbury,42.32243,-71.08024,Private room in condo,Private room,1,,,,,91,1125,,0,0,0,0,0,0,0,0,0,0,,,,,,,,,f,1,0,1,0,
29878773,100%,100%,f,3,7,t,t,Dorchester,42.28795,-71.05406,Private room in rental unit,Private room,2,1,1,1,$45.00 ,29,1125,t,28,56,85,250,72,1,0,90,4,58,2610,4.68,4.86,4.69,4.92,4.92,4.82,4.74,t,3,0,3,0,0.86
29898702,100%,100%,f,5,5,t,t,Back Bay,42.35006,-71.07858,Room in boutique hotel,Hotel room,2,1,1,1,$342.00 ,1,1125,t,9,22,51,258,84,0,0,60,0,0,0,4.76,4.79,4.81,4.88,4.85,4.9,4.75,t,5,0,0,0,1.01
29904919,100%,69%,f,13,20,t,t,Dorchester,42.3225,-71.05734,Private room in rental unit,Private room,1,1,1,1,$56.00 ,29,365,t,0,0,0,266,144,14,0,1,43,255,14280,4.83,4.86,4.76,4.91,4.96,4.64,4.69,f,13,0,13,0,2.92
29929936,80%,69%,f,3,3,t,f,Brighton,42.35398,-71.15464,Private room in home,Private room,1,1.5,1,1,$64.00 ,29,365,t,0,0,0,226,27,1,0,0,3,58,3712,4.85,4.96,4.85,4.89,4.81,4.81,4.85,f,3,0,3,0,0.32
29931687,80%,69%,f,3,3,t,f,Brighton,42.35227,-71.15464,Private room in home,Private room,1,1.5,1,1,$67.00 ,29,365,t,1,1,1,244,28,1,0,1,3,58,3886,4.79,4.89,4.75,4.86,4.82,4.82,4.89,f,3,0,3,0,0.33
29982429,100%,99%,f,7,8,t,t,Back Bay,42.3452,-71.07911,Entire rental unit,Entire home/apt,2,1,1,1,$377.00 ,1,1125,t,21,50,80,320,79,15,1,89,5,90,33930,4.3,4.25,4.42,4.66,4.57,4.87,4.3,f,7,7,0,0,0.99
30017679,100%,93%,f,7,11,t,t,Jamaica Plain,42.31031,-71.1027,Entire condo,Entire home/apt,8,2,4,4,$466.00 ,2,730,t,9,34,64,327,65,15,1,73,13,90,41940,4.94,4.95,4.95,5,5,4.88,4.85,f,5,3,2,0,1.12
30036357,100%,100%,f,5,5,t,t,Back Bay,42.35006,-71.07858,Room in boutique hotel,Hotel room,2,1,1,1,$407.00 ,1,28,t,9,22,51,258,90,0,0,60,0,0,0,4.77,4.83,4.87,4.96,4.87,4.97,4.61,t,5,0,0,0,1.08
30037052,100%,100%,f,5,5,t,t,Back Bay,42.35006,-71.07858,Room in boutique hotel,Hotel room,2,1,1,1,$427.00 ,1,28,t,9,22,51,258,40,0,0,60,1,0,0,4.85,4.88,4.93,5,4.95,5,4.73,t,5,0,0,0,0.49
30060158,100%,100%,f,5,5,t,t,Back Bay,42.35006,-71.07858,Room in boutique hotel,Hotel room,3,1,1,2,$442.00 ,1,28,t,9,22,51,258,10,0,0,60,0,0,0,4.6,4.7,4.8,4.8,4.8,5,4.8,t,5,0,0,0,0.12
30104396,100%,99%,f,7,8,t,t,Back Bay,42.34458,-71.08019,Entire rental unit,Entire home/apt,2,1,1,1,$388.00 ,1,1125,t,20,47,75,315,13,0,0,84,1,0,0,4.38,4.46,4.46,4.69,4.85,4.92,4.15,t,7,7,0,0,0.18
30249816,100%,88%,t,1,1,t,t,West Roxbury,42.29379,-71.15963,Entire rental unit,Entire home/apt,4,1,2,2,$195.00 ,1,60,t,4,28,50,128,112,43,5,50,42,255,49725,4.93,4.97,4.98,4.99,4.96,4.87,4.88,f,1,1,0,0,1.35
30268517,100%,98%,t,24,30,t,t,Dorchester,42.30724,-71.06438,Private room in rental unit,Private room,1,2,1,1,$51.00 ,29,150,t,13,43,73,347,15,3,0,82,2,174,8874,4.87,4.93,4.87,5,4.93,4.53,4.8,f,17,0,17,0,0.19
30273160,50%,N/A,f,2,2,t,t,Jamaica Plain,42.29606,-71.11295,Private room in bed and breakfast,Private room,2,1,1,2,$53.00 ,91,1125,t,0,0,0,266,48,0,0,0,0,0,0,4.85,4.96,4.4,4.94,5,4.9,4.83,t,2,0,2,0,0.58
30286717,50%,N/A,f,2,2,t,t,Jamaica Plain,42.2979,-71.1115,Private room in bed and breakfast,Private room,2,1,1,2,$48.00 ,91,1125,t,0,0,0,265,49,0,0,0,0,0,0,4.88,4.9,4.49,4.96,4.96,4.86,4.88,t,2,0,2,0,0.62
30297660,100%,N/A,f,2,7,t,f,Mattapan,42.27435,-71.09402,Private room in home,Private room,2,1,1,1,$80.00 ,29,1125,t,30,60,90,270,199,0,0,100,0,0,0,4.85,4.89,4.9,4.9,4.91,4.58,4.83,t,2,0,2,0,2.41
30390378,100%,96%,f,5084,5865,t,t,Bay Village,42.34992,-71.06943,Entire rental unit,Entire home/apt,2,1,1,1,$375.00 ,32,1125,t,21,51,81,356,1,0,0,90,0,0,0,5,5,5,3,5,5,4,t,343,343,0,0,0.01
30397078,100%,96%,f,5084,5865,t,t,Back Bay,42.348633,-71.074088,Entire rental unit,Entire home/apt,2,1,1,1,$488.00 ,32,1125,t,0,0,0,0,0,0,0,0,0,0,0,,,,,,,,t,343,343,0,0,
30425726,100%,100%,t,7,16,t,t,Dorchester,42.31436,-71.05746,Entire home,Entire home/apt,16,4.5,6,12,$780.00 ,1,100,t,0,4,9,240,53,3,1,11,5,18,14040,4.92,4.92,4.87,4.92,5,4.83,4.77,t,4,4,0,0,0.7
30484530,N/A,N/A,f,1,1,t,t,Allston,42.36195,-71.13171,Private room in rental unit,Private room,1,,1,,,91,1125,,0,0,0,0,0,0,0,0,0,0,,,,,,,,,f,1,0,1,0,
30516467,100%,96%,f,5084,5865,t,t,South Boston,42.34114,-71.04959,Entire rental unit,Entire home/apt,2,1,1,1,$338.00 ,32,1125,t,0,0,30,305,1,1,0,40,0,64,21632,5,5,5,5,5,5,5,t,343,343,0,0,0.17
30533497,100%,84%,t,3,7,t,t,Roxbury,42.32663,-71.0935,Private room in townhouse,Private room,1,2,1,1,$51.00 ,30,180,t,2,32,62,242,16,2,0,72,3,120,6120,5,5,4.81,4.94,5,4.69,4.75,f,3,0,3,0,0.2
30564539,N/A,N/A,f,5,6,t,t,Allston,42.36083,-71.13546,Private room in home,Private room,2,,,,,91,1125,t,0,0,0,0,1,0,0,0,0,0,,5,5,5,5,5,5,5,f,5,0,5,0,0.01
30740992,100%,100%,t,1,1,t,f,Fenway,42.34129,-71.08766,Entire rental unit,Entire home/apt,2,1,0,1,$170.00 ,2,730,t,4,10,39,48,150,56,2,48,40,255,43350,4.81,4.81,4.87,4.84,4.85,4.86,4.69,f,1,1,0,0,1.86
30929175,N/A,N/A,f,1,1,t,t,South End,42.34567,-71.07291,Entire serviced apartment,Entire home/apt,8,,2,,,91,1125,,0,0,0,0,38,0,0,0,0,0,,4.61,4.71,4.71,4.68,4.66,4.79,4.47,f,1,1,0,0,0.47
30955485,N/A,N/A,f,1,1,t,t,Chinatown,42.34934,-71.06121,Private room in rental unit,Private room,1,,,,,91,1120,t,0,0,0,0,25,0,0,0,0,0,,4.88,4.96,4.88,4.96,4.8,4.92,4.72,f,1,0,1,0,0.31
30981268,55%,30%,f,15,18,t,t,Fenway,42.34622,-71.0904,Entire condo,Entire home/apt,2,1,0,1,$105.00 ,29,1125,t,0,0,7,282,3,0,0,16,0,0,0,4.33,5,4.67,5,5,5,4.67,f,7,7,0,0,0.04
31039035,100%,64%,f,6,7,t,t,Mattapan,42.27654,-71.0775,Private room in home,Private room,2,1,1,1,$67.00 ,2,1125,t,0,21,51,326,6,0,0,61,0,0,0,4.33,4.33,4.5,5,4.33,4.83,4.33,f,6,0,6,0,0.08
31140376,N/A,N/A,f,5,5,t,t,Brighton,42.34383,-71.15546,Private room in rental unit,Private room,2,,2,,,91,1125,,0,0,0,0,1,0,0,0,0,0,,4,5,3,5,5,5,4,f,5,0,5,0,0.01
31161436,100%,55%,t,4,6,t,t,Dorchester,42.29204115,-71.06699076,Private room in condo,Private room,1,1,1,1,$50.00 ,50,700,t,6,7,37,126,5,0,0,46,0,0,0,5,5,5,5,5,4.8,5,f,4,0,4,0,0.06
31185088,75%,N/A,,3,5,t,t,Dorchester,42.28922,-71.06741,Entire rental unit,Entire home/apt,4,1,2,2,$161.00 ,91,91,t,30,60,90,365,0,0,0,99,0,0,0,,,,,,,,t,1,1,0,0,
31262321,100%,100%,,4,4,t,f,Dorchester,42.28974,-71.0771,Entire rental unit,Entire home/apt,5,1,3,4,$324.00 ,2,365,t,16,45,75,249,49,24,0,84,10,144,46656,4.84,4.92,4.9,4.98,4.96,4.43,4.84,f,2,2,0,0,0.62
31484506,100%,96%,f,5084,5865,t,t,West End,42.365516,-71.067291,Entire rental unit,Entire home/apt,2,1,1,1,$301.00 ,32,1125,t,0,0,0,267,0,0,0,2,0,0,0,,,,,,,,t,343,343,0,0,
31591262,100%,100%,f,5,5,t,t,Back Bay,42.34998,-71.07855,Room in boutique hotel,Hotel room,2,1,1,1,$338.00 ,1,28,t,9,22,51,258,96,1,0,60,1,6,2028,4.78,4.83,4.91,4.97,4.92,4.99,4.69,t,5,0,0,0,1.18
31636229,N/A,N/A,f,1,3,t,t,Hyde Park,42.26411,-71.12521,Entire guest suite,Entire home/apt,2,,1,,,29,60,t,0,0,0,0,60,0,0,0,0,0,,4.75,4.87,4.87,4.93,4.97,4.73,4.8,t,1,1,0,0,0.79
31675705,N/A,N/A,f,1,2,t,t,Jamaica Plain,42.2961,-71.11484,Private room in condo,Private room,2,1,2,2,$39.00 ,29,1125,t,0,0,0,200,20,0,0,0,0,0,0,4.95,5,4.95,5,5,4.9,4.95,f,1,0,1,0,0.25
32012250,100%,92%,t,4,6,t,t,East Boston,42.36935,-71.03215,Entire rental unit,Entire home/apt,2,,1,,,29,360,t,0,0,0,2,27,4,1,2,4,232,,5,5,4.93,5,4.96,4.85,4.74,f,4,4,0,0,0.37
32016148,100%,99%,t,3,3,t,t,Dorchester,42.31586,-71.06827,Private room in home,Private room,3,1.5,1,1,$112.00 ,1,125,t,12,39,69,159,243,50,6,79,41,255,28560,4.97,4.96,4.95,4.98,4.98,4.7,4.93,f,3,0,3,0,3.05
32062716,100%,96%,f,5084,5865,t,t,West End,42.364968,-71.06887,Entire rental unit,Entire home/apt,4,2,2,2,$390.00 ,32,1125,t,2,32,62,337,0,0,0,72,0,0,0,,,,,,,,t,343,343,0,0,
32102560,100%,98%,t,24,30,t,t,Dorchester,42.30956,-71.06524,Private room in rental unit,Private room,1,2,1,1,$56.00 ,29,200,t,28,58,88,363,29,3,0,98,1,174,9744,4.41,4.59,4.48,4.48,4.59,4.21,4.38,f,17,0,17,0,0.36
32197096,93%,93%,f,12,32,t,f,Dorchester,42.30082,-71.08595,Entire condo,Entire home/apt,4,1,1,1,$129.00 ,29,1125,t,3,30,60,149,28,0,0,69,1,0,0,4.43,4.43,4.54,4.96,4.82,4.36,4.39,f,12,12,0,0,0.36
32281287,N/A,N/A,f,3,3,t,t,Jamaica Plain,42.29885,-71.10926,Entire home,Entire home/apt,2,,1,,,29,1125,t,0,0,0,0,3,0,0,0,0,0,,5,5,5,5,5,4.67,4.67,t,2,2,0,0,0.05
32309630,84%,95%,f,60,97,t,t,Brighton,42.33931,-71.15122,Entire rental unit,Entire home/apt,3,1,1,1,$108.00 ,30,180,t,5,11,41,219,14,1,1,51,2,60,6480,4.5,4.64,4.64,4.86,4.93,4.93,4.36,f,58,18,40,0,0.18
32330134,100%,100%,f,8,10,t,t,Downtown,42.35505674,-71.062212,Entire rental unit,Entire home/apt,2,1,1,0,$219.00 ,29,120,t,6,20,50,253,69,0,0,59,0,0,0,4.35,4.47,4.65,4.79,4.87,4.72,4.18,t,8,5,3,0,0.86
32330465,100%,100%,f,8,10,t,t,Downtown,42.35505676,-71.06221008,Entire rental unit,Entire home/apt,2,1,0,1,$217.00 ,2,500,t,10,30,60,269,129,29,1,69,33,174,37758,4.35,4.35,4.26,4.74,4.79,4.84,4.31,t,8,5,3,0,1.61
32330630,100%,100%,f,8,10,t,t,Downtown,42.35505676,-71.06221008,Entire rental unit,Entire home/apt,2,1,1,2,$211.00 ,29,500,t,5,23,53,258,91,1,0,62,0,58,12238,4.31,4.48,4.22,4.88,4.84,4.86,4.31,t,8,5,3,0,1.14
32366109,N/A,N/A,f,1,1,t,t,Mission Hill,42.33287,-71.09757,Entire rental unit,Entire home/apt,3,,2,,,91,1125,,0,0,0,0,0,0,0,0,0,0,,,,,,,,,f,1,1,0,0,
32546785,N/A,N/A,f,3,3,t,f,West Roxbury,42.26619,-71.16496,Entire home,Entire home/apt,6,,2,,,91,1125,t,30,60,90,269,2,0,0,99,0,0,,5,5,5,5,5,5,5,t,3,1,2,0,0.03
32592761,100%,50%,t,1,1,t,t,Fenway,42.34918,-71.093,Entire condo,Entire home/apt,3,1.5,2,2,$269.00 ,29,150,t,0,11,22,221,13,3,0,22,2,174,46806,5,5,5,5,5,5,4.69,f,1,1,0,0,0.17
32605534,100%,93%,t,5,5,t,t,Roxbury,42.32865756,-71.09550791,Entire rental unit,Entire home/apt,3,1,1,1,$152.00 ,2,365,t,3,6,27,207,34,27,1,37,11,162,24624,4.88,4.94,4.85,5,4.94,4.71,4.79,f,5,5,0,0,1.81
32605604,N/A,N/A,f,1,3,t,f,Roxbury,42.32648,-71.09513,Entire rental unit,Entire home/apt,4,,,,,91,1125,,0,0,0,0,10,0,0,0,0,0,,4.7,4.9,4.8,5,5,4.9,4.7,f,1,1,0,0,0.13
32632691,N/A,N/A,f,1,3,t,t,Allston,42.3509,-71.12685,Private room in rental unit,Private room,1,,,,,91,1125,t,0,0,0,0,32,0,0,0,0,0,,4.78,4.81,4.31,4.84,4.97,4.94,4.69,t,1,0,1,0,0.41
32723746,100%,100%,t,1,1,t,t,Dorchester,42.30461,-71.06636,Private room in home,Private room,1,1,1,1,$78.00 ,1,1125,t,13,41,71,342,235,30,2,81,38,180,14040,4.88,4.93,4.84,4.89,4.94,4.6,4.77,f,1,0,1,0,3
32764882,100%,100%,t,35,76,t,t,Beacon Hill,42.3607,-71.06916,Entire condo,Entire home/apt,6,1,3,3,$297.00 ,1,1125,t,4,16,46,316,260,48,3,50,43,255,75735,4.35,4.46,4.23,4.48,4.83,4.79,4.26,f,23,23,0,0,3.26
32826985,100%,100%,t,8,10,t,t,Charlestown,42.37213,-71.06123,Private room in bed and breakfast,Private room,4,1.5,1,1,$336.00 ,1,1125,t,5,5,5,155,76,11,2,5,13,66,22176,4.88,4.91,4.87,4.91,4.88,4.95,4.71,t,8,1,7,0,0.98
32835031,100%,100%,f,8,10,t,t,Downtown,42.35505674,-71.062212,Private room in rental unit,Private room,2,,1,,,29,400,t,8,25,55,259,104,0,0,64,0,0,,4.62,4.81,4.56,4.91,4.91,4.92,4.56,t,8,5,3,0,1.36
32861086,99%,98%,f,20,22,t,t,Bay Village,42.34904,-71.07007,Private room in rental unit,Private room,1,1,1,1,$113.00 ,2,500,t,12,27,49,320,97,25,2,58,27,150,16950,4.21,4.39,4.45,4.8,4.69,4.66,4.27,t,20,5,15,0,1.23
32890952,100%,67%,t,2,3,t,f,Roslindale,42.27855,-71.14064,Entire condo,Entire home/apt,4,1,2,3,$261.00 ,29,365,t,30,60,90,365,11,1,0,100,1,58,15138,4.91,4.91,4.91,4.82,4.82,4.91,4.73,f,2,2,0,0,0.14
32924105,100%,60%,f,1,1,t,t,Roxbury,42.3207,-71.07824,Entire guest suite,Entire home/apt,1,1,1,1,$86.00 ,29,30,t,15,45,75,85,37,1,1,85,1,58,4988,4.86,4.95,4.95,4.97,4.86,4.7,4.81,f,1,1,0,0,0.5
33090908,100%,100%,t,1,3,t,t,Jamaica Plain,42.31997,-71.10617,Entire guest suite,Entire home/apt,4,1,2,2,$230.00 ,2,30,t,6,21,46,215,173,60,8,52,74,255,58650,4.86,4.87,4.9,4.91,4.83,4.81,4.79,f,1,1,0,0,2.21
33156025,100%,99%,t,2,3,t,t,Dorchester,42.29595,-71.06715,Private room in home,Private room,2,1.5,1,1,$129.00 ,2,4,t,15,20,20,100,157,27,6,20,35,162,20898,4.89,4.93,4.8,4.97,4.97,4.86,4.88,f,2,0,2,0,1.99
33162602,94%,91%,f,3,3,t,t,Roxbury,42.31507,-71.07504,Private room in home,Private room,2,1.5,1,1,$55.00 ,29,1125,t,0,0,0,90,22,2,1,10,2,116,6380,4.77,4.86,4.45,4.91,4.91,4.59,4.5,f,3,0,3,0,0.28
33345730,N/A,N/A,f,14,15,t,t,Back Bay,42.34587,-71.08381,Entire rental unit,Entire home/apt,5,,2,,,91,1125,t,0,0,0,0,10,0,0,0,0,0,,4.6,4.5,4.8,4.7,4.6,4.9,4.3,t,14,14,0,0,0.13
33403880,100%,100%,t,35,76,t,t,Jamaica Plain,42.28997,-71.11321,Entire rental unit,Entire home/apt,2,1,0,2,$126.00 ,1,90,t,8,35,65,245,169,27,1,75,28,162,20412,4.79,4.85,4.69,4.95,4.94,4.87,4.66,f,23,23,0,0,2.4
33440102,100%,96%,f,5084,5865,t,t,Brighton,42.3498,-71.14951,Entire rental unit,Entire home/apt,4,1,2,2,$212.00 ,32,1125,t,0,0,0,115,2,1,0,0,0,64,13568,4,4.5,5,4,3,5,2.5,t,343,343,0,0,0.04
33446838,100%,100%,f,2,2,t,t,East Boston,42.38952637,-71.00364685,Private room in home,Private room,1,1,1,2,$155.00 ,7,91,t,0,21,51,231,1,0,0,61,0,0,0,5,5,5,5,5,5,5,f,2,0,2,0,0.01
33467259,84%,95%,f,60,97,t,t,Brighton,42.33931,-71.15122,Entire rental unit,Entire home/apt,6,2,3,3,$176.00 ,30,365,t,0,0,0,269,8,1,0,4,2,60,10560,4.88,4.63,4.63,4.63,4.63,4.88,4.63,t,58,18,40,0,0.11
33487000,N/A,N/A,f,5,5,t,t,Brighton,42.34408,-71.15394,Private room in rental unit,Private room,1,,2,,,91,1125,,0,0,0,0,1,0,0,0,0,0,,5,5,4,5,5,5,5,f,5,0,5,0,0.01
33549373,100%,60%,f,3,4,t,t,Roxbury,42.31638007,-71.07288882,Entire guest suite,Entire home/apt,4,1,2,3,$272.00 ,3,1125,t,9,34,64,333,87,3,0,74,5,18,4896,4.78,4.8,4.89,4.89,4.86,4.47,4.66,f,3,3,0,0,1.11
33552900,N/A,N/A,f,1,1,t,t,Brighton,42.35941,-71.14224,Entire rental unit,Entire home/apt,5,,3,,,3,28,t,0,0,0,0,26,0,0,0,0,0,,5,5,5,5,5,4.73,4.85,f,1,1,0,0,0.34
33586214,N/A,N/A,f,1,1,t,t,Jamaica Plain,42.31998,-71.10952,Private room in home,Private room,1,,4,,,91,366,t,0,0,0,0,32,0,0,0,0,0,,4.88,4.97,4.97,5,4.97,4.94,4.88,f,1,0,1,0,0.41
33616608,N/A,N/A,f,3,4,t,f,South End,42.34688,-71.07353,Private room in home,Private room,1,2.5,1,1,$143.00 ,1,14,t,4,21,27,27,101,28,5,27,0,168,24024,4.91,4.95,4.89,5,4.95,5,4.82,f,3,0,3,0,1.29
33638927,100%,100%,t,8,25,t,t,Dorchester,42.309845,-71.063538,Entire home,Entire home/apt,16,6,13,22,"$2,165.00 ",2,1125,t,9,39,69,344,13,2,0,78,2,12,25980,4.69,4.62,4.85,4.92,4.77,3.92,4.23,f,7,7,0,0,0.17
33672980,N/A,N/A,f,1,1,t,t,Dorchester,42.29137,-71.07202,Private room in rental unit,Private room,4,,,,,91,1125,,0,0,0,0,1,0,0,0,0,0,,4,4,4,5,5,4,4,f,1,0,1,0,0.01
33682929,100%,81%,t,8,10,t,t,Dorchester,42.28983,-71.06703,Private room in condo,Private room,1,1.5,1,1,$38.00 ,91,1125,t,8,8,8,273,9,0,0,8,2,0,0,5,4.89,4.67,5,5,4.78,5,f,8,0,8,0,0.12
33711194,N/A,N/A,f,1,1,t,f,Dorchester,42.31213,-71.05081,Entire condo,Entire home/apt,4,,1,,,29,1125,t,0,0,0,0,56,0,0,0,0,0,,4.96,4.96,4.91,5,5,4.96,4.93,f,1,1,0,0,0.72
33855934,N/A,N/A,f,5,5,t,t,Brighton,42.34261,-71.15257,Private room in rental unit,Private room,2,,2,,,91,150,,0,0,0,0,2,0,0,0,0,0,,5,5,4,5,5,5,4.5,f,5,0,5,0,0.03
33966889,N/A,N/A,f,2,2,t,f,Dorchester,42.29302,-71.0669,Entire rental unit,Entire home/apt,6,,3,,,91,1125,,0,0,0,0,35,0,0,0,0,0,,4.83,4.83,4.83,4.91,4.83,4.86,4.74,f,2,2,0,0,0.45
34020206,N/A,N/A,f,1,1,t,t,Roxbury,42.32385,-71.07626,Entire rental unit,Entire home/apt,5,,2,,,91,1125,t,0,0,0,0,5,0,0,0,0,0,,5,5,5,5,5,5,5,t,1,1,0,0,0.06
34020828,N/A,N/A,f,2,2,t,f,Dorchester,42.29461,-71.06739,Entire rental unit,Entire home/apt,8,,3,,,91,1125,,0,0,0,0,43,0,0,0,0,0,,4.77,4.95,4.81,4.98,4.84,4.74,4.74,f,2,2,0,0,0.56
34133759,100%,96%,f,5084,5865,t,t,Back Bay,42.348633,-71.074088,Entire rental unit,Entire home/apt,2,1,1,1,$350.00 ,32,1125,t,0,0,24,227,1,0,0,33,0,0,0,5,5,5,5,5,5,5,t,343,343,0,0,0.02
34342016,100%,100%,f,1,4,t,t,Brighton,42.34293,-71.16773,Private room in condo,Private room,1,,,,,29,29,t,2,3,3,3,46,1,0,3,2,58,,5,5,5,4.96,5,4.93,4.98,f,1,0,1,0,0.6
34422276,100%,98%,t,5,6,t,t,Dorchester,42.28986,-71.06925,Entire rental unit,Entire home/apt,2,1,1,1,$88.00 ,29,365,t,0,0,30,305,270,2,0,40,34,116,10208,4.88,4.91,4.97,4.98,4.97,4.7,4.84,f,3,3,0,0,3.56
34548072,100%,98%,f,27,30,t,t,Dorchester,42.29111,-71.06451,Private room in rental unit,Private room,1,1,1,1,$60.00 ,30,730,t,27,57,87,300,3,2,1,97,1,120,7200,4.67,4.67,4.67,5,5,5,5,f,27,5,22,0,0.08
34670613,N/A,N/A,f,2,6,t,t,Hyde Park,42.26595,-71.10454,Private room in home,Private room,2,,,,,91,1125,t,30,60,89,89,1,0,0,89,0,0,,4,5,5,5,5,5,5,f,2,0,2,0,0.01
34936983,100%,63%,t,3,3,t,t,Beacon Hill,42.35923,-71.06602,Entire condo,Entire home/apt,2,1,1,1,$150.00 ,29,1125,t,3,4,34,210,11,5,0,43,3,255,38250,5,5,5,5,5,5,5,f,2,1,1,0,0.19
34974052,100%,96%,f,5084,5865,t,t,Back Bay,42.348633,-71.074088,Entire rental unit,Entire home/apt,2,1,1,1,$350.00 ,32,1125,t,0,0,0,195,0,0,0,1,0,0,0,,,,,,,,t,343,343,0,0,
35001266,100%,100%,,3,8,t,f,Allston,42.35157,-71.14026,Entire rental unit,Entire home/apt,2,1.5,2,4,$130.00 ,30,365,t,0,27,57,156,152,1,0,66,1,60,7800,4.96,4.99,4.95,4.99,4.97,4.97,4.95,f,1,1,0,0,1.97
35027638,N/A,N/A,f,1,3,t,t,East Boston,42.37669,-71.03062,Private room in condo,Private room,2,,,,,29,1125,t,0,0,0,0,83,0,0,0,0,0,,4.96,4.94,5,4.98,4.95,4.8,4.82,f,1,0,1,0,1.08
35038113,100%,100%,t,1,1,t,t,Jamaica Plain,42.30585,-71.11294,Entire guest suite,Entire home/apt,4,1,1,2,$149.00 ,4,60,t,1,1,14,175,121,19,1,14,21,152,22648,4.99,4.98,4.94,4.96,5,4.96,4.92,f,1,1,0,0,1.58
35061366,N/A,N/A,f,1,1,t,t,Mission Hill,42.33016,-71.11279,Entire rental unit,Entire home/apt,2,,,,,91,1125,t,0,0,0,0,0,0,0,0,0,0,,,,,,,,,t,1,1,0,0,
35077924,100%,100%,f,5,6,t,t,Roxbury,42.32232,-71.09491,Private room in home,Private room,2,1,1,1,$82.00 ,29,365,t,18,48,78,254,27,0,0,87,0,0,0,5,5,5,5,5,4.89,4.93,t,5,1,4,0,0.35
35079257,100%,100%,f,5,6,t,t,Roxbury,42.32296,-71.09292,Private room in home,Private room,2,1,1,1,$94.00 ,2,365,t,14,42,72,343,119,22,3,82,18,132,12408,4.82,4.85,4.75,4.91,4.87,4.67,4.64,t,5,1,4,0,1.57
35080086,100%,100%,f,5,6,t,t,Roxbury,42.32363,-71.0952,Private room in home,Private room,2,1,1,1,$108.00 ,2,365,t,12,38,68,243,97,24,4,78,20,144,15552,4.73,4.88,4.84,4.94,4.84,4.47,4.59,t,5,1,4,0,1.26
35084086,N/A,N/A,f,7,60,t,t,South End,42.33863,-71.07155,Private room in rental unit,Private room,2,,,,,91,1125,t,0,0,0,0,8,0,0,0,0,0,,4.38,4.75,4.13,4.88,5,4.75,4.13,t,4,0,4,0,0.1
35084498,N/A,N/A,f,7,60,t,t,South End,42.33669,-71.07009,Private room in rental unit,Private room,2,,,,,91,1125,t,0,0,0,0,13,0,0,0,0,0,,4.46,5,4.46,4.92,4.85,4.46,4.54,t,4,0,4,0,0.17
35161089,100%,99%,t,3,3,t,t,Beacon Hill,42.35784,-71.0712,Entire condo,Entire home/apt,3,1,1,2,$299.00 ,4,1125,t,0,9,23,247,324,52,2,24,59,255,76245,4.97,4.98,4.97,4.94,4.97,5,4.82,t,3,3,0,0,4.23
35165584,N/A,N/A,f,7,60,t,t,South End,42.33678,-71.06972,Private room in rental unit,Private room,1,,,,,91,1125,t,0,0,0,0,4,0,0,0,0,0,,4,4,3.75,4,4,4,3.5,t,4,0,4,0,0.05
35185474,100%,100%,t,1,2,t,t,Beacon Hill,42.35844,-71.06763,Entire condo,Entire home/apt,3,1,1,1,$255.00 ,3,7,t,4,18,40,244,171,26,2,49,30,156,39780,4.98,4.97,4.9,4.96,4.99,5,4.88,t,1,1,0,0,2.23
35238309,96%,89%,f,4,4,t,t,Dorchester,42.31686,-71.05746,Entire guest suite,Entire home/apt,5,2,2,3,$197.00 ,2,90,t,19,49,79,259,204,22,1,89,27,132,26004,4.76,4.84,4.9,4.86,4.87,4.8,4.76,f,3,3,0,0,2.67
35292308,N/A,N/A,f,1,2,t,t,Fenway,42.34537,-71.10372,Entire rental unit,Entire home/apt,4,,1,,,91,120,,0,0,0,0,2,0,0,0,0,0,,5,5,5,5,5,5,5,f,1,1,0,0,0.03
35405830,N/A,N/A,f,3,3,t,f,West Roxbury,42.266,-71.16495,Private room in home,Private room,2,1.5,1,1,$802.00 ,91,1125,t,30,60,90,269,0,0,0,99,0,0,0,,,,,,,,t,3,1,2,0,
35407404,N/A,N/A,f,3,3,t,f,West Roxbury,42.27919,-71.16149,Private room in home,Private room,2,1.5,10,1,$800.00 ,91,1125,t,30,60,90,270,1,0,0,100,0,0,0,5,5,5,5,5,5,4,t,3,1,2,0,0.01
35467463,100%,63%,t,3,10,t,t,Beacon Hill,42.35987,-71.06598,Entire townhouse,Entire home/apt,1,1,1,1,$111.00 ,29,1125,t,0,23,53,85,21,1,0,62,2,58,6438,4.67,4.76,4.38,4.95,5,5,4.43,f,2,1,1,0,0.27
35481543,100%,96%,f,5084,5865,t,t,Beacon Hill,42.3594063,-71.0674425,Entire rental unit,Entire home/apt,2,1,1,1,$299.00 ,32,1125,t,0,0,0,132,2,0,0,0,0,0,0,5,5,4.5,5,5,5,4,t,343,343,0,0,0.05
35516987,100%,99%,t,3,4,t,t,Hyde Park,42.27012,-71.11977,Private room in home,Private room,2,1,1,0,$68.00 ,1,365,t,14,44,74,254,47,31,1,84,27,186,12648,4.89,4.83,4.87,4.94,4.89,4.72,4.72,f,3,0,3,0,2.6
35547817,33%,50%,f,4,19,t,t,Allston,42.36004,-71.12818,Private room in home,Private room,1,,1,,,91,1125,t,29,59,89,364,10,0,0,98,1,0,,4.9,4.8,4,4.9,5,4.8,4.6,f,3,0,3,0,0.13
35576389,100%,100%,f,10,10,t,t,Roxbury,42.32239,-71.08039,Private room in home,Private room,4,1,1,2,$103.00 ,2,365,t,4,23,53,323,66,11,2,63,15,66,6798,4.67,4.76,4.76,4.92,4.92,4.35,4.53,f,7,0,7,0,0.88
35579707,N/A,N/A,f,1,4,t,t,East Boston,42.37007,-71.03829,Private room in rental unit,Private room,1,2,1,2,$128.00 ,91,1125,t,30,60,90,365,3,0,0,99,0,0,0,5,5,5,5,5,5,5,f,1,0,1,0,0.04
35583138,96%,89%,f,4,4,t,t,Dorchester,42.31538,-71.05874,Entire rental unit,Entire home/apt,10,3,3,6,$283.00 ,2,100,t,16,44,74,253,187,15,1,83,28,90,25470,4.87,4.86,4.92,4.96,4.88,4.83,4.83,f,3,3,0,0,2.46
35689708,N/A,N/A,f,2,2,t,f,East Boston,42.36605,-71.03288,Private room in home,Private room,3,,,,,29,1125,,0,0,0,0,5,0,0,0,0,0,,4.8,5,5,5,5,5,5,f,2,0,2,0,0.07
35714054,N/A,N/A,f,1,1,t,f,Hyde Park,42.25397,-71.12792,Private room in home,Private room,2,,,,,29,30,t,0,0,0,0,39,0,0,0,0,0,,5,5,5,4.97,4.97,4.9,5,f,1,0,1,0,0.51
35807024,N/A,N/A,f,3,5,t,t,Allston,42.3527,-71.12302,Entire rental unit,Entire home/apt,3,,1,,,91,1125,,0,0,0,0,0,0,0,0,0,0,,,,,,,,,f,1,1,0,0,
35915047,100%,99%,f,7,8,t,t,Back Bay,42.34458,-71.08019,Entire rental unit,Entire home/apt,4,1,1,2,$505.00 ,1,1125,t,30,59,89,329,232,25,0,98,17,150,75750,4.41,4.34,4.55,4.78,4.72,4.92,4.38,f,7,7,0,0,3.34
35916196,100%,99%,f,7,8,t,t,Back Bay,42.34458,-71.08019,Entire rental unit,Entire home/apt,2,1,1,1,$369.00 ,1,1125,t,17,38,68,308,375,63,3,77,36,255,94095,4.57,4.54,4.66,4.84,4.79,4.92,4.58,f,7,7,0,0,5.27
35968526,100%,100%,t,3,3,t,t,Allston,42.36138,-71.125,Private room in home,Private room,2,1,1,1,$168.00 ,2,27,t,5,24,48,80,247,41,5,58,53,246,41328,4.98,4.96,5,4.99,4.98,4.9,4.93,f,3,0,3,0,3.32
35988307,100%,100%,t,1,1,t,t,Downtown,42.34978,-71.05821,Entire condo,Entire home/apt,4,1,1,3,$286.00 ,3,90,t,5,23,53,62,179,32,5,62,36,192,54912,4.97,4.96,4.96,4.99,4.98,4.89,4.84,t,1,1,0,0,2.43
36000657,100%,100%,t,3,3,t,t,Dorchester,42.31471,-71.05136,Private room in condo,Private room,2,1,1,1,$73.00 ,29,180,t,5,35,65,245,35,3,0,75,2,174,12702,4.83,4.83,4.8,4.8,4.86,4.8,4.77,f,3,0,3,0,0.47
36033983,N/A,67%,f,1,1,t,t,Allston,42.3508,-71.13727,Private room in townhouse,Private room,2,,,,,2,7,t,0,0,0,0,11,1,0,0,3,6,,5,5,5,5,4.91,5,4.91,f,1,0,1,0,0.15
36036045,99%,98%,f,20,22,t,t,Bay Village,42.34840012,-71.06946564,Private room in rental unit,Private room,2,1,1,1,$119.00 ,2,500,t,11,25,55,323,98,16,1,64,25,96,11424,4.41,4.58,4.48,4.73,4.79,4.78,4.2,t,20,5,15,0,1.31
36036766,99%,98%,f,20,22,t,t,Bay Village,42.34827,-71.069725,Private room in rental unit,Private room,1,1,0,0,$110.00 ,2,500,t,6,23,49,324,89,9,2,58,21,54,5940,4.17,4.47,4.21,4.73,4.72,4.73,4.25,f,20,5,15,0,1.18
36037367,99%,98%,f,20,22,t,t,Bay Village,42.34827423,-71.06961823,Private room in rental unit,Private room,1,1,1,0,$124.00 ,2,500,t,12,35,65,340,63,4,0,74,15,24,2976,4.14,4.29,4.06,4.84,4.7,4.76,4.05,t,20,5,15,0,0.84
36040459,100%,100%,f,3,9,t,t,South End,42.34666,-71.07425,Private room in rental unit,Private room,1,1.5,1,1,$179.00 ,120,1125,t,30,60,90,179,2,0,0,99,0,0,0,5,4.5,5,5,4.5,5,5,f,1,0,1,0,0.03
36106804,100%,100%,f,5,5,t,t,Roxbury,42.32078,-71.07481,Entire condo,Entire home/apt,6,1,3,3,$247.00 ,2,1125,t,6,27,57,322,157,12,1,67,12,72,17784,4.71,4.7,4.71,4.84,4.81,4.38,4.64,t,4,4,0,0,2.25
36113606,100%,100%,t,3,3,t,t,Allston,42.3607,-71.12675,Private room in home,Private room,2,1,1,1,$140.00 ,2,27,t,2,17,28,42,270,34,3,38,58,204,28560,4.99,4.99,5,5,4.99,4.95,4.94,f,3,0,3,0,3.64
36114933,100%,100%,t,3,3,t,t,Allston,42.36079,-71.12684,Private room in home,Private room,2,1,1,1,$168.00 ,2,26,t,1,8,27,61,287,43,4,37,49,255,42840,4.99,4.99,4.99,4.98,4.99,4.94,4.96,f,3,0,3,0,3.86
36145390,100%,100%,f,1,2,t,t,Dorchester,42.31096,-71.06337,Entire rental unit,Entire home/apt,3,1,1,2,$162.00 ,35,45,t,19,35,57,206,35,4,0,57,1,255,41310,4.77,4.8,4.89,4.86,4.86,4.31,4.6,f,1,1,0,0,0.46
36165607,100%,100%,t,7,9,t,t,Dorchester,42.31163,-71.06249,Private room in rental unit,Private room,2,1,1,1,$90.00 ,29,250,t,5,16,33,188,210,71,2,40,48,255,22950,4.81,4.89,4.86,4.92,4.92,4.52,4.8,t,7,1,6,0,2.84
36237250,N/A,100%,f,2,2,t,t,South End,42.34692,-71.07065,Room in boutique hotel,Private room,2,,1,,,1,28,t,0,0,0,0,789,22,0,0,61,132,,4.67,4.75,4.84,4.83,4.77,4.83,4.54,t,2,0,2,0,11.1
36263543,N/A,N/A,f,1,1,t,t,Fenway,42.34504,-71.09446,Private room in condo,Private room,2,,,,,91,1125,,0,0,0,0,0,0,0,0,0,0,,,,,,,,,f,1,0,1,0,
36269751,100%,100%,f,1,2,t,t,Downtown,42.35445,-71.06176,Room in boutique hotel,Private room,2,1,1,2,$387.00 ,1,1125,t,0,0,0,152,14,0,0,3,3,0,0,4.64,4.79,4.86,4.71,4.57,5,4.86,t,1,0,1,0,0.21
36282491,N/A,100%,f,2,2,t,t,South End,42.34692,-71.07065,Room in boutique hotel,Private room,2,,1,,,1,28,t,0,0,0,0,29,1,0,0,1,6,,4.72,4.72,4.9,4.9,4.79,4.9,4.59,t,2,0,2,0,0.41
36291586,80%,21%,f,11,16,t,t,Back Bay,42.35,-71.08718,Entire condo,Entire home/apt,2,1,0,1,$172.00 ,32,1125,t,4,4,34,309,0,0,0,43,0,0,0,,,,,,,,f,8,8,0,0,
36370563,100%,99%,f,18,18,t,f,Charlestown,42.37482,-71.05098,Boat,Entire home/apt,4,1,1,1,$173.00 ,2,1125,t,6,27,52,303,43,6,0,62,7,36,6228,4.88,4.93,4.93,4.81,4.91,4.91,4.67,t,3,3,0,0,0.57
36529493,N/A,N/A,f,1,1,t,t,Brighton,42.33738,-71.15112,Private room in rental unit,Private room,2,,,,,91,1125,,0,0,0,0,1,0,0,0,0,0,,4,4,4,5,5,5,4,f,1,0,1,0,0.01
36551230,100%,99%,t,2,2,t,t,Roxbury,42.32899,-71.09594,Entire condo,Entire home/apt,4,1,1,2,$231.00 ,2,45,t,4,20,35,282,328,50,4,45,49,255,58905,4.94,4.93,4.95,4.96,4.97,4.81,4.85,f,1,1,0,0,4.44
36556004,100%,100%,f,2,24,t,t,Jamaica Plain,42.30713,-71.10472,Entire rental unit,Entire home/apt,11,2,4,6,$411.00 ,29,1125,t,10,34,55,318,26,0,0,59,0,0,0,4.92,4.96,4.92,5,4.96,4.46,4.73,t,2,2,0,0,0.35
36558814,N/A,N/A,f,5,6,t,t,West End,42.36146,-71.07193,Room in boutique hotel,Private room,2,1,1,2,$897.00 ,1,1125,t,19,48,78,317,0,0,0,87,0,0,0,,,,,,,,t,1,0,1,0,
36562321,100%,100%,f,2,24,t,t,Jamaica Plain,42.307125,-71.104721,Entire rental unit,Entire home/apt,11,2,4,6,$419.00 ,30,1125,t,7,28,51,316,18,0,0,60,0,0,0,5,4.83,4.89,5,5,4.83,4.83,t,2,2,0,0,0.24
36587216,100%,56%,t,7,10,t,t,South Boston,42.33487,-71.04956,Private room in condo,Private room,3,1,1,2,$171.00 ,29,1125,t,30,60,90,365,3,0,0,100,0,0,0,4.67,4.67,4.33,5,5,4.33,4.67,f,7,3,4,0,0.1
36596382,100%,82%,f,3,4,t,t,Roslindale,42.28767,-71.14229,Entire home,Entire home/apt,6,1.5,4,4,$251.00 ,29,1125,t,0,0,0,77,5,0,0,0,0,0,0,5,5,5,5,5,5,5,f,1,1,0,0,0.07
36621324,89%,92%,f,25,86,t,t,Brighton,42.34152,-71.15477,Entire rental unit,Entire home/apt,2,1,0,1,$137.00 ,29,1125,t,0,0,0,204,6,0,0,0,0,0,0,5,4.83,5,4.83,5,5,4.83,f,9,9,0,0,0.09
36622810,100%,98%,t,1,1,t,t,Charlestown,42.3765,-71.05067,Entire rental unit,Entire home/apt,4,,2,,,2,28,t,0,0,0,0,309,20,0,0,64,120,,4.88,4.91,4.92,4.94,4.98,4.91,4.73,t,1,1,0,0,4.19
36636807,N/A,N/A,f,2,3,t,t,Brighton,42.35723,-71.16381,Private room in home,Private room,2,,,,,91,1125,,0,0,0,0,2,0,0,0,0,0,,5,4.5,5,5,5,5,5,f,2,0,2,0,0.03
36664626,N/A,N/A,f,1,14,t,t,South Boston Waterfront,42.35031,-71.04704,Entire rental unit,Entire home/apt,4,,2,,,91,1125,,0,0,0,0,2,0,0,0,0,0,,5,5,5,5,5,5,4.5,f,1,1,0,0,0.03
36687285,N/A,N/A,f,1,2,t,t,South End,42.33735,-71.07565,Entire condo,Entire home/apt,6,,2,,,91,1125,t,0,0,0,0,1,0,0,0,0,0,,5,5,5,5,5,5,5,f,1,1,0,0,0.01
36733785,N/A,N/A,f,4,4,t,t,East Boston,42.38002,-71.04008,Private room in condo,Private room,2,,,,,1,1125,t,0,0,0,0,1,0,0,0,0,0,,5,5,5,5,5,5,4,f,4,1,3,0,0.01
36766020,N/A,N/A,f,2,3,t,t,Brighton,42.35562,-71.16375,Private room in home,Private room,2,,,,,91,1125,,0,0,0,0,1,0,0,0,0,0,,5,5,5,5,5,5,5,f,2,0,2,0,0.01
36829501,94%,59%,f,21,29,t,t,Fenway,42.34669,-71.08975,Entire condo,Entire home/apt,2,1,0,1,$130.00 ,120,1125,t,30,60,90,365,0,0,0,99,0,0,0,,,,,,,,f,12,12,0,0,
36977405,100%,99%,t,3,3,t,t,Dorchester,42.31583,-71.06822,Private room in guest suite,Private room,3,1,1,1,$117.00 ,1,65,t,15,45,75,165,203,34,5,85,28,204,23868,4.91,4.92,4.96,4.95,4.98,4.68,4.82,f,3,0,3,0,2.7
37021350,100%,100%,t,3,3,t,t,Dorchester,42.3138,-71.05331,Private room in condo,Private room,2,1,1,1,$76.00 ,29,180,t,4,34,64,244,19,0,0,74,1,0,0,4.89,4.84,4.89,4.95,4.95,4.74,4.68,f,3,0,3,0,0.25
37068313,100%,96%,f,5084,5865,t,t,South Boston,42.34114,-71.04959,Entire rental unit,Entire home/apt,2,1,1,1,$273.00 ,32,1125,t,0,0,0,248,2,0,0,0,0,0,0,4.5,4.5,5,4,4,4.5,4.5,t,343,343,0,0,0.04
37092569,N/A,100%,f,1,1,t,t,Roxbury,42.32469,-71.08392,Entire home,Entire home/apt,3,,2,,,3,30,t,0,0,0,0,24,1,0,0,0,6,,4.88,4.96,5,5,5,4.54,4.88,f,1,1,0,0,0.32
37145151,100%,100%,f,2,2,t,t,East Boston,42.36843,-71.03664,Entire condo,Entire home/apt,3,1,1,1,$199.00 ,3,90,t,4,24,24,97,22,5,1,24,0,30,5970,5,4.95,4.86,5,5,4.82,4.77,f,1,1,0,0,0.3
37296051,N/A,N/A,f,1,1,t,f,Back Bay,42.34322,-71.084,Entire rental unit,Entire home/apt,2,,1,,,91,1125,,0,0,0,0,5,0,0,0,0,0,,4.8,4.8,4.8,5,5,5,5,f,1,1,0,0,0.07
37461678,100%,83%,f,1,3,t,t,Roslindale,42.27507,-71.13524,Private room in home,Private room,2,1,1,1,$50.00 ,29,1125,t,1,1,1,51,66,3,0,1,4,174,8700,4.8,4.89,4.73,4.92,4.91,4.83,4.85,f,1,0,1,0,0.89
37583345,N/A,N/A,f,1,1,t,t,South Boston Waterfront,42.33817,-71.04462,Entire condo,Entire home/apt,4,,2,,,91,1125,t,0,0,0,0,1,0,0,0,0,0,,5,4,4,5,5,5,5,t,1,1,0,0,0.01
37589402,N/A,N/A,f,2,2,t,f,East Boston,42.36583,-71.03089,Private room in home,Private room,2,,,,,29,1125,,0,0,0,0,10,0,0,0,0,0,,4.9,4.8,4.8,5,5,4.8,4.6,f,2,0,2,0,0.14
37630538,100%,98%,f,1,1,t,t,Back Bay,42.35462,-71.07637,Entire condo,Entire home/apt,4,1,1,2,$267.00 ,3,1125,t,2,25,31,144,148,17,2,31,22,102,27234,4.75,4.77,4.76,4.93,4.94,4.99,4.61,f,1,1,0,0,2
37709158,100%,96%,f,5084,5865,t,t,Back Bay,42.34317,-71.08323,Entire rental unit,Entire home/apt,2,1,0,1,$259.00 ,32,1125,t,0,0,0,147,1,0,0,0,0,0,0,2,4,4,4,3,4,1,t,343,343,0,0,0.01
37709576,100%,92%,t,4,6,t,t,North End,42.36575,-71.05544,Entire rental unit,Entire home/apt,2,,1,,,29,190,t,0,0,3,3,23,3,1,3,4,174,,4.91,4.61,4.78,4.91,5,4.96,4.61,f,4,4,0,0,0.33
37718326,N/A,N/A,f,2,7,t,f,Downtown,42.35473,-71.0622,Entire condo,Entire home/apt,6,3,2,3,$300.00 ,91,150,t,30,60,90,365,0,0,0,99,0,0,0,,,,,,,,f,2,2,0,0,
37748817,N/A,N/A,f,5,5,t,t,Brighton,42.34274,-71.15441,Private room in rental unit,Private room,1,,,,,91,1125,,0,0,0,0,0,0,0,0,0,0,,,,,,,,,f,5,0,5,0,
37749165,N/A,N/A,f,2,7,t,f,Downtown,42.35535,-71.06257,Entire condo,Entire home/apt,6,3,2,3,$300.00 ,91,180,t,24,54,84,359,0,0,0,93,0,0,0,,,,,,,,t,2,2,0,0,
37768013,N/A,N/A,f,1,1,t,f,Roxbury,42.32523,-71.08734,Private room in condo,Private room,1,,,,,29,1125,t,0,0,0,0,27,0,0,0,0,0,,4.96,4.96,5,5,5,4.96,4.96,f,1,0,1,0,0.36
37823144,N/A,N/A,f,7,7,t,t,Jamaica Plain,42.31665,-71.0999,Entire rental unit,Entire home/apt,2,1,1,1,$149.00 ,29,1125,t,30,60,90,365,134,0,0,100,1,0,0,4.66,4.75,4.65,4.78,4.86,4.72,4.68,f,1,1,0,0,1.86
37912471,N/A,N/A,f,1,1,t,f,Charlestown,42.37845,-71.0635,Entire home,Entire home/apt,8,,3,,,91,1125,,0,0,0,0,0,0,0,0,0,0,,,,,,,,,f,1,1,0,0,
37968399,100%,100%,t,7,9,t,t,Dorchester,42.31178,-71.06242,Private room in rental unit,Private room,2,1,1,1,$89.00 ,1,1124,t,14,31,53,131,161,47,2,62,32,255,22695,4.83,4.91,4.86,4.88,4.95,4.58,4.81,t,7,1,6,0,2.18
37968480,100%,100%,t,7,9,t,t,Dorchester,42.3129,-71.06285,Private room in rental unit,Private room,2,1,1,1,$89.00 ,1,1124,t,15,30,59,133,113,38,2,65,24,228,20292,4.68,4.76,4.73,4.78,4.81,4.52,4.71,t,7,1,6,0,1.53
38134488,100%,100%,t,6,18,t,f,Mission Hill,42.33312,-71.10272,Entire rental unit,Entire home/apt,2,1,0,1,$214.00 ,29,1125,t,0,29,59,69,252,29,0,69,50,255,54570,4.84,4.85,4.91,4.88,4.97,4.83,4.64,f,4,3,1,0,3.46
38148436,N/A,N/A,f,3,22,t,t,South Boston,42.33431,-71.05429,Private room in rental unit,Private room,1,2,1,1,$40.00 ,91,1125,t,30,60,90,90,3,0,0,90,0,0,0,4.67,5,4.33,5,5,4.33,4.67,f,3,1,2,0,0.04
38164617,N/A,N/A,f,3,22,t,t,South Boston,42.33605,-71.05349,Private room in rental unit,Private room,1,2,6,1,$50.00 ,91,1125,t,30,60,90,90,1,0,0,90,0,0,0,5,5,5,5,5,5,4,f,3,1,2,0,0.01
38168575,99%,98%,f,25,194,t,t,Back Bay,42.34373,-71.08324,Entire rental unit,Entire home/apt,3,1,0,1,$207.00 ,29,300,t,0,0,0,45,18,0,0,0,0,0,0,4.44,4.44,4.56,4.56,4.56,4.72,4.22,f,60,60,0,0,0.24
38178173,100%,96%,f,5084,5865,t,t,Back Bay,42.34317,-71.08323,Entire rental unit,Entire home/apt,2,1,0,1,$272.00 ,32,1125,t,0,0,0,176,1,0,0,0,0,0,0,4,5,4,5,3,5,4,t,343,343,0,0,0.02
38215747,84%,95%,f,60,97,t,t,Brighton,42.33931,-71.15122,Entire rental unit,Entire home/apt,3,1,1,2,$101.00 ,30,365,t,15,45,75,350,15,6,1,85,5,255,25755,4.47,4.6,4,4.6,4.4,4.87,4.4,f,58,18,40,0,0.22
38285740,N/A,N/A,f,1,1,t,f,South End,42.33786,-71.06915,Entire rental unit,Entire home/apt,4,,2,,,91,1125,,0,0,0,0,0,0,0,0,0,0,,,,,,,,,f,1,1,0,0,
38301053,100%,98%,t,24,30,t,t,Dorchester,42.30781,-71.0653,Private room in rental unit,Private room,1,2,1,1,$99.00 ,29,180,t,28,43,73,252,10,1,0,82,1,58,5742,4.9,4.9,4.5,5,5,4.1,4.4,f,17,0,17,0,0.14
38311023,100%,98%,t,24,30,t,t,Dorchester,42.30977,-71.06435,Private room in rental unit,Private room,1,2,1,1,$59.00 ,29,180,t,21,51,81,355,9,3,0,90,2,174,10266,5,4.89,4.56,4.89,5,4.22,4.67,f,17,0,17,0,0.18
38352489,N/A,N/A,f,1,2,t,t,South End,42.34101,-71.08103,Entire condo,Entire home/apt,4,,3,,,365,365,,0,0,0,0,0,0,0,0,0,0,,,,,,,,,f,1,1,0,0,
38377602,100%,89%,t,4,4,t,t,Roxbury,42.32295,-71.09084,Entire townhouse,Entire home/apt,4,2.5,2,2,$515.00 ,2,365,t,21,51,81,271,36,3,1,90,3,18,9270,4.64,4.75,4.69,4.69,4.78,4.67,4.44,f,1,1,0,0,0.65
38382899,N/A,N/A,f,14,28,t,t,Jamaica Plain,42.32187,-71.10862,Entire rental unit,Entire home/apt,10,,5,,,29,1125,t,0,0,0,0,3,0,0,0,0,0,,4,3.67,4.33,5,4.67,4.33,4,t,5,1,4,0,0.04
38384895,N/A,N/A,f,14,28,t,t,Jamaica Plain,42.32189,-71.10955,Private room in rental unit,Private room,2,,,,,29,1125,t,0,0,0,0,21,0,0,0,0,0,,4.05,4.71,4.24,4.9,4.76,4.71,4.14,t,5,1,4,0,0.29
38385157,N/A,N/A,f,14,28,t,t,Jamaica Plain,42.32194,-71.10799,Private room in rental unit,Private room,2,,,,,29,1125,t,0,0,0,0,8,0,0,0,0,0,,4.25,4.38,4.38,4.88,4.63,4.75,4.25,t,5,1,4,0,0.11
38385300,N/A,N/A,f,14,28,t,t,Jamaica Plain,42.32316,-71.1081,Private room in rental unit,Private room,2,,,,,29,1125,t,0,0,0,0,18,0,0,0,0,0,,4.22,4.39,4.67,5,4.83,4.89,4.72,t,5,1,4,0,0.25
38385513,N/A,N/A,f,14,28,t,t,Jamaica Plain,42.32366,-71.10858,Private room in rental unit,Private room,2,,,,,29,1125,t,0,0,0,0,15,0,0,0,0,0,,4.47,4.87,4.73,4.8,4.73,4.87,4.6,t,5,1,4,0,0.2
38388360,N/A,N/A,f,5,5,t,t,Brighton,42.34237,-71.15418,Private room in rental unit,Private room,1,,,,,91,1124,,0,0,0,0,0,0,0,0,0,0,,,,,,,,,f,5,0,5,0,
38391365,N/A,N/A,f,7,9,t,f,Allston,42.35106,-71.13502,Private room in home,Private room,2,,,,,29,360,,0,0,0,0,5,0,0,0,0,0,,4.8,5,5,5,5,4.8,4.8,f,7,0,7,0,0.07
38391507,N/A,N/A,f,7,9,t,f,Allston,42.35072,-71.13462,Private room in home,Private room,2,,,,,29,1125,,0,0,0,0,3,0,0,0,0,0,,4.67,4.67,4.67,5,5,5,4.33,f,7,0,7,0,0.04
38401070,N/A,N/A,f,7,9,t,f,Allston,42.34973,-71.1348,Private room in home,Private room,2,,,,,29,1125,,0,0,0,0,4,0,0,0,0,0,,5,5,5,5,5,5,5,f,7,0,7,0,0.06
38401377,N/A,N/A,f,7,9,t,f,Allston,42.35075,-71.1368,Private room in home,Private room,2,,,,,29,1125,,0,0,0,0,4,0,0,0,0,0,,5,5,5,5,5,5,5,f,7,0,7,0,0.06
38407434,100%,92%,t,11,17,t,t,South End,42.34364,-71.07599,Private room in bed and breakfast,Private room,2,1,1,1,$210.00 ,3,7,t,1,21,46,46,73,8,0,46,10,48,10080,4.97,5,4.93,4.95,5,4.97,4.95,f,6,3,3,0,1
38412757,N/A,N/A,f,4,10,t,t,Allston,42.34925,-71.13468,Private room in home,Private room,2,,,,,29,1125,t,0,0,0,0,0,0,0,0,0,0,,,,,,,,,t,4,0,4,0,
38433315,99%,100%,f,17,18,t,t,Bay Village,42.348419,-71.069756,Private room in rental unit,Private room,2,1,1,1,$144.00 ,2,500,t,13,32,35,238,96,3,0,44,19,18,2592,4.3,4.53,4.25,4.79,4.67,4.66,4.09,t,17,8,8,1,1.31
38482523,100%,81%,t,21,26,t,f,Roslindale,42.27502339,-71.13507655,Private room in rental unit,Private room,2,1,1,1,$53.00 ,29,365,t,24,32,32,32,0,0,0,32,0,0,0,,,,,,,,f,16,4,12,0,
38513768,100%,96%,f,5084,5865,t,t,Back Bay,42.34317,-71.08323,Entire rental unit,Entire home/apt,2,1,1,1,$276.00 ,32,1125,t,0,0,0,152,0,0,0,0,0,0,0,,,,,,,,t,343,343,0,0,
38647730,N/A,N/A,f,1,1,t,f,East Boston,42.38765,-71.00208,Entire home,Entire home/apt,2,1,1,2,$143.00 ,29,90,t,29,59,89,179,31,0,0,99,1,0,0,4.81,4.87,4.84,4.97,4.9,4.97,4.94,f,1,1,0,0,0.42
38697559,N/A,100%,t,1,2,t,t,Jamaica Plain,42.32021,-71.10979,Private room in condo,Private room,1,1,1,1,$145.00 ,30,180,t,0,6,36,36,2,2,0,36,0,120,17400,5,5,5,5,5,5,5,f,1,0,1,0,0.37
38845207,N/A,N/A,f,1,1,t,f,North End,42.36499,-71.05528,Entire condo,Entire home/apt,4,,1,,,2,4,t,0,0,0,0,32,0,0,0,14,0,,4.97,5,4.94,4.97,5,5,4.91,t,1,1,0,0,0.45
38882321,N/A,N/A,f,1,1,t,t,Downtown,42.35069,-71.06331,Entire condo,Entire home/apt,1,,1,,,183,365,t,0,0,0,0,0,0,0,0,0,0,,,,,,,,,f,1,1,0,0,
38908913,100%,95%,t,8,8,t,t,Roslindale,42.29331,-71.12254,Private room in home,Private room,2,1,1,2,$44.00 ,29,730,t,0,23,38,95,12,2,0,44,4,116,5104,4.83,4.92,4.75,4.92,5,4.58,4.83,f,8,2,6,0,0.17
38923194,100%,95%,t,8,8,t,t,Roslindale,42.29326,-71.12233,Private room in home,Private room,1,1,1,1,$40.00 ,29,730,t,4,34,39,100,19,6,1,42,5,255,10200,4.89,4.79,4.68,5,5,4.84,4.84,f,8,2,6,0,0.27
38971283,N/A,N/A,f,1,2,t,f,Jamaica Plain,42.32859,-71.11061,Entire rental unit,Entire home/apt,4,,2,,,91,1125,,0,0,0,0,0,0,0,0,0,0,,,,,,,,,f,1,1,0,0,
39004265,99%,100%,f,17,18,t,t,Bay Village,42.348419,-71.069756,Private room in rental unit,Private room,2,1,1,1,$144.00 ,2,500,t,15,36,64,273,58,7,0,73,17,42,6048,4.12,4.36,4.16,4.84,4.72,4.64,4.05,t,17,8,8,1,0.8
39045406,100%,99%,t,1,1,t,t,Roxbury,42.32756,-71.09474,Entire rental unit,Entire home/apt,4,1,2,2,$225.00 ,1,60,t,5,32,59,59,348,54,4,59,70,255,57375,4.79,4.82,4.83,4.9,4.88,4.77,4.74,t,1,1,0,0,5.87
39056629,100%,85%,t,8,12,t,t,Roxbury,42.32365,-71.06864,Private room in rental unit,Private room,1,1,1,1,$60.00 ,29,1125,t,0,0,0,266,21,5,1,0,1,255,15300,4.95,4.9,5,5,5,4.38,4.62,f,5,0,5,0,0.3
39129814,N/A,N/A,f,1,1,t,t,South Boston,42.33139,-71.0538,Entire condo,Entire home/apt,2,,2,,,29,1125,,0,0,0,0,1,0,0,0,0,0,,5,5,5,5,5,5,5,f,1,1,0,0,0.01
39199659,100%,85%,t,8,12,t,t,Roxbury,42.32191,-71.07071,Private room in rental unit,Private room,1,1,1,1,$57.00 ,29,1125,t,0,0,0,200,17,2,0,0,4,116,6612,4.88,5,4.94,4.94,4.82,4.12,4.82,f,5,0,5,0,0.25
39202885,0%,0%,f,3,10,t,t,Hyde Park,42.26181,-71.11513,Entire rental unit,Entire home/apt,4,1,1,2,$88.00 ,29,120,t,7,29,59,149,5,0,0,69,0,0,0,4.8,5,4.6,5,5,4.8,5,f,3,1,2,0,0.07
39250599,N/A,N/A,f,1,3,t,t,Brighton,42.35224,-71.14952,Private room in bed and breakfast,Private room,1,,,,,29,365,t,0,0,0,0,1,0,0,0,0,0,,5,5,5,5,5,5,5,f,1,0,1,0,0.02
39390476,99%,98%,f,25,194,t,t,South End,42.33708,-71.07495,Entire rental unit,Entire home/apt,4,,1,,,29,300,t,0,0,0,0,14,0,0,0,0,0,,4.43,4.43,4.43,4.64,3.79,4.71,4.29,f,60,60,0,0,0.19
39394763,100%,100%,f,1,1,t,f,South Boston,42.33125,-71.04975,Entire condo,Entire home/apt,3,1,1,1,$150.00 ,28,365,t,14,40,70,284,15,1,0,80,3,56,8400,5,5,5,5,5,5,4.87,f,1,1,0,0,0.21
39633100,100%,42%,f,8,46,t,t,West End,42.36474,-71.06396,Entire rental unit,Entire home/apt,4,,2,,,29,1125,t,0,0,0,0,13,0,0,0,0,0,,4.92,4.77,4.92,4.46,4.15,5,4.85,f,2,2,0,0,0.19
39686073,70%,71%,f,2,2,t,f,Beacon Hill,42.35847,-71.07298,Entire condo,Entire home/apt,2,1.5,1,1,$225.00 ,32,365,t,0,2,10,98,4,2,0,19,2,128,28800,5,5,5,5,5,5,5,f,1,1,0,0,0.18
39700598,100%,85%,t,8,12,t,t,Roxbury,42.3225,-71.06851,Private room in rental unit,Private room,1,1,1,1,$58.00 ,29,1125,t,0,0,7,282,15,4,1,17,1,232,13456,5,4.87,4.87,5,4.93,4.27,4.73,f,5,0,5,0,0.29
39747700,100%,55%,t,4,6,t,t,Dorchester,42.29045,-71.06868,Private room in condo,Private room,1,1,1,1,$50.00 ,32,1125,t,0,0,0,87,3,0,0,0,0,0,0,5,5,5,5,5,5,5,f,4,0,4,0,0.04
39772695,N/A,N/A,f,7,10,t,t,Dorchester,42.31943,-71.05405,Room in boutique hotel,Private room,2,,1,,,1,1125,t,0,0,0,0,12,0,0,0,0,0,,4,4.08,4,4.5,4.42,4.42,4,f,1,0,1,0,0.17
39788966,100%,98%,t,1,1,t,f,East Boston,42.38483,-71.01962,Entire rental unit,Entire home/apt,6,1,3,4,$270.00 ,2,1125,t,2,21,44,308,223,40,5,54,43,240,64800,4.97,4.97,4.98,4.96,4.99,4.82,4.94,f,1,1,0,0,3.15
39893738,100%,98%,t,5,6,t,t,Dorchester,42.28791,-71.06906,Entire rental unit,Entire home/apt,4,2,2,2,$190.00 ,2,365,t,0,3,19,254,235,54,5,19,60,255,48450,4.83,4.9,4.97,4.96,4.95,4.66,4.77,f,3,3,0,0,3.41
39908091,100%,96%,f,5084,5865,t,t,Brighton,42.34965,-71.14948,Entire rental unit,Entire home/apt,4,1,2,2,$247.00 ,32,1125,t,0,0,0,266,0,0,0,1,0,0,0,,,,,,,,t,343,343,0,0,
39966579,N/A,N/A,f,7,60,t,t,Roxbury,42.32728,-71.0814,Private room in rental unit,Private room,1,1,1,1,$45.00 ,91,1125,t,30,60,90,90,0,0,0,90,0,0,0,,,,,,,,f,4,0,4,0,
39971003,99%,100%,f,17,18,t,t,Bay Village,42.34858322,-71.06960297,Private room in rental unit,Private room,1,1,1,1,$150.00 ,2,500,t,6,29,59,334,68,6,1,68,14,36,5400,4.07,4.19,3.99,4.71,4.49,4.69,3.91,t,17,8,8,1,0.98
39984676,N/A,N/A,f,1,1,t,t,Jamaica Plain,42.30639,-71.13026,Entire home,Entire home/apt,6,,4,,,300,1125,t,30,60,90,179,5,0,0,99,0,0,,4.8,4.6,5,5,5,5,5,f,1,1,0,0,0.07
40023655,100%,55%,t,4,6,t,t,Dorchester,42.29132,-71.06655,Private room in condo,Private room,1,1,1,1,$63.00 ,30,1125,t,0,2,32,307,7,1,0,41,2,60,3780,5,4.86,4.86,5,5,4.86,5,f,4,0,4,0,0.12
40035442,99%,100%,f,17,18,t,t,Bay Village,42.34841919,-71.06991577,Private room in rental unit,Private room,2,1,1,1,$158.00 ,2,500,t,10,31,58,267,113,21,1,67,33,126,19908,4.46,4.67,4.43,4.88,4.83,4.71,4.4,t,17,8,8,1,1.6
40173876,100%,85%,t,3,3,t,t,South End,42.34575,-71.07357,Entire condo,Entire home/apt,4,2.5,3,3,$360.00 ,75,180,t,0,0,1,119,0,0,0,10,0,0,0,,,,,,,,f,1,1,0,0,
40283311,100%,100%,t,8,10,t,t,Charlestown,42.3699,-71.06146,Private room in bed and breakfast,Private room,4,2,1,1,$336.00 ,1,1125,t,4,4,4,152,52,11,1,4,19,66,22176,4.94,5,4.92,4.96,4.96,5,4.87,t,8,1,7,0,1.36
40299766,94%,59%,f,21,29,t,t,Back Bay,42.35036,-71.08368,Entire condo,Entire home/apt,2,1,1,1,$130.00 ,91,1125,t,30,60,90,365,0,0,0,99,0,0,0,,,,,,,,f,12,12,0,0,
40348580,100%,100%,t,2,4,t,t,Downtown,42.35471,-71.06173,Entire condo,Entire home/apt,7,1,3,4,$583.00 ,3,29,t,2,11,27,262,170,25,6,36,49,150,87450,4.99,4.98,4.98,4.99,5,4.94,4.94,t,2,2,0,0,4.05
40423797,100%,96%,f,5084,5865,t,t,South Boston,42.34114,-71.04959,Entire rental unit,Entire home/apt,2,1,1,1,$287.00 ,32,1125,t,0,21,51,326,3,1,0,61,1,64,18368,3.67,4.33,4.67,4.67,3.67,4,3,t,343,343,0,0,0.06
40424027,N/A,N/A,f,7,9,t,f,Allston,42.35136,-71.13603,Private room in home,Private room,2,,,,,29,1125,,0,0,0,0,4,0,0,0,0,0,,5,5,5,5,5,5,4.75,f,7,0,7,0,0.06
40424417,N/A,N/A,f,7,9,t,f,Allston,42.35122,-71.13456,Private room in home,Private room,2,,,,,29,1125,,0,0,0,0,3,0,0,0,0,0,,4,4.33,4.33,4,4,4,3.67,f,7,0,7,0,0.04
40439006,100%,93%,t,2,3,t,f,Dorchester,42.29144,-71.0664,Entire rental unit,Entire home/apt,6,1,3,3,$125.00 ,29,1125,t,0,0,3,278,14,1,0,12,0,58,7250,4.79,4.79,4.79,4.79,4.86,4.64,4.64,f,2,2,0,0,0.21
40481158,100%,83%,t,1,1,t,t,Mission Hill,42.32947,-71.10791,Private room in townhouse,Private room,1,1,1,1,$65.00 ,30,90,t,19,19,39,129,23,5,0,49,6,255,16575,5,5,4.83,5,4.96,4.74,4.83,f,1,0,1,0,0.35
40512451,99%,100%,f,17,18,t,t,Bay Village,42.34858322,-71.06960297,Private room in rental unit,Private room,1,1,1,1,$143.00 ,2,500,t,9,31,61,336,106,6,1,70,36,36,5148,4.42,4.42,4.34,4.89,4.9,4.81,4.39,f,17,8,8,1,1.5
40538985,N/A,N/A,f,1,1,t,f,South End,42.33951,-71.07362,Entire condo,Entire home/apt,2,,2,,,60,90,t,0,0,0,0,7,0,0,0,0,0,,5,5,5,5,5,4.86,4.86,f,1,1,0,0,0.11
40540109,N/A,N/A,f,7,9,t,f,Allston,42.35115,-71.13544,Private room in home,Private room,2,,,,,29,1125,,0,0,0,0,2,0,0,0,0,0,,5,5,5,5,5,5,5,f,7,0,7,0,0.03
40593640,100%,100%,f,5,5,t,t,Roxbury,42.32009,-71.07521,Entire condo,Entire home/apt,4,1,2,2,$225.00 ,2,1125,t,12,30,60,325,151,13,0,70,11,78,17550,4.72,4.68,4.73,4.87,4.82,4.42,4.74,t,4,4,0,0,2.16
40594409,100%,100%,f,5,5,t,t,Roxbury,42.32028224,-71.07477278,Entire condo,Entire home/apt,8,1,3,3,$275.00 ,2,1125,t,12,33,63,323,128,4,0,68,15,24,6600,4.63,4.67,4.57,4.83,4.76,4.32,4.59,t,4,4,0,0,1.83
40657915,100%,100%,f,1,1,t,f,Brighton,42.3386164,-71.1507462,Entire rental unit,Entire home/apt,2,1,1,1,$174.00 ,29,115,t,0,0,2,140,1,1,0,11,0,58,10092,5,5,5,5,5,5,5,f,1,1,0,0,0.73
40677987,N/A,N/A,f,3,4,t,f,Jamaica Plain,42.30498,-71.13186,Entire home,Entire home/apt,4,,4,,,91,120,,0,0,0,0,0,0,0,0,0,0,,,,,,,,,f,1,1,0,0,
40882667,99%,100%,f,17,18,t,t,Bay Village,42.34841919,-71.06991577,Private room in rental unit,Private room,2,1,1,1,$144.00 ,2,500,t,10,31,61,270,116,29,3,70,23,174,25056,4.31,4.46,4.3,4.92,4.83,4.78,4.16,t,17,8,8,1,1.67
40919597,75%,85%,f,7,7,t,t,Downtown,42.3628,-71.06228,Room in hotel,Private room,4,1,1,1,$526.00 ,1,1125,t,0,0,0,15,3,0,0,0,0,0,0,4.33,4,4,4,3.67,4.67,4.33,t,3,0,3,0,0.06
40919810,75%,85%,f,7,7,t,t,Downtown,42.36333,-71.06136,Room in hotel,Private room,3,,1,,,1,1125,t,0,0,0,15,4,0,0,0,0,0,,4.5,4.5,4.5,4,4.25,4.75,4,t,3,0,3,0,0.09
40919826,75%,85%,f,7,7,t,t,Downtown,42.3646,-71.06347,Room in hotel,Private room,3,1,1,1,$468.00 ,1,1125,t,0,0,0,15,34,4,0,0,11,24,11232,4.74,4.85,4.88,4.79,4.65,4.97,4.5,t,3,0,3,0,0.69
40932844,100%,96%,f,5084,5865,t,t,Downtown,42.35892,-71.05416,Entire rental unit,Entire home/apt,2,1,1,1,$290.00 ,32,1125,t,0,0,0,275,0,0,0,10,0,0,0,,,,,,,,t,343,343,0,0,
41186382,95%,81%,,50,71,t,t,West End,42.36145,-71.06411,Private room in townhouse,Private room,1,1,1,1,$90.00 ,30,1125,t,0,23,53,96,11,0,0,62,3,0,0,4.27,4.18,3.91,4.82,4.91,4.64,3.82,f,6,2,4,0,0.3
41262612,N/A,N/A,f,1,2,t,t,Dorchester,42.30394,-71.06477,Private room in rental unit,Private room,2,,,,,7,730,t,0,0,0,0,87,0,0,0,7,0,,4.93,4.92,4.85,4.95,4.98,4.48,4.78,f,1,0,1,0,1.25
41360515,100%,99%,t,3,3,t,t,Beacon Hill,42.35803,-71.0711,Entire condo,Entire home/apt,3,1,1,2,$165.00 ,29,1125,t,0,27,57,330,30,4,0,66,7,232,38280,4.83,4.97,4.93,4.93,4.97,4.97,4.77,f,3,3,0,0,0.44
41397978,100%,92%,t,11,17,t,t,South End,42.34387,-71.07619,Private room in bed and breakfast,Private room,2,1,1,1,$210.00 ,3,7,t,0,19,44,47,66,13,0,44,10,78,16380,4.98,4.95,4.94,4.95,4.83,4.98,4.83,f,6,3,3,0,0.97
41415978,100%,100%,t,2,2,t,t,Dorchester,42.30015,-71.07738,Entire rental unit,Entire home/apt,8,1,3,3,$154.00 ,4,1125,t,1,17,44,290,49,15,2,44,9,120,18480,5,5,4.9,5,5,4.59,4.98,f,2,2,0,0,0.72
41474462,96%,87%,t,7,12,t,t,South End,42.33917,-71.07488,Entire rental unit,Entire home/apt,2,1,0,2,$91.00 ,91,1125,t,0,0,0,266,2,1,0,0,1,182,16562,5,5,5,5,5,5,4.5,f,1,1,0,0,0.07
41504985,100%,82%,t,1,1,t,f,South End,42.34554,-71.07099,Entire rental unit,Entire home/apt,2,1,1,1,$362.00 ,3,365,t,1,14,37,134,37,20,2,46,19,120,43440,4.95,4.97,4.86,4.92,4.86,5,4.7,f,1,1,0,0,0.54
41624190,100%,85%,t,8,12,t,t,Roxbury,42.32201,-71.07015,Private room in rental unit,Private room,1,1,1,1,$60.00 ,29,1125,t,26,56,86,361,24,8,0,96,6,255,15300,4.88,4.88,4.92,4.83,5,4.08,4.75,f,5,0,5,0,0.39
41645010,84%,95%,f,60,97,t,t,Dorchester,42.31384,-71.06113,Private room,Private room,1,2,1,1,$54.00 ,30,365,t,0,0,22,297,2,1,0,32,1,60,3240,5,5,5,5,5,4.5,5,t,58,18,40,0,0.16
41645478,84%,95%,f,60,97,t,t,Dorchester,42.31384,-71.06113,Private room,Private room,2,2,1,1,$73.00 ,30,180,t,0,0,0,62,2,0,0,0,0,0,0,4.5,4.5,4.5,4.5,4,4,5,t,58,18,40,0,0.03
41666852,84%,95%,f,60,97,t,t,Dorchester,42.31384,-71.06113,Private room,Private room,2,2,1,1,$70.00 ,30,180,t,0,0,0,244,4,0,0,1,0,0,0,4.25,4.25,4.25,5,3.75,5,4.75,t,58,18,40,0,0.06
41706168,84%,95%,f,60,97,t,t,Dorchester,42.31384,-71.06113,Private room,Private room,2,2,1,1,$63.00 ,30,180,t,0,22,52,327,7,3,0,62,1,180,11340,4.86,4.86,4.71,4.57,4.71,5,4.71,t,58,18,40,0,0.15
41708678,100%,100%,t,3,16,t,f,Roxbury,42.32815,-71.09335,Entire home,Entire home/apt,10,3,4,5,$413.00 ,30,1125,t,18,27,48,316,18,11,0,55,5,255,105315,4.89,5,5,5,5,4.89,4.78,t,3,3,0,0,0.26
41763645,100%,95%,t,3,5,t,t,Roxbury,42.31608,-71.09664,Entire condo,Entire home/apt,5,,2,,,2,27,t,0,0,0,0,16,0,0,0,1,0,,5,4.94,4.94,5,4.94,4.81,4.88,f,3,2,1,0,0.27
41785294,100%,96%,f,5084,5865,t,t,Chinatown,42.35229,-71.05911,Entire rental unit,Entire home/apt,2,1,1,1,$303.00 ,32,1125,t,0,0,10,285,0,0,0,19,0,0,0,,,,,,,,t,343,343,0,0,
41785374,100%,96%,f,5084,5865,t,t,Chinatown,42.35229,-71.05911,Entire rental unit,Entire home/apt,2,,1,,,32,1125,t,0,29,59,334,0,0,0,68,0,0,,,,,,,,,t,343,343,0,0,
41785889,100%,96%,f,5084,5865,t,t,Chinatown,42.35229,-71.05911,Entire rental unit,Entire home/apt,2,,1,,,32,1125,t,0,14,44,319,0,0,0,53,0,0,,,,,,,,,t,343,343,0,0,
41799161,84%,95%,f,60,97,t,t,Dorchester,42.32139,-71.06023,Private room in rental unit,Private room,2,1,1,1,$64.00 ,30,365,t,19,49,79,354,14,2,0,89,0,120,7680,4.64,4.86,4.57,4.93,4.29,4.5,4.57,f,58,18,40,0,0.22
41876953,84%,95%,f,60,97,t,t,Dorchester,42.32093,-71.05982,Private room in rental unit,Private room,2,1,1,1,$71.00 ,30,365,t,0,21,51,304,8,0,0,61,2,0,0,4,4.63,4.63,4.25,3.75,4.25,4,f,58,18,40,0,0.12
41876957,84%,95%,f,60,97,t,t,Dorchester,42.32287,-71.0621,Private room in rental unit,Private room,2,1,1,1,$65.00 ,30,365,t,24,54,84,337,4,1,0,94,0,60,3900,4.5,4.75,4.75,5,4.25,3.75,4,f,58,18,40,0,0.06
41878371,100%,95%,t,3,5,t,t,Roxbury,42.31498,-71.09591,Private room in condo,Private room,3,,,,,2,20,t,0,0,0,0,16,0,0,0,0,0,,4.75,4.81,4.88,4.88,4.88,4.56,4.69,f,3,2,1,0,0.25
41903226,100%,96%,f,5084,5865,t,t,Downtown,42.35221,-71.06442,Entire rental unit,Entire home/apt,2,1,0,1,$220.00 ,32,1125,t,0,0,13,288,1,1,0,22,0,64,14080,5,5,5,5,5,5,5,t,343,343,0,0,0.56
41907280,84%,95%,f,60,97,t,t,Dorchester,42.3139,-71.06223,Private room,Private room,2,2,1,1,$60.00 ,29,365,t,12,42,72,347,6,2,0,82,2,116,6960,4.83,4.67,4.67,5,4.83,4.67,4.5,t,58,18,40,0,0.09
41915144,N/A,N/A,f,1,1,t,f,Downtown,42.36142,-71.05431,Entire condo,Entire home/apt,4,,2,,,92,1125,,0,0,0,0,0,0,0,0,0,0,,,,,,,,,f,1,1,0,0,
41949812,N/A,N/A,f,1,1,t,t,Mission Hill,42.33358,-71.11114,Entire condo,Entire home/apt,2,1,2,3,$177.00 ,91,365,t,0,0,0,114,0,0,0,0,0,0,0,,,,,,,,f,1,1,0,0,
41953347,100%,96%,f,5084,5865,t,t,Back Bay,42.3491652,-71.0807758,Entire rental unit,Entire home/apt,2,1,1,1,$374.00 ,32,1125,t,0,0,22,297,1,0,0,31,0,0,0,4,5,5,1,1,5,4,t,343,343,0,0,0.02
41953381,100%,96%,f,5084,5865,t,t,Back Bay,42.348129,-71.080849,Entire rental unit,Entire home/apt,2,1,1,1,$441.00 ,32,1125,t,22,52,82,357,1,0,0,91,0,0,0,5,5,5,5,5,5,5,t,343,343,0,0,0.03
41963580,93%,93%,f,12,32,t,f,Roslindale,42.27954,-71.1179,Entire condo,Entire home/apt,6,1,3,3,$220.00 ,29,1125,t,30,60,90,269,15,2,0,99,0,116,25520,4.53,4.73,4.53,4.87,4.8,4.4,4.33,t,12,12,0,0,0.32
41963633,93%,93%,f,12,32,t,f,Roslindale,42.27806,-71.11702,Entire rental unit,Entire home/apt,6,1,3,4,$241.00 ,29,1125,t,30,60,89,89,2,0,0,89,1,0,0,5,5,5,5,5,5,5,f,12,12,0,0,0.04
41992786,83%,11%,t,3,6,t,t,Dorchester,42.29098,-71.06686,Entire rental unit,Entire home/apt,4,1,3,3,$176.00 ,91,365,t,29,59,89,178,4,1,0,98,1,182,32032,4.75,4.25,5,5,5,4.75,4.25,f,2,2,0,0,0.07
42064609,100%,75%,f,1,1,t,t,Mattapan,42.27807,-71.10515,Entire home,Entire home/apt,6,3,3,2,$554.00 ,2,365,t,27,57,87,362,2,2,1,97,0,12,6648,5,5,5,4.5,5,5,5,f,1,1,0,0,1.33
42080145,100%,96%,f,5084,5865,t,t,Beacon Hill,42.35941,-71.06744,Entire rental unit,Entire home/apt,2,1,1,1,$294.00 ,32,1125,t,0,0,0,0,0,0,0,0,0,0,0,,,,,,,,t,343,343,0,0,
42080174,100%,96%,f,5084,5865,t,t,Downtown,42.35221,-71.06442,Entire rental unit,Entire home/apt,2,1,0,1,$222.00 ,32,1125,t,0,0,3,278,1,0,0,12,0,0,0,1,1,1,3,4,1,1,t,343,343,0,0,0.04
42080205,100%,96%,f,5084,5865,t,t,Downtown,42.35221,-71.0639,Entire rental unit,Entire home/apt,4,2,2,2,$313.00 ,32,1125,t,0,0,3,278,0,0,0,12,0,0,0,,,,,,,,t,343,343,0,0,
42195053,100%,96%,f,5084,5865,t,t,Beacon Hill,42.35941,-71.06744,Entire rental unit,Entire home/apt,2,1,1,1,$294.00 ,32,1125,t,0,0,9,284,0,0,0,18,0,0,0,,,,,,,,t,343,343,0,0,
42221902,100%,50%,t,3,3,t,t,Roslindale,42.28407,-71.1257,Entire home,Entire home/apt,6,2,4,2,$449.00 ,29,60,t,0,0,0,88,1,1,0,0,0,58,26042,5,5,5,5,5,5,5,f,1,1,0,0,0.55
42239298,100%,94%,f,28,31,t,t,Hyde Park,42.25082,-71.11571,Private room in guest suite,Private room,2,3,1,1,$65.00 ,2,730,t,7,37,67,342,44,3,0,77,0,18,1170,4.86,4.91,4.82,4.93,4.75,4.8,4.8,t,5,0,5,0,0.65
42249143,N/A,N/A,f,1,1,t,f,Brighton,42.34401,-71.15238,Entire rental unit,Entire home/apt,3,,2,,,29,1125,,0,0,0,0,0,0,0,0,0,0,,,,,,,,,f,1,1,0,0,
42355564,100%,100%,f,1,1,t,t,Roxbury,42.3218,-71.07452,Private room in home,Private room,1,1,1,1,$60.00 ,1,1125,t,15,40,68,307,325,60,3,68,70,255,15300,4.68,4.76,4.61,4.91,4.83,4.39,4.67,t,1,0,1,0,4.79
42358001,100%,93%,f,7,11,t,t,Jamaica Plain,42.31074,-71.10035,Private room in home,Private room,2,1,1,1,$143.00 ,2,1125,t,14,33,63,333,75,8,4,73,12,48,6864,4.91,4.91,4.95,4.96,4.99,4.93,4.72,f,5,3,2,0,1.15
42379429,100%,93%,f,7,11,t,t,Jamaica Plain,42.31237,-71.10197,Private room in condo,Private room,2,1,1,1,$158.00 ,2,1125,t,8,27,57,327,54,2,1,67,3,12,1896,4.93,4.98,4.98,4.98,4.98,4.91,4.85,f,5,3,2,0,0.82
42384526,100%,95%,t,1,1,t,t,Back Bay,42.34396744,-71.08158875,Entire townhouse,Entire home/apt,7,3.5,3,5,$936.00 ,3,1125,t,5,16,30,248,78,29,2,34,21,174,162864,5,5,4.94,5,5,5,4.95,f,1,1,0,0,2.62
42487067,100%,100%,t,7,9,t,t,Dorchester,42.31129,-71.06447,Entire rental unit,Entire home/apt,6,1,3,3,$300.00 ,29,250,t,3,11,20,255,4,3,0,23,0,174,52200,4.25,4.5,4.75,5,5,3.75,4.5,t,7,1,6,0,0.11
42517503,100%,100%,f,2,3,t,t,Dorchester,42.28739,-71.05766,Entire guest suite,Entire home/apt,6,1,3,4,$257.00 ,1,11,t,15,45,75,75,199,26,2,75,32,156,40092,4.81,4.83,4.81,4.93,4.86,4.71,4.7,f,1,1,0,0,3.8
42591679,100%,85%,t,8,12,t,t,Roxbury,42.32317,-71.06844,Private room in rental unit,Private room,1,1,1,1,$58.00 ,29,1125,t,22,22,52,327,24,6,0,62,6,255,14790,4.96,4.92,4.92,4.88,4.92,4.38,4.79,f,5,0,5,0,0.38
42708089,100%,96%,f,5084,5865,t,t,Brighton,42.3496531,-71.1494814,Entire rental unit,Entire home/apt,4,1,2,2,$231.00 ,32,1125,t,0,15,45,320,1,0,0,55,0,0,0,3,3,4,3,2,3,3,t,343,343,0,0,0.02
42708127,100%,96%,f,5084,5865,t,t,Brighton,42.34983,-71.1494,Entire rental unit,Entire home/apt,4,1,2,2,$241.00 ,32,1125,t,0,0,11,286,1,0,0,21,0,0,0,4,4,4,4,5,5,3,t,343,343,0,0,0.02
42708174,100%,96%,f,5084,5865,t,t,Brighton,42.3497995,-71.1495084,Entire rental unit,Entire home/apt,4,1,2,2,$241.00 ,32,1125,t,2,2,2,185,1,1,0,2,0,64,15424,4,5,5,5,3,4,3,t,343,343,0,0,0.59
42807059,94%,98%,t,1,1,t,t,South Boston,42.33081436,-71.03656769,Entire rental unit,Entire home/apt,8,1,4,5,$373.00 ,2,60,t,2,14,36,258,209,58,3,41,70,255,95115,4.97,4.96,4.96,4.96,4.96,4.96,4.87,f,1,1,0,0,5.64
42830725,100%,100%,f,1,14,t,f,Dorchester,42.320438,-71.056023,Entire condo,Entire home/apt,16,4,7,10,$746.00 ,30,1125,t,6,18,43,302,5,0,0,50,2,0,0,5,5,5,5,5,5,5,t,1,1,0,0,0.07
42834234,100%,98%,f,6,19,t,t,Roxbury,42.3295,-71.08817,Entire townhouse,Entire home/apt,16,3,5,14,$537.00 ,30,1125,t,3,20,46,316,16,1,0,56,5,60,32220,4.88,4.88,4.94,4.88,5,4.63,4.88,t,6,6,0,0,0.24
42834617,100%,98%,f,6,19,t,t,Roxbury,42.3294961,-71.0881648,Entire home,Entire home/apt,16,5,7,17,$688.00 ,30,1125,t,2,20,46,316,11,1,0,55,2,60,41280,4.91,4.82,4.82,4.64,4.82,4.73,4.55,t,6,6,0,0,0.16
42870400,84%,95%,f,60,97,t,t,Dorchester,42.32128,-71.06046,Private room in rental unit,Private room,2,1,1,1,$65.00 ,30,365,t,30,60,90,227,6,1,0,100,2,60,3900,3.83,4.5,4.5,4.67,4.17,4.67,4.17,f,58,18,40,0,0.12
42870430,84%,95%,f,60,97,t,t,Dorchester,42.323,-71.05997,Private room in rental unit,Private room,2,1,1,1,$87.00 ,30,365,t,0,0,11,176,6,0,0,21,0,0,0,4.17,4.83,3.83,4.17,4.5,4.5,4.33,f,58,18,40,0,0.12
42915815,100%,100%,t,6,6,t,t,West End,42.36548,-71.06833,Private room in condo,Private room,1,1,1,1,$112.00 ,29,60,t,0,29,59,334,26,8,1,68,11,255,28560,4.96,4.96,4.88,5,5,4.88,4.73,t,3,0,3,0,0.52
42937960,N/A,N/A,f,1,1,t,t,Beacon Hill,42.35942,-71.0653,Private room in home,Private room,1,,,,,91,180,t,0,0,0,0,0,0,0,0,0,0,,,,,,,,,t,1,0,1,0,
42975758,100%,94%,t,2,3,t,t,Allston,42.36283,-71.13054,Private room in condo,Private room,2,1,1,1,$83.00 ,3,60,t,1,19,49,49,145,28,4,49,30,168,13944,4.98,4.98,4.99,4.98,4.97,4.94,4.93,f,2,0,2,0,2.74
42980478,100%,94%,t,2,3,t,t,Allston,42.36091,-71.13049,Private room in home,Private room,1,1,1,1,$89.00 ,3,60,t,5,32,62,62,117,14,3,62,5,84,7476,4.85,4.91,4.95,4.91,4.9,4.9,4.86,f,2,0,2,0,2.14
43071363,100%,95%,t,2,6,t,t,South End,42.34488,-71.07195,Entire rental unit,Entire home/apt,3,1,1,1,$290.00 ,1,1125,t,5,27,52,321,176,18,2,61,23,108,31320,4.84,4.84,4.79,4.98,4.99,5,4.65,f,2,2,0,0,2.81
43163112,N/A,N/A,f,1,1,t,t,Fenway,42.34469,-71.08851,Private room in rental unit,Private room,1,,,,,55,1125,,0,0,0,0,0,0,0,0,0,0,,,,,,,,,f,1,0,1,0,
43205956,N/A,100%,,2,3,t,t,Dorchester,42.29438,-71.06765,Entire condo,Entire home/apt,6,1,3,4,$247.00 ,91,1125,t,30,60,90,365,4,1,1,99,0,182,44954,4.75,4.75,4.75,5,5,4.75,5,f,1,1,0,0,0.1
43277216,98%,99%,f,448,2201,t,t,Chinatown,42.352093,-71.06081,Entire serviced apartment,Entire home/apt,5,,2,,,29,1125,t,27,57,87,361,45,0,0,96,0,0,,4.33,4.44,4.62,4.56,4.38,4.73,4.24,t,29,29,0,0,0.77
43277439,98%,99%,f,448,2201,t,t,Chinatown,42.352093,-71.06081,Entire serviced apartment,Entire home/apt,5,,2,,,29,1125,t,10,34,64,338,61,18,0,73,33,255,,4.57,4.51,4.67,4.64,4.43,4.7,4.33,t,29,29,0,0,1.09
43300494,98%,99%,f,448,2201,t,t,Chinatown,42.352093,-71.06081,Entire serviced apartment,Entire home/apt,3,,,,,31,1125,t,27,56,86,360,78,28,0,95,59,255,,4.37,4.45,4.65,4.54,4.19,4.56,4.15,t,29,29,0,0,1.3
43301136,98%,99%,f,448,2201,t,t,Chinatown,42.352093,-71.06081,Entire serviced apartment,Entire home/apt,3,,,,,29,1125,t,29,59,89,363,15,0,0,98,0,0,,4.47,4.47,4.47,4.8,4.47,4.73,4.07,t,29,29,0,0,0.25
43301292,98%,99%,f,448,2201,t,t,Chinatown,42.352093,-71.06081,Entire serviced apartment,Entire home/apt,3,,,,,29,1125,t,27,56,86,360,7,0,0,95,2,0,,4.71,4.71,4.71,5,4.86,4.57,4.43,t,29,29,0,0,0.12
43301511,98%,99%,f,448,2201,t,t,Chinatown,42.352093,-71.06081,Entire serviced apartment,Entire home/apt,3,,,,,29,1125,t,27,56,86,360,9,0,0,95,0,0,,4.22,4.67,4.44,5,4.56,4.78,3.78,t,29,29,0,0,0.15
43394464,N/A,N/A,f,1,1,t,t,Jamaica Plain,42.30447,-71.11556,Entire townhouse,Entire home/apt,6,,3,,,60,70,,0,0,0,0,0,0,0,0,0,0,,,,,,,,,f,1,1,0,0,
43566910,100%,86%,t,2,2,t,t,South Boston Waterfront,42.34843,-71.04859,Entire condo,Entire home/apt,2,1,0,1,$191.00 ,29,730,t,0,18,48,178,6,2,0,57,0,116,22156,5,5,5,5,5,5,4.83,f,1,1,0,0,0.15
43605329,N/A,N/A,f,1,5,t,f,Back Bay,42.34923,-71.08622,Entire condo,Entire home/apt,3,,2,,,29,30,,0,0,0,0,0,0,0,0,0,0,,,,,,,,,f,1,1,0,0,
43673971,94%,59%,f,21,29,t,t,Back Bay,42.35214,-71.07704,Entire condo,Entire home/apt,2,1,0,1,$130.00 ,32,1125,t,0,24,54,329,1,0,0,63,0,0,0,5,5,5,5,5,5,5,f,12,12,0,0,0.02
43757873,100%,70%,t,2,6,t,t,Charlestown,42.38102,-71.06814,Entire home,Entire home/apt,7,2.5,4,5,$150.00 ,12,100,t,0,0,0,34,6,2,1,0,2,48,7200,5,5,5,5,5,5,5,f,1,1,0,0,0.12
43833357,100%,100%,t,4,4,t,f,Charlestown,42.3755827,-71.0494657,Houseboat,Entire home/apt,2,1,1,1,$311.00 ,2,1125,t,17,45,75,345,71,8,2,85,12,48,14928,4.99,4.99,4.96,5,5,4.99,4.82,t,3,3,0,0,1.14
43899519,100%,98%,t,1,2,t,t,Roxbury,42.31698,-71.09315,Entire guest suite,Entire home/apt,2,1,1,1,$137.00 ,2,14,t,9,33,63,243,254,42,5,73,46,252,34524,4.85,4.89,4.92,4.93,4.95,4.65,4.72,f,1,1,0,0,4.1
43921666,100%,100%,f,134,1206,t,t,Chinatown,42.352093,-71.060806,Entire serviced apartment,Entire home/apt,5,,2,,,29,1125,t,10,34,64,338,1,0,0,73,0,0,,5,5,5,5,5,5,5,t,5,5,0,0,0.03
43957080,100%,100%,f,134,1206,t,t,Chinatown,42.352093,-71.060806,Entire serviced apartment,Entire home/apt,5,,2,,,29,1125,t,10,34,64,338,6,0,0,73,0,0,,4.67,4.5,4.83,4.17,4.67,5,4.17,t,5,5,0,0,0.11
43977877,N/A,100%,f,2,5,t,t,Bay Village,42.34991,-71.0674,Entire condo,Entire home/apt,4,2.5,2,4,$170.00 ,91,730,t,0,0,3,278,1,1,0,12,0,182,30940,5,5,5,5,5,5,5,f,1,1,0,0,0.54
43994299,80%,33%,f,9,18,t,t,Charlestown,42.38318,-71.07211,Private room in rental unit,Private room,3,2,1,1,$100.00 ,29,200,t,30,60,90,365,1,0,0,99,0,0,0,5,5,5,5,5,4,3,f,3,2,1,0,0.03
44014524,100%,71%,t,3,7,t,t,Downtown,42.35055,-71.06486,Entire rental unit,Entire home/apt,2,1,0,2,$216.00 ,91,365,t,0,0,1,276,1,0,0,10,0,0,0,2,1,1,5,5,4,2,f,3,3,0,0,0.04
44053258,100%,96%,f,5084,5865,t,t,Downtown,42.35221,-71.06442,Entire rental unit,Entire home/apt,2,1,0,1,$238.00 ,32,1125,t,0,0,6,281,0,0,0,15,0,0,0,,,,,,,,t,343,343,0,0,
44064171,100%,97%,t,2,2,t,t,South End,42.3432405,-71.0772402,Entire guest suite,Entire home/apt,2,1,1,2,$259.00 ,3,730,t,1,29,54,233,19,12,2,63,12,72,18648,5,5,5,4.95,4.95,5,5,f,2,2,0,0,1.09
44135040,100%,100%,t,4,4,t,f,Charlestown,42.37603,-71.05034,Boat,Entire home/apt,6,2,2,3,$448.00 ,2,1125,t,12,40,70,264,79,9,2,79,3,54,24192,5,4.99,4.91,5,4.99,4.96,4.81,t,3,3,0,0,1.25
44207601,0%,N/A,f,1,1,t,t,South End,42.34085,-71.08078,Private room in bed and breakfast,Private room,2,1,1,1,$151.00 ,29,1125,t,28,58,88,177,0,0,0,97,0,0,0,,,,,,,,f,1,0,1,0,
44242670,100%,96%,f,5084,5865,t,t,Back Bay,42.348633,-71.074088,Entire rental unit,Entire home/apt,2,,1,,,32,1125,t,0,0,0,0,0,0,0,0,0,0,,,,,,,,,t,343,343,0,0,
44261204,55%,30%,f,15,18,t,t,Back Bay,42.35155,-71.08738,Entire condo,Entire home/apt,2,1,0,1,$232.00 ,32,730,t,20,50,80,355,0,0,0,89,0,0,0,,,,,,,,f,7,7,0,0,
44340294,90%,95%,f,1,1,t,t,Roslindale,42.27743,-71.1406,Entire rental unit,Entire home/apt,4,1,1,2,$127.00 ,2,1125,t,5,16,46,222,246,44,5,56,45,255,32385,4.71,4.81,4.82,4.8,4.89,4.71,4.69,f,1,1,0,0,3.94
44356157,N/A,N/A,f,1,1,t,t,Downtown,42.36364,-71.06227,Room in boutique hotel,Private room,2,,,,,30,30,,0,0,0,0,0,0,0,0,0,0,,,,,,,,,f,1,0,1,0,
44444878,83%,55%,t,2,3,t,f,Back Bay,42.3523,-71.08539,Entire condo,Entire home/apt,2,1,1,2,$145.00 ,270,1125,t,24,54,84,359,5,0,0,93,0,0,0,5,4.8,4.8,5,5,5,4.6,f,1,1,0,0,0.09
44549370,95%,91%,f,117,207,t,t,Brighton,42.33973,-71.14656,Entire rental unit,Entire home/apt,4,1,1,1,$155.00 ,180,1125,t,30,60,90,332,1,0,0,100,0,0,0,5,4,5,5,5,5,5,f,33,33,0,0,0.02
44681847,100%,100%,f,79,112,t,t,Roxbury,42.32849,-71.09338,Private room in serviced apartment,Private room,1,,1,,,30,1125,t,4,4,32,218,2,0,0,41,0,0,,3,4,3,3.5,3,4,2.5,f,57,27,30,0,0.04
44711393,100%,25%,f,3,6,t,t,Roslindale,42.28574,-71.13203,Entire loft,Entire home/apt,2,1,0,2,$72.00 ,1,365,t,0,22,52,326,0,0,0,61,0,0,0,,,,,,,,f,3,3,0,0,
44740904,100%,96%,f,5084,5865,t,t,South Boston Waterfront,42.34906,-71.04471,Entire rental unit,Entire home/apt,2,1,1,1,$324.00 ,32,1125,t,0,1,1,263,0,0,0,1,0,0,0,,,,,,,,t,343,343,0,0,
44776954,100%,96%,f,5084,5865,t,t,South Boston Waterfront,42.34906,-71.04471,Entire rental unit,Entire home/apt,2,1,1,1,$307.00 ,32,1125,t,6,6,6,272,0,0,0,7,0,0,0,,,,,,,,t,343,343,0,0,
44776967,100%,96%,f,5084,5865,t,t,South Boston Waterfront,42.34906,-71.04471,Entire rental unit,Entire home/apt,2,1,1,1,$327.00 ,32,1125,t,0,0,0,234,0,0,0,0,0,0,0,,,,,,,,t,343,343,0,0,
44820346,100%,100%,f,3,7,t,t,Dorchester,42.28658,-71.05386,Private room in rental unit,Private room,2,0,1,0,$78.00 ,29,1125,t,30,60,90,269,4,0,0,99,0,0,0,5,5,5,5,5,5,5,t,3,0,3,0,0.07
44821182,100%,100%,f,3,7,t,t,Dorchester,42.28583,-71.05558,Private room in rental unit,Private room,2,1,1,1,$46.00 ,29,1125,t,0,0,3,278,18,2,0,12,2,116,5336,4.72,4.78,4.89,5,4.94,4.5,4.72,t,3,0,3,0,0.29
44906627,100%,74%,t,4,4,t,t,South End,42.3423,-71.07443,Entire condo,Entire home/apt,2,1,1,1,$150.00 ,29,1125,t,5,20,49,49,13,4,0,49,3,232,34800,5,4.85,4.92,4.92,4.92,4.92,4.77,f,4,4,0,0,0.26
45019855,100%,100%,f,79,112,t,t,Roxbury,42.32865,-71.09197,Private room in serviced apartment,Private room,1,1.5,1,1,$78.00 ,30,1125,t,13,43,73,347,5,0,0,82,1,0,0,4.4,4.8,4,4.8,4.8,4.8,4,f,57,27,30,0,0.1
45028281,100%,74%,t,4,4,t,t,Jamaica Plain,42.31768,-71.10568,Entire condo,Entire home/apt,2,,1,,,29,1125,t,0,0,0,1,17,4,1,1,5,232,,4.71,4.82,4.76,4.94,4.65,5,4.47,f,4,4,0,0,0.41
45069092,80%,100%,t,2,2,t,t,Jamaica Plain,42.31677,-71.11427,Entire home,Entire home/apt,5,1,2,2,$306.00 ,2,1125,t,0,0,0,191,72,13,0,0,14,78,23868,4.86,4.86,4.93,4.99,4.96,4.88,4.54,f,2,2,0,0,1.17
45095953,100%,96%,f,5084,5865,t,t,Downtown,42.3522052,-71.0644228,Entire rental unit,Entire home/apt,2,1,0,1,$257.00 ,32,1125,t,0,0,0,61,0,0,0,0,0,0,0,,,,,,,,t,343,343,0,0,
45096003,100%,96%,f,5084,5865,t,t,South Boston Waterfront,42.34906,-71.04471,Entire rental unit,Entire home/apt,2,1,1,1,$313.00 ,32,1125,t,0,0,2,277,0,0,0,12,0,0,0,,,,,,,,t,343,343,0,0,
45096017,100%,96%,f,5084,5865,t,t,South Boston Waterfront,42.34906,-71.04471,Entire rental unit,Entire home/apt,2,1,1,1,$316.00 ,32,1125,t,0,0,7,282,0,0,0,17,0,0,0,,,,,,,,t,343,343,0,0,
45133862,N/A,100%,t,1,2,t,t,Brighton,42.34256,-71.15612,Entire rental unit,Entire home/apt,1,1,0,1,$60.00 ,91,1125,t,0,0,0,152,8,3,0,0,1,255,15300,5,4.75,4.88,5,5,4.75,4.75,f,1,1,0,0,0.15
45253366,0%,0%,f,1,10,t,t,North End,42.36524,-71.05602,Entire condo,Entire home/apt,3,1,1,2,$199.00 ,30,365,t,15,28,58,237,23,0,0,67,0,0,0,4.61,4.61,4.61,4.78,4.91,4.91,4.43,f,1,1,0,0,0.38
45256497,N/A,N/A,f,14,15,t,t,Fenway,42.34579,-71.08918,Entire rental unit,Entire home/apt,2,,2,,,91,1125,t,0,0,0,0,0,0,0,0,0,0,,,,,,,,,t,14,14,0,0,
45311024,N/A,N/A,f,14,15,t,t,Mission Hill,42.33163,-71.0995,Entire rental unit,Entire home/apt,6,1.5,3,3,$140.00 ,29,1125,t,0,0,0,145,0,0,0,0,0,0,0,,,,,,,,f,14,14,0,0,
45349044,82%,95%,f,2,6,t,t,Downtown,42.34887,-71.06596,Room in boutique hotel,Private room,2,1,1,1,$381.00 ,1,21,t,29,59,89,279,538,70,1,98,25,255,97155,4.42,4.55,4.58,4.78,4.71,4.78,4.4,f,2,0,2,0,8.78
45349148,82%,95%,f,2,6,t,t,Downtown,42.34935,-71.06535,Room in boutique hotel,Private room,4,1,1,2,$411.00 ,1,21,t,16,40,68,256,539,58,5,77,63,255,104805,4.57,4.63,4.61,4.87,4.77,4.84,4.54,f,2,0,2,0,8.8
45354353,90%,63%,f,9,9,t,t,Allston,42.35882,-71.12831,Private room in home,Private room,1,2,1,1,$60.00 ,91,365,t,22,52,82,357,2,0,0,92,0,0,0,5,5,4.5,5,5,5,5,f,9,0,9,0,0.04
45354387,90%,63%,f,9,9,t,t,Allston,42.35681,-71.12865,Private room in home,Private room,1,2,1,1,$56.00 ,91,365,t,0,0,6,186,4,1,0,16,0,182,10192,4.75,4.75,4.5,4.75,4.25,4.75,4.75,f,9,0,9,0,0.08
45354534,90%,63%,f,9,9,t,t,Allston,42.35907,-71.1301,Private room in home,Private room,1,2,1,1,$56.00 ,91,200,t,0,22,52,326,6,2,0,61,2,255,14280,5,4.67,4.67,5,5,4.83,4.83,f,9,0,9,0,0.12
45440353,100%,94%,t,3,3,t,t,East Boston,42.36682,-71.02931,Entire condo,Entire home/apt,4,2,2,2,$197.00 ,7,300,t,1,10,25,190,171,54,4,32,51,255,50235,4.94,4.97,4.96,4.95,4.98,4.8,4.88,f,1,1,0,0,2.86
45493742,100%,100%,f,39,74,t,t,Downtown,42.35538,-71.06196,Entire serviced apartment,Entire home/apt,6,2,3,3,$644.00 ,1,365,t,3,4,4,4,353,75,6,4,70,255,164220,4.76,4.83,4.87,4.9,4.95,4.75,4.62,f,39,39,0,0,5.84
45493951,100%,100%,f,39,74,t,t,Downtown,42.35514,-71.06191,Entire serviced apartment,Entire home/apt,4,1,2,2,$638.00 ,1,365,t,13,23,23,23,304,66,1,23,45,255,162690,4.77,4.86,4.88,4.86,4.92,4.85,4.59,f,39,39,0,0,5.02
45494260,100%,100%,f,39,74,t,t,Downtown,42.35726396,-71.06179396,Entire serviced apartment,Entire home/apt,8,2,4,4,$711.00 ,2,365,t,7,8,8,8,293,57,4,8,53,255,181305,4.74,4.77,4.85,4.82,4.87,4.79,4.62,t,39,39,0,0,4.84
45501019,100%,98%,t,2,2,t,f,East Boston,42.37714,-71.03994,Entire home,Entire home/apt,6,1.5,2,5,$264.00 ,2,28,t,6,31,40,40,238,41,5,40,32,246,64944,4.87,4.85,4.88,4.97,4.97,4.7,4.79,f,2,2,0,0,3.98
45502178,100%,100%,f,39,74,t,t,Downtown,42.35558324,-71.06052287,Entire serviced apartment,Entire home/apt,6,2,3,3,$488.00 ,1,365,t,1,4,4,4,350,85,4,4,87,255,124440,4.73,4.79,4.89,4.83,4.85,4.82,4.55,t,39,39,0,0,5.78
45502853,100%,100%,t,4,4,t,f,Charlestown,42.37667,-71.05025,Boat,Entire home/apt,2,1,1,1,$300.00 ,1,1125,t,17,45,75,345,14,0,0,85,1,0,0,4.86,4.71,4.93,5,5,4.93,4.71,t,3,3,0,0,0.24
45531118,90%,99%,t,266,1126,t,t,Fenway,42.34435,-71.08762,Entire rental unit,Entire home/apt,5,2,2,2,$275.00 ,32,270,t,0,0,0,262,0,0,0,0,0,0,0,,,,,,,,t,43,43,0,0,
45531129,90%,99%,t,266,1126,t,t,Fenway,42.34481,-71.08792,Entire rental unit,Entire home/apt,3,1,1,1,$230.00 ,32,270,t,0,26,56,325,0,0,0,65,0,0,0,,,,,,,,t,43,43,0,0,
45531759,100%,94%,t,4,5,t,t,Fenway,42.34163,-71.08367,Entire rental unit,Entire home/apt,8,2.5,4,4,"$1,140.00 ",5,365,t,3,15,35,250,49,8,0,35,11,80,91200,5,4.98,5,5,5,4.94,4.94,f,3,3,0,0,0.84
45539554,100%,100%,f,39,74,t,t,Downtown,42.35708,-71.06228,Entire serviced apartment,Entire home/apt,8,2,4,4,$919.00 ,1,365,t,17,27,27,27,278,27,2,27,56,162,148878,4.74,4.82,4.83,4.85,4.91,4.8,4.62,t,39,39,0,0,4.61
45539765,100%,100%,f,39,74,t,t,Downtown,42.35722807,-71.06149158,Entire serviced apartment,Entire home/apt,4,1,2,2,$582.00 ,1,365,t,5,8,8,8,335,52,2,8,44,255,148410,4.71,4.83,4.87,4.8,4.87,4.81,4.5,t,39,39,0,0,5.53
45542821,100%,100%,f,39,74,t,t,Downtown,42.35730887,-71.06218278,Entire serviced apartment,Entire home/apt,8,2,4,4,$645.00 ,1,90,t,10,13,13,13,265,53,1,13,64,255,164475,4.72,4.79,4.86,4.87,4.91,4.88,4.61,t,39,39,0,0,4.38
45543316,100%,100%,f,39,74,t,t,Downtown,42.35576,-71.06202,Entire serviced apartment,Entire home/apt,6,2,3,3,$623.00 ,1,180,t,8,17,17,17,292,72,6,17,65,255,158865,4.72,4.78,4.82,4.85,4.87,4.82,4.58,t,39,39,0,0,4.85
45543382,100%,100%,f,39,74,t,t,Downtown,42.3552354,-71.0609107,Entire serviced apartment,Entire home/apt,4,1,2,2,$421.00 ,1,90,t,13,23,23,23,254,39,1,23,56,234,98514,4.67,4.77,4.81,4.86,4.86,4.85,4.48,t,39,39,0,0,4.2
45632722,N/A,N/A,f,1,3,t,t,Charlestown,42.38018,-71.06604,Entire home,Entire home/apt,4,,2,,,29,1125,t,0,0,0,0,45,0,0,0,0,0,,4.76,4.89,4.42,4.93,4.93,4.96,4.76,t,1,1,0,0,1.22
45641345,100%,100%,f,3,4,t,f,Roslindale,42.29309,-71.12205,Private room in home,Private room,1,1,1,1,$35.00 ,29,1125,t,1,24,53,322,10,3,0,61,0,174,6090,4.5,4.6,3.9,4.9,4.9,4.2,4.4,f,3,0,3,0,0.19
45652898,100%,97%,t,1,1,t,t,Jamaica Plain,42.30912,-71.11833,Entire townhouse,Entire home/apt,2,1,1,1,$165.00 ,1,1125,t,8,12,30,138,105,23,5,36,21,138,22770,4.94,4.93,4.93,4.98,4.97,4.96,4.7,f,1,1,0,0,1.79
45658966,100%,100%,f,3,4,t,f,Roslindale,42.29156,-71.12194,Private room in home,Private room,1,1,1,1,$51.00 ,29,1125,t,26,53,80,322,5,0,0,90,0,0,0,4.6,4.8,4.8,5,5,4.6,4.8,f,3,0,3,0,0.09
45675549,100%,100%,f,39,74,t,t,Downtown,42.35531,-71.06071,Entire rental unit,Entire home/apt,8,2,4,4,$740.00 ,1,365,t,5,7,7,7,261,43,2,7,39,255,188700,4.72,4.69,4.85,4.84,4.86,4.8,4.59,t,39,39,0,0,4.31
45676233,100%,100%,f,39,74,t,t,Downtown,42.35512,-71.06247,Entire rental unit,Entire home/apt,4,1,2,2,$536.00 ,1,365,t,11,14,14,14,308,41,2,14,61,246,131856,4.68,4.72,4.77,4.85,4.87,4.8,4.52,f,39,39,0,0,5.09
45680010,100%,96%,f,5084,5865,t,t,Fenway,42.34518,-71.08706,Entire rental unit,Entire home/apt,2,1,1,1,$277.00 ,32,1125,t,0,0,0,131,1,0,0,0,0,0,0,5,5,4,5,5,5,4,t,343,343,0,0,0.03
45680018,100%,96%,f,5084,5865,t,t,Fenway,42.34518,-71.08706,Entire rental unit,Entire home/apt,2,1,1,1,$289.00 ,32,1125,t,0,0,1,276,2,0,0,10,1,0,0,4,4,4,4.5,3.5,4.5,3.5,t,343,343,0,0,0.09
45680039,100%,96%,f,5084,5865,t,t,West End,42.3657336,-71.0669497,Entire rental unit,Entire home/apt,2,1,1,1,$259.00 ,32,1125,t,0,0,0,117,1,1,0,0,0,64,16576,3,5,3,1,3,5,3,t,343,343,0,0,0.91
45689060,90%,99%,t,266,1126,t,t,Leather District,42.35127,-71.05883,Entire rental unit,Entire home/apt,3,1,1,1,$230.00 ,32,270,t,9,39,69,338,0,0,0,78,0,0,0,,,,,,,,t,43,43,0,0,
45689070,90%,99%,t,266,1126,t,t,Leather District,42.35116,-71.05873,Entire rental unit,Entire home/apt,3,1,1,1,$240.00 ,32,270,t,7,37,67,336,0,0,0,76,0,0,0,,,,,,,,t,43,43,0,0,
45689076,90%,99%,t,266,1126,t,t,Downtown,42.3529624,-71.05988657,Entire rental unit,Entire home/apt,3,1,1,1,$245.00 ,32,270,t,0,0,0,143,0,0,0,0,0,0,0,,,,,,,,t,43,43,0,0,
45689110,90%,99%,t,266,1126,t,t,Downtown,42.35297,-71.05852,Entire rental unit,Entire home/apt,3,1,1,1,$235.00 ,32,270,t,9,39,69,338,0,0,0,78,0,0,0,,,,,,,,t,43,43,0,0,
45689363,90%,99%,t,266,1126,t,t,Downtown,42.35337,-71.05861,Entire rental unit,Entire home/apt,5,2,2,2,$310.00 ,32,270,t,0,4,34,303,0,0,0,43,0,0,0,,,,,,,,t,43,43,0,0,
45698782,98%,99%,f,448,2201,t,t,East Boston,42.36638,-71.04007,Entire serviced apartment,Entire home/apt,3,,,,,29,1125,t,29,59,89,363,5,0,0,98,0,0,,4.4,4.6,5,4.2,3.8,4.6,4,t,29,29,0,0,0.08
45699854,98%,99%,f,448,2201,t,t,East Boston,42.36638,-71.04007,Entire serviced apartment,Entire home/apt,3,,,,,29,1125,t,29,59,89,363,4,0,0,98,0,0,,4,4.5,4.5,3,3,5,3.75,t,29,29,0,0,0.07
45699883,98%,99%,f,448,2201,t,t,East Boston,42.36638,-71.04007,Entire serviced apartment,Entire home/apt,3,1,1,2,$354.00 ,29,1125,t,7,22,40,268,7,0,0,50,0,0,0,3.57,4.14,4.43,3.86,3.43,4.43,4.14,t,29,29,0,0,0.12
45717383,N/A,N/A,f,1,2,t,t,Charlestown,42.38063,-71.07014,Entire home,Entire home/apt,6,,3,,,3,28,t,0,0,0,0,46,0,0,0,0,0,,5,4.96,4.96,5,5,4.91,4.93,f,1,1,0,0,0.8
45726239,N/A,N/A,f,1,1,t,t,South End,42.34054,-71.06665,Entire rental unit,Entire home/apt,3,,2,,,91,150,t,0,0,0,0,0,0,0,0,0,0,,,,,,,,,f,1,1,0,0,
45844741,90%,97%,t,1,1,t,t,Dorchester,42.30736,-71.06375,Entire rental unit,Entire home/apt,3,1,3,4,$261.00 ,1,14,t,8,34,64,217,89,19,5,64,7,114,29754,4.88,4.86,4.84,4.95,4.93,4.55,4.77,t,1,1,0,0,1.66
45860458,N/A,N/A,f,1,1,t,t,Back Bay,42.35026,-71.08765,Entire rental unit,Entire home/apt,2,,1,,,91,1125,,0,0,0,0,0,0,0,0,0,0,,,,,,,,,f,1,1,0,0,
45863993,N/A,N/A,f,1,1,t,t,East Boston,42.38109,-71.03078,Entire condo,Entire home/apt,2,,1,,,29,1125,t,0,0,0,0,3,0,0,0,0,0,,5,5,5,5,5,5,5,f,1,1,0,0,0.05
45972855,100%,100%,t,2,7,t,t,Jamaica Plain,42.31631,-71.09878,Entire rental unit,Entire home/apt,5,1,2,3,$297.00 ,2,369,t,4,19,46,226,75,10,0,56,16,60,17820,4.91,4.89,4.83,4.91,4.93,4.69,4.68,f,1,1,0,0,1.49
45989299,90%,99%,t,266,1126,t,t,South Boston Waterfront,42.35438,-71.04797,Entire rental unit,Entire home/apt,3,1,1,1,$295.00 ,32,270,t,20,50,80,350,0,0,0,90,0,0,0,,,,,,,,t,43,43,0,0,
45989309,90%,99%,t,266,1126,t,t,South Boston Waterfront,42.35469,-71.04609,Entire rental unit,Entire home/apt,5,2,2,2,$428.00 ,32,270,t,2,32,62,332,0,0,0,72,0,0,0,,,,,,,,t,43,43,0,0,
45990475,98%,99%,f,448,2201,t,t,East Boston,42.36638,-71.04007,Entire serviced apartment,Entire home/apt,3,,,,,29,1125,t,29,59,89,363,10,0,0,98,0,0,,4.2,4.1,4.6,3.9,4,4.4,4,t,29,29,0,0,0.17
46005070,98%,99%,f,448,2201,t,t,East Boston,42.36638,-71.04007,Entire serviced apartment,Entire home/apt,3,,,,,29,1125,t,29,59,89,363,41,0,0,98,2,0,,4.12,4.15,4.41,4.02,3.88,4.56,4.05,t,29,29,0,0,0.69
46005073,98%,99%,f,448,2201,t,t,East Boston,42.36638,-71.04007,Entire serviced apartment,Entire home/apt,3,,,,,29,1125,t,29,59,89,363,27,4,1,98,3,232,,4.33,4.59,4.78,3.93,4,4.81,3.96,t,29,29,0,0,0.46
46006191,98%,99%,f,448,2201,t,t,East Boston,42.36638,-71.04007,Entire serviced apartment,Entire home/apt,3,,,,,29,1125,t,26,56,86,360,9,1,1,95,0,58,,4.11,4.11,4.67,3.89,3.56,4.78,3.56,t,29,29,0,0,0.18
46006469,98%,99%,f,448,2201,t,t,East Boston,42.36638,-71.04007,Entire serviced apartment,Entire home/apt,3,,,,,29,1125,t,26,56,86,360,59,5,0,95,3,255,,4.2,4.29,4.56,4.08,4.07,4.75,4.22,t,29,29,0,0,1.02
46037756,N/A,N/A,f,2,2,t,t,Charlestown,42.38015,-71.06524,Entire home,Entire home/apt,6,,3,,,29,30,t,0,0,0,0,9,0,0,0,0,0,,5,5,5,5,5,4.89,5,t,1,1,0,0,0.17
46062311,100%,100%,f,79,112,t,t,Roxbury,42.329247,-71.092819,Private room in serviced apartment,Private room,1,1.5,1,0,$63.00 ,30,1125,t,0,22,52,211,10,6,0,61,4,255,16065,4.6,4.5,4.3,4.9,4.3,4.2,4.2,f,57,27,30,0,0.22
46074186,90%,99%,t,266,1126,t,t,Fenway,42.34507,-71.09626,Entire rental unit,Entire home/apt,3,1,1,1,$245.00 ,32,270,t,0,0,0,174,2,1,0,0,0,64,15680,4.5,4.5,4.5,5,4.5,5,4,t,43,43,0,0,0.05
46074220,90%,99%,t,266,1126,t,t,Fenway,42.34367,-71.09797,Entire rental unit,Entire home/apt,3,1,1,1,$274.00 ,32,270,t,2,32,62,331,1,0,0,71,1,0,0,5,5,5,5,5,4,4,t,43,43,0,0,0.07
46078424,N/A,N/A,f,1,1,t,t,Roxbury,42.3215,-71.07651,Private room in home,Private room,2,1,1,1,$70.00 ,91,95,t,30,60,90,365,0,0,0,99,0,0,0,,,,,,,,t,1,0,1,0,
46085675,90%,99%,t,266,1126,t,t,Fenway,42.34485,-71.09832,Entire rental unit,Entire home/apt,3,1,1,1,$235.00 ,32,270,t,29,59,89,345,3,0,0,99,0,0,0,5,5,5,5,5,5,5,t,43,43,0,0,0.06
46117175,90%,99%,t,266,1126,t,t,Fenway,42.3437,-71.09667,Entire rental unit,Entire home/apt,3,1,1,1,$240.00 ,32,270,t,0,22,52,322,0,0,0,62,0,0,0,,,,,,,,t,43,43,0,0,
46135135,89%,94%,f,19,49,t,t,North End,42.36745,-71.05735,Entire rental unit,Entire home/apt,5,1,0,3,$120.00 ,29,365,t,4,19,49,324,26,25,0,58,13,255,30600,4.92,4.88,4.92,5,5,4.88,4.85,f,14,12,2,0,2.13
46142810,90%,99%,t,266,1126,t,t,Fenway,42.34501,-71.09595,Entire rental unit,Entire home/apt,3,1,1,1,$235.00 ,32,270,t,0,25,55,324,1,1,0,64,1,64,15040,5,4,5,5,5,5,5,t,43,43,0,0,0.09
46170478,100%,100%,t,3,4,t,t,Dorchester,42.31687,-71.05668,Private room in rental unit,Private room,1,1,1,1,$85.00 ,30,60,t,0,0,2,277,5,3,1,12,3,180,15300,4.8,4.8,5,5,5,5,4.2,f,3,1,2,0,0.29
46237380,N/A,100%,t,1,1,t,t,Downtown,42.35881,-71.05191,Room in boutique hotel,Private room,2,1,1,1,$419.00 ,1,28,t,8,35,65,334,160,59,3,75,25,255,106845,4.86,4.88,4.94,4.94,4.81,4.96,4.68,t,1,0,1,0,3.04
46241939,N/A,N/A,f,1,1,t,t,South End,42.33929,-71.07687,Entire rental unit,Entire home/apt,4,,2,,,29,1125,t,0,0,0,0,1,0,0,0,0,0,,4,5,5,5,5,4,4,f,1,1,0,0,0.02
46326668,90%,99%,t,266,1126,t,t,Fenway,42.34323,-71.08618,Entire rental unit,Entire home/apt,5,2,2,2,$285.00 ,32,270,t,30,60,90,359,0,0,0,99,0,0,0,,,,,,,,t,43,43,0,0,
46332155,N/A,N/A,f,1,2,t,f,West Roxbury,42.29078,-71.15423,Entire condo,Entire home/apt,3,,1,,,45,1125,t,0,0,0,0,2,0,0,0,0,0,,5,5,4.5,5,4.5,5,5,f,1,1,0,0,0.04
46385021,100%,96%,f,5084,5865,t,t,Downtown,42.364773,-71.063143,Entire rental unit,Entire home/apt,2,1,1,1,$452.00 ,32,1125,t,0,0,0,146,1,0,0,0,0,0,0,5,5,5,5,5,5,5,t,343,343,0,0,0.03
46427592,,,t,,,,,Jamaica Plain,42.31294,-71.11617,Entire condo,Entire home/apt,3,1,1,1,$329.00 ,4,130,t,0,19,49,229,81,21,2,59,23,168,55272,4.84,4.77,4.83,4.81,4.88,4.96,4.64,f,1,1,0,0,1.46
46580146,N/A,N/A,f,1,1,t,t,Brighton,42.34886169,-71.16592407,Entire home,Entire home/apt,8,,3,,,3,3,t,0,0,0,0,9,0,0,0,0,0,,5,5,5,5,5,5,5,f,1,1,0,0,0.27
46697368,89%,92%,f,25,86,t,t,West End,42.36135,-71.06387,Entire rental unit,Entire home/apt,2,1,0,2,$240.00 ,29,1125,t,0,0,8,241,2,1,0,17,0,58,13920,5,5,4.5,5,5,5,5,f,9,9,0,0,0.07
46791156,90%,99%,t,266,1126,t,t,Fenway,42.34353,-71.08747,Entire rental unit,Entire home/apt,3,1,1,1,$215.00 ,32,270,t,0,0,6,275,1,0,0,15,0,0,0,5,4,4,5,4,5,3,t,43,43,0,0,0.04
46925307,95%,91%,f,117,207,t,t,Brighton,42.34319,-71.14389,Entire rental unit,Entire home/apt,6,1,2,4,$247.00 ,30,1125,t,0,19,49,203,17,0,0,59,0,0,0,4.94,4.94,4.82,4.94,5,4.88,4.71,f,33,33,0,0,0.38
46964831,100%,100%,f,39,74,t,t,Downtown,42.35702566,-71.06194776,Entire rental unit,Entire home/apt,8,2,4,4,$806.00 ,1,1125,t,5,11,11,11,303,75,5,11,57,255,205530,4.74,4.78,4.84,4.83,4.89,4.81,4.63,t,39,39,0,0,5.33
46966358,100%,100%,f,39,74,t,t,Downtown,42.3556336,-71.06034154,Entire serviced apartment,Entire home/apt,4,1,2,2,$585.00 ,1,1125,t,14,22,22,22,273,53,1,22,63,255,149175,4.76,4.85,4.86,4.89,4.91,4.83,4.63,t,39,39,0,0,4.71
46982246,100%,100%,f,39,74,t,t,Downtown,42.35746,-71.06085,Entire rental unit,Entire home/apt,8,2,4,4,$740.00 ,1,1125,t,3,11,11,11,321,55,4,11,62,255,188700,4.82,4.88,4.93,4.88,4.95,4.85,4.63,t,39,39,0,0,5.6
46982433,100%,100%,f,39,74,t,t,Downtown,42.35721,-71.06153,Entire rental unit,Entire home/apt,6,2,3,3,$666.00 ,1,1125,t,3,6,6,6,360,70,3,6,79,255,169830,4.76,4.8,4.89,4.83,4.85,4.78,4.63,t,39,39,0,0,6.23
46982800,100%,100%,f,39,74,t,t,Downtown,42.35666,-71.06026,Entire rental unit,Entire home/apt,8,2,4,4,$695.00 ,1,1125,t,6,9,9,9,259,58,2,9,68,255,177225,4.78,4.87,4.91,4.9,4.92,4.88,4.71,t,39,39,0,0,4.86
46983441,100%,100%,f,39,74,t,t,Downtown,42.35575107,-71.06242662,Entire rental unit,Entire home/apt,8,2,4,4,$655.00 ,1,1125,t,3,10,10,10,279,58,3,10,58,255,167025,4.81,4.81,4.86,4.87,4.92,4.86,4.62,t,39,39,0,0,4.81
46983650,100%,100%,f,39,74,t,t,Downtown,42.3571,-71.06069,Entire rental unit,Entire home/apt,8,2,4,4,$836.00 ,1,1125,t,4,9,9,9,323,72,3,9,64,255,213180,4.8,4.82,4.86,4.83,4.91,4.85,4.64,t,39,39,0,0,5.73
46984210,100%,99%,f,6,6,t,t,Downtown,42.35505674,-71.062212,Entire rental unit,Entire home/apt,2,1,0,1,$211.00 ,2,500,t,3,15,42,247,92,11,0,51,3,66,13926,4.32,4.33,4.33,4.73,4.88,4.88,4.32,f,6,5,1,0,1.76
46984660,100%,99%,f,6,6,t,t,Downtown,42.35505676,-71.06221008,Entire rental unit,Entire home/apt,2,1,1,2,$221.00 ,2,120,t,5,22,52,257,120,6,0,61,21,36,7956,4.46,4.64,4.5,4.88,4.93,4.83,4.44,f,6,5,1,0,2.07
47052910,90%,99%,t,266,1126,t,t,Downtown,42.35943,-71.05776,Entire rental unit,Entire home/apt,3,,1,,,32,270,t,30,60,90,359,2,0,0,99,0,0,,4.5,3.5,5,5,4.5,5,4.5,t,43,43,0,0,0.04
47091672,100%,96%,f,5084,5865,t,t,Brighton,42.3469948,-71.1452694,Entire rental unit,Entire home/apt,2,1,1,1,$337.00 ,32,1125,t,23,53,83,358,1,0,0,93,0,0,0,4,5,5,5,2,5,3,t,343,343,0,0,0.02
47091700,100%,96%,f,5084,5865,t,t,Brighton,42.3469948,-71.1452694,Entire rental unit,Entire home/apt,2,1,1,1,$318.00 ,32,1125,t,0,0,0,116,0,0,0,0,0,0,0,,,,,,,,t,343,343,0,0,
47092198,100%,96%,f,5084,5865,t,t,Brighton,42.3469948,-71.1452694,Entire rental unit,Entire home/apt,2,1,1,1,$244.00 ,32,1125,t,0,0,0,113,0,0,0,0,0,0,0,,,,,,,,t,343,343,0,0,
47097863,N/A,N/A,f,1,1,t,t,Chinatown,42.34947,-71.06196,Entire rental unit,Entire home/apt,2,,,,,91,1125,,0,0,0,0,0,0,0,0,0,0,,,,,,,,,f,1,1,0,0,
47137042,40%,0%,f,2,2,t,t,Roslindale,42.28834,-71.13646,Entire rental unit,Entire home/apt,2,1,2,1,$124.00 ,29,90,t,0,0,22,297,9,0,0,32,0,0,0,4.67,4.78,4.67,5,5,4.89,4.56,f,2,2,0,0,0.16
47216060,N/A,N/A,f,1,1,t,t,East Boston,42.36999,-71.03631,Private room in condo,Private room,1,,,,,91,365,,0,0,0,0,0,0,0,0,0,0,,,,,,,,,f,1,0,1,0,
47272572,N/A,N/A,f,1,1,t,t,Fenway,42.34219,-71.08686,Private room in rental unit,Private room,1,,,,,100,400,,0,0,0,0,0,0,0,0,0,0,,,,,,,,,f,1,0,1,0,
47353361,100%,92%,t,11,17,t,t,Charlestown,42.37473,-71.06101,Entire rental unit,Entire home/apt,4,1,1,0,$290.00 ,3,28,t,0,7,25,25,18,5,0,25,8,30,8700,4.94,4.94,4.94,4.89,5,5,4.83,f,6,3,3,0,0.38
47355090,100%,97%,t,5,5,t,t,Dorchester,42.30528256,-71.06119775,Entire rental unit,Entire home/apt,4,1,2,2,$120.00 ,31,365,t,24,49,79,352,84,0,0,88,1,0,0,4.77,4.86,4.9,4.81,4.88,4.14,4.65,f,5,5,0,0,1.53
47355116,100%,87%,f,1,5,t,t,Allston,42.36014,-71.12829,Entire rental unit,Entire home/apt,3,1,1,1,$201.00 ,2,1125,t,0,0,0,29,12,7,1,0,4,42,8442,4.75,4.67,4.75,5,4.67,4.83,4.58,f,1,1,0,0,0.21
47373862,100%,100%,f,40,74,t,t,Downtown,42.35573,-71.05994,Entire rental unit,Entire home/apt,2,1,0,1,$236.00 ,1,180,t,4,23,53,313,254,25,0,62,35,150,35400,4.7,4.8,4.77,4.88,4.87,4.63,4.54,f,40,40,0,0,4.47
47374576,100%,100%,f,40,74,t,t,Downtown,42.35522,-71.05798,Entire rental unit,Entire home/apt,2,1,0,1,$200.00 ,1,180,t,13,28,58,237,212,27,2,67,35,162,32400,4.73,4.85,4.73,4.84,4.91,4.8,4.54,f,40,40,0,0,3.86
47374701,100%,100%,f,40,74,t,t,Downtown,42.35392,-71.05954,Entire rental unit,Entire home/apt,2,1,0,1,$228.00 ,1,180,t,10,32,62,229,211,26,0,64,31,156,35568,4.67,4.72,4.72,4.82,4.88,4.63,4.47,f,40,40,0,0,3.82
47374978,100%,100%,f,40,74,t,t,Downtown,42.35596,-71.05992,Entire rental unit,Entire home/apt,2,,,,,1,180,t,1,4,18,126,290,42,1,24,38,252,,4.74,4.86,4.9,4.84,4.91,4.74,4.67,f,40,40,0,0,5.09
47384208,100%,100%,f,40,74,t,t,Downtown,42.35427,-71.05991,Entire rental unit,Entire home/apt,2,1,0,1,$290.00 ,1,180,t,11,29,59,228,211,19,0,68,34,114,33060,4.72,4.85,4.87,4.69,4.91,4.82,4.62,f,40,40,0,0,3.76
47384475,100%,100%,f,40,74,t,t,Downtown,42.35519,-71.05994,Entire rental unit,Entire home/apt,2,1,1,1,$279.00 ,1,180,t,11,34,64,243,208,22,1,73,38,132,36828,4.71,4.77,4.75,4.82,4.91,4.75,4.54,f,40,40,0,0,3.85
47384597,100%,100%,f,40,74,t,t,Downtown,42.35397,-71.05798,Entire rental unit,Entire home/apt,4,2,2,2,$429.00 ,1,180,t,7,26,51,216,249,49,2,60,49,255,109395,4.7,4.72,4.73,4.84,4.87,4.73,4.56,f,40,40,0,0,4.65
47384885,100%,100%,f,40,74,t,t,Downtown,42.35569,-71.06002,Entire rental unit,Entire home/apt,2,1,1,1,$190.00 ,1,180,t,1,13,43,221,183,23,2,52,13,138,26220,4.58,4.64,4.54,4.83,4.84,4.77,4.46,f,40,40,0,0,3.46
47385123,100%,98%,t,2,2,t,f,South End,42.34406281,-71.06999969,Entire rental unit,Entire home/apt,2,1,1,2,$195.00 ,29,365,t,0,0,30,304,16,5,0,39,4,255,49725,5,5,5,5,5,5,4.88,f,2,2,0,0,0.32
47406533,100%,99%,t,2,2,t,t,South Boston,42.33437,-71.05208,Entire condo,Entire home/apt,4,1,2,2,$402.00 ,2,365,t,18,45,75,116,43,20,1,85,11,120,48240,4.98,5,5,5,5,4.91,4.81,f,1,1,0,0,0.81
47407478,100%,100%,f,40,74,t,t,Downtown,42.35451,-71.0579,Entire rental unit,Entire home/apt,2,1,1,1,$205.00 ,1,180,t,6,9,11,181,185,20,0,20,33,120,24600,4.64,4.68,4.67,4.7,4.88,4.82,4.36,f,40,40,0,0,3.3
47408174,100%,100%,f,40,74,t,t,Downtown,42.35397,-71.05805,Entire rental unit,Entire home/apt,2,1,1,1,$215.00 ,1,180,t,6,6,35,206,237,34,2,44,39,204,43860,4.65,4.77,4.73,4.84,4.91,4.74,4.54,f,40,40,0,0,4.19
47408663,100%,100%,f,40,74,t,t,Downtown,42.35426,-71.0598,Entire rental unit,Entire home/apt,2,1,0,1,$220.00 ,1,180,t,6,20,50,228,210,36,0,59,49,216,47520,4.6,4.6,4.67,4.79,4.9,4.59,4.47,f,40,40,0,0,3.77
47425133,100%,100%,f,59,74,t,t,Fenway,42.34742,-71.09253,Entire rental unit,Entire home/apt,2,1,1,1,$251.00 ,1,120,t,2,12,39,309,124,36,2,48,46,216,54216,4.69,4.71,4.71,4.93,4.93,4.9,4.57,t,59,59,0,0,2.34
47441090,100%,100%,f,1,1,t,t,Roxbury,42.32987,-71.08982,Entire guest suite,Entire home/apt,2,1,1,1,$97.00 ,29,30,t,4,23,53,232,167,1,0,62,0,58,5626,4.87,4.91,4.9,4.89,4.92,4.72,4.67,f,1,1,0,0,2.93
47487652,100%,100%,f,40,74,t,t,Downtown,42.353876,-71.05848407,Entire rental unit,Entire home/apt,2,1,1,1,$281.00 ,1,180,t,5,25,55,228,220,32,1,64,42,192,53952,4.68,4.8,4.8,4.89,4.93,4.71,4.52,f,40,40,0,0,3.92
47488200,100%,100%,f,4,12,t,t,Jamaica Plain,42.30945,-71.10263,Entire condo,Entire home/apt,9,,4,,,30,1125,t,21,50,77,352,106,59,2,86,51,255,,4.87,4.85,4.83,4.91,4.94,4.67,4.74,t,4,4,0,0,1.86
47492421,100%,100%,f,40,74,t,t,Downtown,42.35533,-71.05769,Entire rental unit,Entire home/apt,2,1,0,1,$212.00 ,1,180,t,9,12,12,278,215,37,1,21,57,222,47064,4.55,4.66,4.7,4.79,4.83,4.59,4.37,f,40,40,0,0,3.99
47536459,100%,100%,t,4,4,t,t,Dorchester,42.30043,-71.06091,Entire rental unit,Entire home/apt,10,2,4,6,$486.00 ,29,90,t,14,32,62,65,86,0,0,65,0,0,0,4.9,4.91,4.88,4.97,4.92,4.49,4.66,t,4,4,0,0,1.53
47576607,100%,96%,f,5084,5865,t,t,Back Bay,42.35066,-71.07739,Entire rental unit,Entire home/apt,2,1,0,1,$251.00 ,32,1125,t,0,0,0,189,1,0,0,0,0,0,0,4,5,5,5,5,5,5,t,343,343,0,0,0.02
47775251,100%,63%,t,3,10,t,t,Beacon Hill,42.35638,-71.07139,Private room in rental unit,Private room,1,1,1,1,$89.00 ,29,1125,t,0,25,52,52,9,2,0,52,1,116,10324,4.78,4.78,4.67,4.78,4.78,5,3.78,f,2,1,1,0,0.17
47780618,80%,97%,t,1,1,t,t,East Boston,42.38347,-71.01653,Entire condo,Entire home/apt,4,1,2,2,$210.00 ,2,28,t,4,19,45,45,168,59,2,45,69,255,53550,4.89,4.9,4.93,4.91,4.88,4.68,4.8,f,1,1,0,0,5.13
47867613,100%,100%,t,3,3,t,t,South Boston,42.33716,-71.03812,Entire guest suite,Entire home/apt,2,1,0,1,$74.00 ,29,365,t,0,0,0,53,83,0,0,0,0,0,0,4.78,4.83,4.87,4.98,4.98,4.88,4.72,f,3,3,0,0,1.46
47873448,N/A,N/A,f,1,1,t,f,East Boston,42.37877,-71.0311,Entire home,Entire home/apt,6,1.5,4,4,$397.00 ,2,1125,t,20,39,48,250,191,31,2,48,34,186,73842,4.98,4.96,4.97,4.98,5,4.82,4.86,f,1,1,0,0,3.47
47881008,90%,99%,t,266,1126,t,t,Fenway,42.34558,-71.09618,Entire rental unit,Entire home/apt,5,2,2,2,$335.00 ,32,270,t,0,19,49,318,0,0,0,58,0,0,0,,,,,,,,t,43,43,0,0,
47890883,96%,94%,t,3,3,t,t,Dorchester,42.28626,-71.04232,Entire rental unit,Entire home/apt,3,1,1,1,$140.00 ,1,4,t,17,26,26,26,303,54,1,26,64,255,35700,4.91,4.92,4.97,4.93,4.95,4.72,4.81,f,3,3,0,0,5.43
47952948,100%,N/A,,5,14,t,t,South End,42.33635,-71.07506,Entire condo,Entire home/apt,2,1.5,1,1,$299.00 ,29,1125,t,30,60,90,365,72,0,0,99,16,0,0,4.78,4.82,4.83,4.87,4.9,4.9,4.75,f,3,3,0,0,1.3
47954520,100%,100%,t,2,2,t,t,Downtown,42.3504,-71.06996,Entire guest suite,Entire home/apt,2,,,,,3,1125,t,2,2,2,2,87,35,3,2,28,210,,4.99,4.98,5,4.98,4.99,4.98,4.91,f,1,1,0,0,1.55
47999268,N/A,N/A,f,1,3,t,f,Brighton,42.33873,-71.15151,Entire rental unit,Entire home/apt,2,,1,,,91,364,,0,0,0,0,0,0,0,0,0,0,,,,,,,,,f,1,1,0,0,
48000343,100%,100%,f,40,74,t,t,Downtown,42.35593,-71.05837,Entire rental unit,Entire home/apt,2,1,0,1,$209.00 ,1,180,t,9,36,65,235,227,40,2,65,58,240,50160,4.74,4.8,4.8,4.87,4.92,4.7,4.55,f,40,40,0,0,4.07
48011996,100%,N/A,f,3,3,t,f,Hyde Park,42.26396,-71.10395,Private room in home,Private room,4,1,1,2,$51.00 ,1,1125,t,0,0,0,175,5,0,0,0,5,0,0,4.2,4.2,4.2,4,4.2,3.8,4.2,f,2,0,2,0,0.26
48013642,100%,100%,f,79,112,t,t,Roxbury,42.32923,-71.09184,Entire rental unit,Entire home/apt,1,1,1,0,$103.00 ,32,365,t,1,2,2,141,11,3,0,2,3,192,19776,4.73,4.82,4.18,4.64,4.64,4.55,4.45,f,57,27,30,0,0.24
48030134,100%,100%,t,1,4,t,t,Roxbury,42.29916,-71.08675,Entire rental unit,Entire home/apt,11,2,4,5,$290.00 ,2,28,t,13,34,60,219,214,34,1,60,46,204,59160,4.95,4.93,4.98,4.99,4.98,4.36,4.87,f,1,1,0,0,3.97
48080487,100%,100%,t,22,75,t,f,North End,42.36319,-71.05127,Entire rental unit,Entire home/apt,3,1,1,1,$245.00 ,29,365,t,29,59,89,250,83,0,0,99,13,0,0,4.89,4.95,4.93,5,5,4.96,4.83,t,18,18,0,0,1.48
48093039,100%,100%,f,59,74,t,t,Fenway,42.3488242,-71.0948148,Entire serviced apartment,Entire home/apt,4,2.5,2,2,$525.00 ,1,120,t,13,39,69,294,293,43,3,78,58,255,133875,4.74,4.83,4.78,4.92,4.94,4.89,4.59,t,59,59,0,0,5.31
48103622,100%,100%,f,59,74,t,t,Downtown,42.35727,-71.0551,Entire serviced apartment,Entire home/apt,4,2,2,2,$422.00 ,2,365,t,9,30,52,323,234,44,2,62,54,255,107610,4.65,4.76,4.8,4.89,4.86,4.93,4.58,t,59,59,0,0,4.28
48103833,100%,100%,f,59,74,t,t,Downtown,42.35835419,-71.05321336,Entire serviced apartment,Entire home/apt,4,2,2,2,$404.00 ,2,365,t,9,31,61,323,248,31,2,71,47,186,75144,4.74,4.81,4.79,4.87,4.9,4.94,4.58,t,59,59,0,0,4.46
48107968,100%,96%,f,5084,5865,t,t,Mission Hill,42.3347357,-71.1018627,Entire rental unit,Entire home/apt,2,1,1,1,$269.00 ,32,1125,t,0,0,0,0,1,0,0,0,0,0,0,3,3,4,5,4,4,3,t,343,343,0,0,0.04
48120609,90%,63%,f,9,9,t,t,Allston,42.35866,-71.13006,Private room in home,Private room,1,2,1,1,$60.00 ,91,365,t,0,0,0,274,6,3,0,9,3,255,15300,4.67,4.83,4.5,5,4.83,4.83,4.67,f,9,0,9,0,0.13
48131435,100%,98%,f,28,30,t,t,Bay Village,42.34901,-71.0666,Entire rental unit,Entire home/apt,6,2,3,3,$574.00 ,2,28,t,23,53,61,61,190,35,2,61,38,210,120540,4.8,4.74,4.78,4.95,4.94,4.96,4.62,f,2,2,0,0,3.4
48173950,100%,100%,f,1,1,t,f,Hyde Park,42.26353,-71.12697,Entire rental unit,Entire home/apt,4,1,2,4,$238.00 ,1,730,t,11,17,17,30,60,6,1,17,8,36,8568,4.68,4.72,4.8,4.88,4.85,4.55,4.42,f,1,1,0,0,1.09
48210680,93%,93%,f,12,32,t,f,Dorchester,42.30019,-71.08438,Entire condo,Entire home/apt,2,1,1,2,$129.00 ,29,1125,t,30,60,89,89,7,1,0,89,0,58,7482,4.29,4.57,4,4.57,4.86,4.71,4.71,f,12,12,0,0,0.13
48231177,100%,100%,f,6,7,t,t,Downtown,42.35505295,-71.06218719,Entire rental unit,Entire home/apt,2,1,1,2,$221.00 ,2,500,t,8,27,51,255,120,27,1,60,35,162,35802,4.4,4.53,4.41,4.8,4.78,4.83,4.28,t,6,3,3,0,2.19
48285608,N/A,100%,f,1,1,t,t,Downtown,42.35529,-71.06087,Entire rental unit,Entire home/apt,5,2,2,3,$737.00 ,3,90,t,0,0,0,0,107,13,0,0,30,78,57486,4.75,4.84,4.84,4.85,4.79,4.9,4.57,f,1,1,0,0,1.95
48298464,100%,76%,t,5,6,t,f,South End,42.34146,-71.07185,Entire rental unit,Entire home/apt,4,2,2,2,$259.00 ,30,365,t,0,1,7,212,18,0,0,7,0,0,0,5,5,5,4.89,5,5,5,f,2,2,0,0,0.64
48357656,100%,100%,t,1,1,t,t,Charlestown,42.38099,-71.07038,Entire condo,Entire home/apt,4,1,1,2,$196.00 ,4,1125,t,5,21,30,229,135,27,1,30,33,216,42336,4.98,4.98,4.99,4.97,4.98,4.91,4.89,t,1,1,0,0,2.62
48361088,100%,99%,f,6,6,t,t,Downtown,42.35505674,-71.062212,Private room in rental unit,Private room,2,1,1,2,$162.00 ,1,300,t,22,51,81,290,379,35,7,90,45,210,34020,4.37,4.46,4.2,4.78,4.77,4.85,4.27,f,6,5,1,0,7.11
48403559,N/A,N/A,f,1,1,t,f,Brighton,42.35465,-71.15788,Private room in rental unit,Private room,1,,,,,120,120,,0,0,0,0,0,0,0,0,0,0,,,,,,,,,f,1,0,1,0,
48439840,100%,100%,f,59,74,t,t,Downtown,42.3589804,-71.05393091,Entire rental unit,Entire home/apt,2,1,1,1,$305.00 ,1,120,t,3,21,51,280,238,32,3,61,44,192,58560,4.68,4.73,4.72,4.92,4.93,4.92,4.61,f,59,59,0,0,4.32
48454886,100%,96%,f,5084,5865,t,t,Back Bay,42.3505139,-71.089844,Entire loft,Entire home/apt,4,1,2,2,$303.00 ,32,1125,t,0,15,45,209,0,0,0,54,0,0,0,,,,,,,,t,343,343,0,0,
48466008,100%,N/A,,5,14,t,t,South End,42.33836,-71.07613,Entire condo,Entire home/apt,5,1.5,3,3,$675.00 ,29,1125,t,30,60,90,365,41,0,0,99,5,0,0,4.59,4.71,4.66,4.73,4.76,4.85,4.49,f,3,3,0,0,0.75
48562692,100%,100%,f,1,8,t,t,Dorchester,42.3232,-71.05995,Entire rental unit,Entire home/apt,5,1,3,4,$192.00 ,3,28,t,5,23,50,226,183,34,3,60,42,204,39168,4.82,4.87,4.92,4.97,4.93,4.69,4.72,t,1,1,0,0,3.8
48585748,100%,100%,t,2,2,t,t,Roslindale,42.2895,-71.13044,Entire rental unit,Entire home/apt,5,1.5,2,2,$274.00 ,3,28,t,4,22,48,281,106,9,0,52,22,54,14796,4.99,4.98,4.99,4.98,4.99,4.96,4.91,f,1,1,0,0,2
48597887,100%,96%,f,5084,5865,t,t,Roxbury,42.33884,-71.08177,Entire loft,Entire home/apt,2,1,1,1,$290.00 ,32,1125,t,0,0,23,298,0,0,0,32,0,0,0,,,,,,,,t,343,343,0,0,
48597943,100%,96%,f,5084,5865,t,t,Roxbury,42.33884,-71.08177,Entire loft,Entire home/apt,2,1,0,1,$306.00 ,32,1125,t,0,21,51,326,1,0,0,60,0,0,0,5,5,3,5,3,5,3,t,343,343,0,0,0.04
48597948,100%,96%,f,5084,5865,t,t,Roxbury,42.33884,-71.08177,Entire loft,Entire home/apt,2,1,1,1,$353.00 ,32,1125,t,2,32,62,337,1,0,0,71,0,0,0,5,5,5,5,5,5,5,t,343,343,0,0,0.02
48597957,100%,96%,f,5084,5865,t,t,Roxbury,42.33884,-71.08177,Entire loft,Entire home/apt,2,1,0,1,$299.00 ,32,1125,t,0,23,53,328,0,0,0,62,0,0,0,,,,,,,,t,343,343,0,0,
48601192,100%,100%,f,59,74,t,t,Downtown,42.35708897,-71.05350906,Entire rental unit,Entire home/apt,4,2,2,2,$399.00 ,2,365,t,8,31,61,302,284,52,4,71,66,255,101745,4.65,4.72,4.73,4.89,4.88,4.89,4.55,t,59,59,0,0,5.2
48601455,100%,100%,f,59,74,t,t,Downtown,42.35875,-71.05361,Entire rental unit,Entire home/apt,2,1,1,1,$237.00 ,1,120,t,7,25,55,295,227,22,1,64,47,132,31284,4.69,4.75,4.71,4.91,4.93,4.96,4.6,t,59,59,0,0,4.29
48601985,100%,100%,f,59,74,t,t,Downtown,42.35893,-71.0553,Entire rental unit,Entire home/apt,4,2,2,2,$417.00 ,2,365,t,10,29,55,300,262,45,1,65,68,255,106335,4.73,4.76,4.77,4.93,4.92,4.93,4.59,t,59,59,0,0,4.77
48602234,100%,100%,f,59,74,t,t,Downtown,42.35745,-71.0533,Entire rental unit,Entire home/apt,5,1.5,2,2,$398.00 ,2,365,t,3,17,47,289,253,56,3,57,70,255,101490,4.5,4.57,4.6,4.87,4.9,4.9,4.42,t,59,59,0,0,4.61
48602602,100%,100%,f,59,74,t,t,Downtown,42.35889,-71.05337,Entire rental unit,Entire home/apt,2,1,1,1,$307.00 ,1,119,t,4,6,30,299,246,44,0,39,64,255,78285,4.7,4.79,4.82,4.95,4.94,4.91,4.6,t,59,59,0,0,4.59
48611199,100%,100%,t,2,3,t,t,Dorchester,42.3163,-71.05873,Entire rental unit,Entire home/apt,4,1,1,2,$158.00 ,1,1125,t,1,7,28,271,409,95,8,30,98,255,40290,4.93,4.95,4.97,4.92,4.95,4.84,4.81,f,2,2,0,0,7.47
48641606,100%,91%,t,5,5,t,t,Mattapan,42.27941,-71.09465,Entire rental unit,Entire home/apt,10,2,4,5,$528.00 ,3,1125,t,20,48,78,346,65,7,0,87,13,42,22176,4.97,4.94,4.95,4.95,4.97,4.38,4.85,f,5,1,4,0,1.2
48675718,100%,94%,t,2,3,t,t,Roslindale,42.28224,-71.11739,Entire condo,Entire home/apt,4,,2,,,5,730,t,3,29,59,238,84,17,0,68,8,170,,4.8,4.88,4.9,4.89,4.94,4.7,4.76,f,2,2,0,0,1.54
48713521,100%,100%,f,59,74,t,t,Fenway,42.34931291,-71.09268141,Entire rental unit,Entire home/apt,2,1,1,1,$267.00 ,1,120,t,3,25,55,235,205,27,0,64,44,162,43254,4.66,4.67,4.74,4.84,4.89,4.9,4.47,t,59,59,0,0,3.76
48739565,N/A,98%,f,1,7,t,t,South Boston Waterfront,42.34309,-71.05313,Entire condo,Entire home/apt,6,2,2,3,$265.00 ,29,29,t,7,27,55,305,121,11,0,65,28,255,67575,4.86,4.83,4.85,4.97,4.93,4.92,4.78,f,1,1,0,0,2.22
48748471,99%,97%,t,12,14,t,t,East Boston,42.37835,-71.02964,Entire rental unit,Entire home/apt,5,1,1,3,$100.00 ,29,1125,t,1,30,60,159,91,1,0,69,18,58,5800,4.57,4.64,4.56,4.9,4.91,4.66,4.53,f,5,5,0,0,1.66
48748798,99%,97%,t,12,14,t,t,East Boston,42.37721,-71.03767,Entire rental unit,Entire home/apt,6,1,2,3,$272.00 ,2,60,t,11,22,52,152,238,56,9,62,23,255,69360,4.8,4.81,4.84,4.91,4.83,4.63,4.74,t,5,5,0,0,4.34
48764211,100%,N/A,,5,14,t,t,South End,42.33745,-71.07676,Entire condo,Entire home/apt,4,1.5,2,2,$401.00 ,29,1125,t,30,60,90,365,53,1,0,99,16,58,23258,4.6,4.62,4.77,4.85,4.89,4.72,4.4,t,3,3,0,0,0.98
48768462,100%,100%,t,35,76,t,t,Jamaica Plain,42.31086,-71.09849,Entire rental unit,Entire home/apt,5,1,2,3,$193.00 ,2,365,t,9,36,66,245,29,14,1,75,0,84,16212,4.24,4.41,4.52,4.83,4.93,4.72,4.17,f,23,23,0,0,0.53
48771117,N/A,N/A,f,1,3,t,f,Hyde Park,42.25365,-71.12714,Private room in rental unit,Private room,3,,2,,,29,365,,0,0,0,0,0,0,0,0,0,0,,,,,,,,,f,1,0,1,0,
48788607,100%,97%,t,32,34,t,t,East Boston,42.38274,-71.02198,Private room in home,Private room,2,1,1,1,$86.00 ,1,3,t,11,35,65,65,556,97,6,65,102,255,21930,4.81,4.89,4.9,4.91,4.92,4.74,4.71,f,2,0,2,0,10.21
48788842,100%,97%,t,32,34,t,t,East Boston,42.38294,-71.02026,Private room in home,Private room,2,1,1,1,$98.00 ,1,4,t,9,32,62,62,472,90,5,62,80,255,24990,4.86,4.88,4.92,4.91,4.9,4.72,4.76,f,2,0,2,0,8.64
48802286,100%,100%,t,1,1,t,t,South Boston,42.32932,-71.05351,Entire home,Entire home/apt,6,2.5,3,5,$472.00 ,2,1125,t,4,22,45,281,194,49,2,47,48,255,120360,4.98,4.95,4.96,4.98,4.99,4.77,4.85,f,1,1,0,0,3.8
48805065,100%,100%,f,39,74,t,t,Downtown,42.35533065,-71.06073938,Entire serviced apartment,Entire home/apt,6,2,3,3,$589.00 ,1,365,t,5,8,8,8,287,64,1,8,65,255,150195,4.76,4.8,4.9,4.86,4.94,4.8,4.63,t,39,39,0,0,5.38
48805748,100%,100%,f,39,74,t,t,Downtown,42.35528351,-71.06044446,Entire serviced apartment,Entire home/apt,4,1,2,2,$571.00 ,1,1125,t,14,17,17,17,316,49,2,17,71,255,145605,4.8,4.83,4.91,4.85,4.94,4.9,4.59,t,39,39,0,0,5.85
48806117,84%,95%,f,60,97,t,t,Dorchester,42.32114,-71.05993,Private room in rental unit,Private room,2,1,1,1,$70.00 ,29,365,t,0,0,0,46,3,3,0,0,1,174,12180,4.67,5,5,5,4.67,4.67,4.67,t,58,18,40,0,0.33
48806121,84%,95%,f,60,97,t,t,Dorchester,42.32096,-71.0604,Private room in rental unit,Private room,2,1,2,1,$67.00 ,30,90,t,0,0,29,282,6,3,0,39,3,180,12060,4.83,4.5,4.67,4.5,4.5,4.5,4.67,f,58,18,40,0,0.12
48807191,100%,100%,f,39,74,t,t,Downtown,42.35524,-71.06022,Entire serviced apartment,Entire home/apt,4,1,2,2,$505.00 ,1,365,t,12,19,19,19,267,55,2,19,59,255,128775,4.65,4.75,4.88,4.8,4.9,4.77,4.48,f,39,39,0,0,4.94
48809197,100%,100%,f,39,74,t,t,Downtown,42.35731,-71.0624,Entire serviced apartment,Entire home/apt,4,1,2,2,$513.00 ,1,365,t,7,12,12,12,319,60,1,12,66,255,130815,4.69,4.82,4.87,4.84,4.92,4.78,4.55,t,39,39,0,0,5.87
48881055,90%,99%,t,266,1126,t,t,Fenway,42.34399,-71.09823,Entire rental unit,Entire home/apt,5,2,2,2,$345.00 ,32,270,t,15,45,75,345,2,1,0,85,1,64,22080,5,5,5,5,5,5,4.5,t,43,43,0,0,0.07
48883519,100%,100%,f,59,74,t,t,Downtown,42.35131,-71.06531,Entire serviced apartment,Entire home/apt,2,1,1,1,$292.00 ,5,1125,t,9,33,63,242,223,36,0,72,51,255,74460,4.54,4.7,4.6,4.84,4.87,4.6,4.42,f,59,59,0,0,4.2
48905210,100%,100%,t,1,12,t,t,Dorchester,42.3025,-71.06311,Entire home,Entire home/apt,16,2,5,10,$617.00 ,2,1125,t,11,25,54,301,125,20,1,64,27,120,74040,4.96,4.94,4.98,4.99,4.98,4.63,4.86,f,1,1,0,0,2.29
48926365,100%,96%,f,5084,5865,t,t,South Boston,42.34114,-71.04959,Entire rental unit,Entire home/apt,2,,1,,,32,1125,t,0,1,1,166,2,1,0,5,0,64,,3.5,5,4.5,5,4,4,2,t,343,343,0,0,0.05
48926392,100%,96%,f,5084,5865,t,t,South Boston,42.34114,-71.04959,Entire rental unit,Entire home/apt,2,1,1,1,$256.00 ,32,1125,t,1,1,5,280,2,1,0,14,0,64,16384,5,5,5,5,5,5,5,t,343,343,0,0,0.05
48926432,100%,96%,f,5084,5865,t,t,South Boston,42.34114,-71.04959,Entire rental unit,Entire home/apt,2,1,1,1,$274.00 ,32,1125,t,0,0,30,305,0,0,0,40,0,0,0,,,,,,,,t,343,343,0,0,
48941504,70%,90%,f,14,15,t,t,Roxbury,42.31573,-71.09141,Private room in rental unit,Private room,3,,,,,29,29,t,0,0,0,0,100,10,0,0,20,255,,4.67,4.8,4.65,4.85,4.77,4.25,4.51,f,3,0,3,0,1.84
48942888,70%,90%,f,14,15,t,t,Roxbury,42.31596,-71.09135,Private room in rental unit,Private room,2,,,,,29,29,t,0,0,0,100,81,6,0,0,11,255,,4.51,4.68,4.64,4.85,4.7,4.3,4.44,f,3,0,3,0,1.52
48952329,70%,90%,f,14,15,t,t,Roxbury,42.31583,-71.08992,Private room in rental unit,Private room,2,2,1,1,$50.00 ,29,29,t,0,0,0,208,51,0,0,0,0,0,0,4.29,4.51,4.41,4.57,4.57,4.02,4.18,t,3,0,3,0,0.97
48960774,71%,92%,f,1,15,t,t,Dorchester,42.2807,-71.07172,Entire rental unit,Entire home/apt,3,1,1,2,$228.00 ,1,30,t,28,58,88,363,49,7,1,97,14,42,9576,4.88,4.84,4.98,4.98,4.98,4.8,4.8,t,1,1,0,0,0.99
48971352,100%,97%,t,9,9,t,t,Allston,42.34812,-71.13601,Entire condo,Entire home/apt,6,1,2,3,$282.00 ,3,90,t,8,31,61,61,195,34,3,61,53,204,57528,4.96,4.95,4.95,4.97,4.99,4.91,4.84,f,2,2,0,0,3.59
48997821,100%,67%,t,2,3,t,f,Roslindale,42.27832,-71.14076,Entire condo,Entire home/apt,4,1,3,4,$204.00 ,29,365,t,1,24,54,329,7,0,0,63,1,0,0,5,5,4.86,4.86,5,4.86,4.43,f,2,2,0,0,0.14
49024263,100%,100%,t,6,7,t,t,Beacon Hill,42.35891,-71.06615,Entire rental unit,Entire home/apt,3,1,1,1,$193.00 ,1,1125,t,1,3,10,205,417,71,3,14,75,255,49215,4.86,4.9,4.77,4.96,4.93,4.98,4.76,f,2,2,0,0,7.97
49042690,100%,95%,t,2,6,t,t,South End,42.34486,-71.07142,Entire rental unit,Entire home/apt,3,1,1,1,$278.00 ,29,120,t,5,27,57,327,0,0,0,66,0,0,0,,,,,,,,f,2,2,0,0,
49051734,100%,100%,t,4,4,t,t,Dorchester,42.2986,-71.06144,Entire condo,Entire home/apt,10,2,4,6,$463.00 ,3,28,t,5,29,59,68,94,14,2,68,11,84,38892,4.72,4.73,4.76,4.95,4.86,4.44,4.59,t,4,4,0,0,1.73
49067845,100%,60%,f,3,4,t,t,Mattapan,42.27679,-71.06871,Entire townhouse,Entire home/apt,6,1,3,4,$307.00 ,3,365,t,15,45,75,349,20,3,0,84,5,18,5526,4.95,4.9,4.95,5,5,4.85,4.65,f,3,3,0,0,0.48
49076097,100%,100%,t,4,4,t,t,Dorchester,42.29928,-71.0609,Entire rental unit,Entire home/apt,10,2,4,5,$520.00 ,3,28,t,13,31,61,64,79,5,0,64,10,30,15600,4.81,4.85,4.81,4.96,4.94,4.33,4.7,t,4,4,0,0,1.47
49123007,100%,97%,t,4,4,t,f,Downtown,42.36239,-71.05044,Entire condo,Entire home/apt,6,1.5,3,4,$749.00 ,2,365,t,11,27,54,297,143,44,2,58,41,255,190995,4.93,4.94,4.85,4.99,5,4.99,4.81,f,1,1,0,0,2.78
49131818,100%,86%,t,2,2,t,t,Roxbury,42.32662,-71.07675,Entire rental unit,Entire home/apt,2,1,1,1,$158.00 ,1,120,t,0,21,51,149,37,18,1,60,26,108,17064,4.68,4.89,4.92,4.68,4.7,4.35,4.65,f,1,1,0,0,1.75
49188782,100%,96%,f,5084,5865,t,t,Fenway,42.34651,-71.10321,Entire rental unit,Entire home/apt,4,2,2,2,$553.00 ,32,1125,t,26,56,86,361,0,0,0,96,0,0,0,,,,,,,,t,343,343,0,0,
49210926,100%,100%,f,8,10,t,t,Brighton,42.3466,-71.1413,Entire rental unit,Entire home/apt,4,2,2,0,$160.00 ,29,1125,t,2,32,62,71,1,0,0,71,1,0,0,1,3,2,5,3,1,3,t,8,8,0,0,0.07
49244867,100%,100%,t,3,20,t,t,Roxbury,42.3281455,-71.0933478,Entire home,Entire home/apt,12,2.5,4,6,$438.00 ,29,1125,t,22,42,72,347,9,0,0,82,0,0,0,5,4.67,5,5,5,4.78,4.56,t,1,1,0,0,0.18
49258187,99%,100%,f,17,18,t,t,Bay Village,42.34842682,-71.07017517,Shared room in rental unit,Shared room,1,1,1,1,$107.00 ,1,365,t,6,16,38,244,72,34,2,47,18,204,21828,4.49,4.49,4.4,4.83,4.81,4.65,4.35,t,17,8,8,1,1.78
49306861,100%,62%,f,184,251,t,t,North End,42.36618,-71.05217,Entire rental unit,Entire home/apt,3,1,2,2,$166.00 ,10,730,t,7,13,43,318,16,1,0,53,6,20,3320,4.81,4.75,4.5,4.94,4.69,4.94,4.69,t,55,55,0,0,0.34
49341416,90%,99%,t,266,1126,t,t,Back Bay,42.34336,-71.08567,Entire rental unit,Entire home/apt,3,0,1,1,$230.00 ,32,270,t,0,30,60,329,0,0,0,69,0,0,0,,,,,,,,t,43,43,0,0,
49362534,100%,100%,t,4,12,t,t,Brighton,42.34313,-71.15594,Private room in home,Private room,2,2,1,1,$82.00 ,29,31,t,7,37,67,247,80,9,0,77,26,255,20910,4.95,4.91,4.88,4.99,4.95,4.83,4.89,t,4,0,4,0,1.52
49364252,100%,100%,f,8,10,t,t,Brighton,42.34767614,-71.14312238,Entire rental unit,Entire home/apt,4,2,2,2,$165.00 ,29,60,t,7,7,28,69,1,0,0,38,1,0,0,5,4,5,5,5,5,5,t,8,8,0,0,0.06
49364349,100%,100%,t,4,12,t,t,Brighton,42.34488,-71.15442,Private room in home,Private room,2,2,1,1,$93.00 ,29,31,t,0,13,43,223,102,21,0,53,30,255,23715,4.9,4.89,4.83,4.96,4.96,4.79,4.82,t,4,0,4,0,1.93
49364638,100%,100%,t,130,133,t,t,Fenway,42.34246,-71.10145,Entire rental unit,Entire home/apt,2,1,1,2,$236.00 ,1,1125,t,22,46,73,134,241,43,4,83,54,255,60180,4.82,4.89,4.87,4.91,4.88,4.9,4.65,f,36,36,0,0,4.5
49380252,N/A,N/A,f,2,2,t,t,Dorchester,42.32678,-71.05975,Entire condo,Entire home/apt,2,,1,,,29,40,t,0,0,0,0,0,0,0,0,0,0,,,,,,,,,f,1,1,0,0,
49458996,90%,99%,t,266,1126,t,t,Fenway,42.34516,-71.09652,Entire rental unit,Entire home/apt,3,1,1,1,$240.00 ,32,270,t,1,31,61,331,3,1,0,71,0,64,15360,5,4.67,5,5,4.33,5,4,t,43,43,0,0,0.1
49459007,90%,99%,t,266,1126,t,t,Fenway,42.34486,-71.09622,Entire rental unit,Entire home/apt,3,1,1,1,$240.00 ,32,270,t,30,60,90,359,0,0,0,99,0,0,0,,,,,,,,t,43,43,0,0,
49484066,92%,78%,t,1,1,t,t,Brighton,42.35308,-71.16926,Private room in home,Private room,2,1,1,2,$125.00 ,1,3,t,14,41,71,346,175,19,1,81,16,114,14250,4.87,4.92,4.79,4.89,4.89,4.86,4.8,f,1,0,1,0,3.27
49512414,100%,100%,f,59,74,t,t,Downtown,42.34979,-71.06544,Entire serviced apartment,Entire home/apt,2,1,1,1,$235.00 ,1,365,t,8,28,58,236,195,34,0,67,63,204,47940,4.78,4.8,4.84,4.94,4.94,4.75,4.62,f,59,59,0,0,3.68
49516205,100%,100%,f,59,74,t,t,Downtown,42.35097,-71.06539,Entire serviced apartment,Entire home/apt,2,1,1,1,$259.00 ,5,365,t,3,4,34,212,206,35,2,43,48,255,66045,4.71,4.8,4.8,4.83,4.89,4.67,4.56,f,59,59,0,0,4.04
49541030,100%,100%,f,59,74,t,t,Bay Village,42.34997,-71.0672,Entire rental unit,Entire home/apt,2,1,1,1,$254.00 ,1,365,t,6,29,59,237,209,32,1,68,54,192,48768,4.66,4.74,4.77,4.86,4.93,4.67,4.55,f,59,59,0,0,3.99
49563625,100%,98%,t,1,1,t,t,Dorchester,42.313251,-71.054817,Entire condo,Entire home/apt,6,1,1,2,$186.00 ,4,27,t,10,32,54,154,150,26,2,64,32,208,38688,4.97,4.97,4.87,4.99,4.97,4.92,4.86,f,1,1,0,0,3.05
49567991,100%,79%,f,2,5,t,t,Roxbury,42.32585,-71.09502,Entire rental unit,Entire home/apt,2,1,1,1,$139.00 ,30,240,t,0,22,52,141,69,0,0,61,0,0,0,4.3,4.28,3.84,4.71,4.8,4.62,4.28,t,2,2,0,0,1.33
49571907,100%,100%,t,1,1,t,t,West Roxbury,42.2883,-71.15351,Entire condo,Entire home/apt,5,1,3,3,$242.00 ,1,1125,t,9,25,51,309,86,6,0,52,11,36,8712,4.84,4.88,4.88,4.91,4.92,4.85,4.74,t,1,1,0,0,1.63
49638279,100%,100%,t,12,15,t,t,Roxbury,42.32829,-71.09404,Entire rental unit,Entire home/apt,8,2,4,4,$450.00 ,3,29,t,3,19,44,54,34,15,3,54,7,90,40500,4.97,4.97,4.97,5,4.97,4.76,4.94,f,11,11,0,0,0.69
49639865,95%,91%,f,117,207,t,t,Back Bay,42.35155,-71.0839,Entire rental unit,Entire home/apt,2,1,0,1,$229.00 ,30,1125,t,0,25,55,313,3,0,0,64,0,0,0,4.67,4.33,5,5,5,5,4.67,f,33,33,0,0,0.11
49714366,100%,100%,t,12,15,t,t,Roxbury,42.3234,-71.09018,Entire rental unit,Entire home/apt,8,1.5,3,4,$272.00 ,3,60,t,8,22,46,47,82,22,0,47,17,132,35904,4.93,4.9,4.87,5,4.99,4.55,4.84,f,11,11,0,0,1.59
49715280,100%,100%,t,12,15,t,t,Roxbury,42.32856,-71.09569,Entire condo,Entire home/apt,4,1,1,2,$187.00 ,3,60,t,0,10,40,49,80,16,1,49,29,96,17952,4.85,4.85,4.88,4.93,4.93,4.73,4.63,f,11,11,0,0,1.51
49716208,100%,100%,t,12,15,t,t,Roxbury,42.3297,-71.09593,Entire guest suite,Entire home/apt,2,1,1,0,$133.00 ,3,30,t,3,27,57,67,79,20,4,67,12,120,15960,4.89,4.88,4.79,4.94,4.95,4.54,4.71,f,11,11,0,0,1.52
49730420,100%,100%,t,12,15,t,t,Roxbury,42.33046,-71.09397,Entire condo,Entire home/apt,4,1,1,2,$168.00 ,3,60,t,1,16,46,56,76,10,1,56,19,60,10080,4.88,4.91,4.86,4.93,4.92,4.76,4.61,f,11,11,0,0,1.44
49749352,100%,100%,t,1,1,t,t,South Boston,42.33620071,-71.05067444,Private room in townhouse,Private room,4,1,1,2,$226.00 ,1,14,t,5,21,22,258,324,60,6,22,69,255,57630,4.98,4.97,4.98,4.95,5,4.95,4.91,f,1,0,1,0,6.28
49905457,100%,100%,f,79,112,t,t,Roxbury,42.32887,-71.09377,Private room in serviced apartment,Private room,1,1,1,1,$94.00 ,30,365,t,15,15,15,262,3,1,0,15,0,60,5640,4.67,4.67,4.67,5,4.33,5,4.33,f,57,27,30,0,0.07
49916971,100%,96%,f,5084,5865,t,t,Roxbury,42.33999,-71.08143,Entire rental unit,Entire home/apt,2,1,0,1,$234.00 ,32,1125,t,0,0,0,148,1,1,0,1,1,64,14976,3,4,4,5,5,2,3,t,343,343,0,0,0.11
49916983,100%,96%,f,5084,5865,t,t,Brighton,42.34006,-71.15734,Entire rental unit,Entire home/apt,4,2,2,2,$221.00 ,32,1125,t,0,0,0,250,1,0,0,0,0,0,0,3,4,4,4,5,5,3,t,343,343,0,0,0.03
49917068,100%,96%,f,5084,5865,t,t,Back Bay,42.34863,-71.07409,Entire rental unit,Entire home/apt,2,1,0,1,$328.00 ,32,1125,t,0,0,0,168,0,0,0,0,0,0,0,,,,,,,,t,343,343,0,0,
49918081,100%,96%,f,5084,5865,t,t,Brighton,42.3498262,-71.149396,Entire rental unit,Entire home/apt,4,1,2,2,$255.00 ,32,1125,t,0,0,0,115,0,0,0,0,0,0,0,,,,,,,,t,343,343,0,0,
49941156,100%,100%,t,8,11,t,t,Roxbury,42.31649,-71.09199,Private room in rental unit,Private room,1,1,1,1,$37.00 ,30,365,t,11,19,49,299,14,7,0,59,2,255,9435,5,5,4.86,5,5,4.86,5,f,8,1,7,0,0.28
49945328,100%,98%,t,2,3,t,f,Brighton,42.34629,-71.1602,Private room in home,Private room,2,1,1,1,$117.00 ,2,30,t,2,13,24,26,94,38,4,26,27,228,26676,5,4.96,4.99,4.98,4.99,4.9,4.89,f,2,0,2,0,2.59
49959608,96%,94%,t,3,3,t,t,Dorchester,42.30807,-71.06147,Entire rental unit,Entire home/apt,4,1,2,2,$212.00 ,1,4,t,16,45,75,75,190,44,2,75,45,255,54060,4.81,4.86,4.89,4.87,4.86,4.59,4.72,f,3,3,0,0,5.09
49996009,100%,98%,t,7,12,t,t,Dorchester,42.29065,-71.06361,Private room in rental unit,Private room,6,2,2,3,$238.00 ,1,14,t,0,10,40,315,27,2,0,49,6,12,2856,4.52,4.67,4.81,4.89,4.81,4.52,4.48,f,7,2,5,0,0.51
49998870,100%,98%,t,7,12,t,t,Dorchester,42.29107,-71.06189,Entire rental unit,Entire home/apt,10,2,4,5,$580.00 ,2,30,t,0,0,20,292,47,8,1,29,4,48,27840,4.81,4.87,4.89,4.96,4.96,4.62,4.72,f,7,2,5,0,0.91
50007180,100%,98%,t,7,12,t,t,Dorchester,42.29049,-71.06138,Private room in rental unit,Private room,4,2,1,2,$136.00 ,1,14,t,20,48,78,353,52,4,0,87,16,24,3264,4.79,4.83,4.88,4.83,4.81,4.54,4.65,f,7,2,5,0,1
50009640,100%,98%,t,7,12,t,t,Dorchester,42.29037,-71.06367,Private room in rental unit,Private room,2,2,1,1,$96.00 ,1,14,t,0,9,39,314,17,3,0,49,7,18,1728,4.94,4.76,4.88,4.94,4.94,4.71,4.82,f,7,2,5,0,0.36
50009772,100%,98%,t,7,12,t,t,Dorchester,42.28918,-71.06166,Private room in rental unit,Private room,2,1,1,1,$96.00 ,1,14,t,12,18,37,312,25,2,0,47,5,12,1152,4.76,4.76,4.76,4.92,4.84,4.6,4.6,f,7,2,5,0,0.5
50009924,100%,98%,t,7,12,t,t,Dorchester,42.29063,-71.06357,Private room in rental unit,Private room,2,2,1,1,$96.00 ,1,14,t,15,39,47,255,29,3,1,47,4,18,1728,4.79,4.86,4.9,4.93,4.93,4.69,4.69,f,7,2,5,0,0.58
50017083,100%,96%,f,5084,5865,t,t,Back Bay,42.34449,-71.08237,Entire rental unit,Entire home/apt,4,,2,,,32,1125,t,0,23,53,328,0,0,0,62,0,0,,,,,,,,,t,343,343,0,0,
50017182,100%,96%,f,5084,5865,t,t,Back Bay,42.34449,-71.08237,Entire rental unit,Entire home/apt,4,2,2,2,$461.00 ,32,1125,t,0,0,0,120,0,0,0,0,0,0,0,,,,,,,,t,343,343,0,0,
50031855,100%,98%,t,5,10,t,t,South Boston,42.33483,-71.04502,Entire condo,Entire home/apt,4,2,2,2,$520.00 ,2,27,t,16,46,76,252,125,29,3,85,41,174,90480,4.98,4.98,4.98,4.96,4.96,4.87,4.78,f,3,3,0,0,2.59
50032574,100%,98%,t,5,10,t,t,South Boston,42.33701,-71.04517,Entire rental unit,Entire home/apt,4,1,2,2,$262.00 ,2,28,t,14,40,68,237,97,30,0,73,29,180,47160,4.91,4.92,4.96,4.88,4.92,4.93,4.81,f,3,3,0,0,2
50042062,100%,96%,f,5084,5865,t,t,Back Bay,42.34449,-71.08237,Entire rental unit,Entire home/apt,4,2,2,2,$449.00 ,32,1125,t,0,0,0,0,1,0,0,0,0,0,0,5,5,5,5,5,5,4,t,343,343,0,0,0.03
50051655,100%,98%,t,5,10,t,t,South Boston,42.33655,-71.04533,Entire condo,Entire home/apt,8,3,4,4,"$1,465.00 ",2,27,t,11,37,65,329,75,16,0,70,16,96,140640,4.95,4.99,4.99,4.92,4.96,4.92,4.76,f,3,3,0,0,1.6
50084542,98%,99%,f,448,2201,t,t,East Boston,42.36638,-71.04007,Entire serviced apartment,Entire home/apt,3,,,,,29,1125,t,26,56,86,360,1,0,0,95,0,0,,5,5,5,5,5,5,4,t,29,29,0,0,0.02
50084994,98%,99%,f,448,2201,t,t,East Boston,42.36638,-71.04007,Entire serviced apartment,Entire home/apt,3,,,,,29,1125,t,29,59,89,363,39,34,0,98,17,255,,4.23,4.44,4.46,4.36,3.97,4.72,4.26,t,29,29,0,0,0.93
50085332,98%,99%,f,448,2201,t,t,East Boston,42.36638,-71.04007,Entire serviced apartment,Entire home/apt,3,,,,,29,1125,t,29,59,89,363,42,2,0,98,16,116,,4.38,4.62,4.71,4.57,4.24,4.79,4.19,t,29,29,0,0,0.82
50171555,100%,100%,f,39,74,t,t,Downtown,42.3555,-71.06193,Entire serviced apartment,Entire home/apt,6,2,3,4,$564.00 ,30,365,t,3,4,4,4,314,77,2,4,81,255,143820,4.78,4.78,4.89,4.86,4.92,4.85,4.56,f,39,39,0,0,6.05
50174682,100%,100%,f,59,74,t,t,Downtown,42.35141,-71.06564,Entire serviced apartment,Entire home/apt,2,1,1,1,$341.00 ,30,365,t,0,18,46,224,237,40,0,55,61,255,86955,4.73,4.82,4.82,4.89,4.95,4.67,4.56,f,59,59,0,0,4.61
50193759,100%,100%,f,59,74,t,t,North End,42.36490313,-71.05337158,Entire serviced apartment,Entire home/apt,4,2,2,2,$456.00 ,2,120,t,2,18,36,293,231,22,1,41,35,132,60192,4.56,4.57,4.58,4.81,4.87,4.95,4.47,t,59,59,0,0,4.43
50197218,100%,99%,t,1,3,t,t,East Boston,42.37533,-71.03139,Entire condo,Entire home/apt,2,1,1,1,$150.00 ,2,30,t,3,20,47,51,266,56,5,51,68,255,38250,4.95,4.94,4.97,4.94,4.84,4.74,4.86,f,1,1,0,0,5.1
50205719,98%,99%,f,448,2201,t,t,Chinatown,42.352093,-71.06081,Entire serviced apartment,Entire home/apt,3,,,,,29,1125,t,27,56,86,360,44,0,0,95,0,0,,4.25,4.34,4.55,4.68,4.25,4.66,3.91,t,29,29,0,0,1.35
50206794,98%,99%,f,448,2201,t,t,Chinatown,42.352093,-71.06081,Entire serviced apartment,Entire home/apt,3,,,,,29,1125,t,27,56,86,360,2,0,0,95,0,0,,3.5,4,4,3,3,4,3.5,t,29,29,0,0,0.05
50210809,98%,99%,f,448,2201,t,t,Chinatown,42.352093,-71.06081,Entire serviced apartment,Entire home/apt,3,,1,,,29,1125,t,26,56,86,360,8,0,0,95,0,0,,4.63,4.38,4.75,4.88,4.38,4.75,3.88,t,29,29,0,0,0.18
50264962,98%,99%,f,448,2201,t,t,Chinatown,42.352093,-71.06081,Entire serviced apartment,Entire home/apt,3,,1,,,29,1125,t,28,58,88,362,17,0,0,97,0,0,,4.18,3.82,4.47,4.41,4.24,4.35,3.94,t,29,29,0,0,0.43
50283962,98%,99%,f,448,2201,t,t,Chinatown,42.352093,-71.06081,Entire serviced apartment,Entire home/apt,5,,2,,,29,1125,t,27,57,87,361,11,0,0,96,0,0,,4.36,4.27,4.64,4.45,4.45,4.36,4.09,t,29,29,0,0,0.37
50325521,100%,100%,t,1,1,t,t,Hyde Park,42.24234,-71.14182,Entire rental unit,Entire home/apt,4,1,2,2,$245.00 ,2,1125,t,10,40,70,341,87,11,1,76,16,66,16170,4.8,4.91,4.87,4.94,4.98,4.8,4.71,f,1,1,0,0,1.68
50338863,100%,100%,f,19,19,t,t,Mission Hill,42.33422,-71.10495,Entire rental unit,Entire home/apt,2,1,0,1,$134.00 ,2,27,t,4,15,45,175,194,35,1,55,46,210,28140,4.71,4.82,4.79,4.91,4.83,4.78,4.44,f,19,19,0,0,3.79
50359377,100%,100%,f,19,19,t,t,Mission Hill,42.33207,-71.10713,Entire rental unit,Entire home/apt,2,1,0,1,$154.00 ,2,27,t,6,27,57,189,145,25,3,67,31,150,23100,4.57,4.51,4.58,4.92,4.76,4.66,4.38,f,19,19,0,0,2.82
50359591,100%,100%,f,19,19,t,t,Mission Hill,42.33248,-71.10711,Entire rental unit,Entire home/apt,2,1,0,1,$133.00 ,2,27,t,0,20,50,182,103,19,4,60,24,114,15162,4.52,4.6,4.58,4.87,4.9,4.7,4.45,f,19,19,0,0,2
50386523,100%,96%,f,5084,5865,t,t,Back Bay,42.34449,-71.08237,Entire rental unit,Entire home/apt,4,2,2,2,$461.00 ,32,1125,t,0,0,1,148,0,0,0,1,0,0,0,,,,,,,,t,343,343,0,0,
50386543,100%,96%,f,5084,5865,t,t,Back Bay,42.34449,-71.08237,Entire rental unit,Entire home/apt,4,2,2,2,$429.00 ,32,1125,t,0,0,2,277,0,0,0,11,0,0,0,,,,,,,,t,343,343,0,0,
50393798,99%,97%,t,12,14,t,t,East Boston,42.38042,-71.03111,Entire rental unit,Entire home/apt,4,,1,,,29,1125,t,0,0,0,0,101,1,0,0,23,58,,4.62,4.68,4.65,4.9,4.68,4.69,4.52,f,5,5,0,0,1.95
50397482,99%,97%,t,12,14,t,t,East Boston,42.37998,-71.03004,Entire rental unit,Entire home/apt,4,1,1,1,$150.00 ,29,1125,t,14,44,74,173,89,2,0,83,21,116,17400,4.75,4.81,4.83,4.93,4.85,4.76,4.69,f,5,5,0,0,1.73
50416070,100%,100%,f,19,19,t,t,Mission Hill,42.33208,-71.10628,Entire rental unit,Entire home/apt,2,1,0,1,$123.00 ,2,27,t,5,13,42,169,150,26,4,52,32,156,19188,4.78,4.83,4.81,4.99,4.84,4.83,4.54,f,19,19,0,0,2.91
50416639,100%,100%,f,19,19,t,t,Mission Hill,42.33194,-71.10633,Entire rental unit,Entire home/apt,2,1,0,1,$162.00 ,2,30,t,4,28,58,190,167,32,2,68,33,192,31104,4.6,4.77,4.69,4.9,4.87,4.73,4.37,f,19,19,0,0,3.24
50463949,100%,100%,t,8,10,t,t,Mission Hill,42.33172,-71.11141,Entire condo,Entire home/apt,4,1,2,2,$169.00 ,3,365,t,6,21,45,315,103,30,6,55,28,180,30420,4.97,4.95,4.93,4.99,5,4.86,4.83,t,3,3,0,0,1.99
50467770,N/A,N/A,f,2,15,t,t,Brighton,42.35204,-71.14908,Private room in home,Private room,2,,,,,29,29,t,0,0,0,0,8,0,0,0,0,0,,5,5,5,4.88,4.88,5,4.88,f,1,0,1,0,0.16
50563099,100%,96%,f,5084,5865,t,t,Bay Village,42.34992,-71.06943,Entire rental unit,Entire home/apt,2,1,1,1,$396.00 ,32,1125,t,0,23,53,256,1,0,0,62,0,0,0,5,5,5,5,5,5,3,t,343,343,0,0,0.05
50563127,100%,96%,f,5084,5865,t,t,Bay Village,42.34992,-71.06943,Entire rental unit,Entire home/apt,2,1,1,1,$410.00 ,32,1125,t,0,0,0,74,0,0,0,0,0,0,0,,,,,,,,t,343,343,0,0,
50573372,90%,63%,f,9,9,t,t,Allston,42.35705,-71.12969,Private room in home,Private room,1,2,1,1,$60.00 ,91,1125,t,0,0,22,297,2,0,0,32,0,0,0,5,5,5,5,5,5,4.5,f,9,0,9,0,0.06
50608396,100%,96%,f,5084,5865,t,t,North End,42.363026,-71.0549705,Entire rental unit,Entire home/apt,4,1,2,2,$377.00 ,32,1125,t,0,0,0,229,1,0,0,0,0,0,0,5,5,4,5,4,5,4,t,343,343,0,0,0.04
50661496,N/A,N/A,f,1,2,t,t,Fenway,42.345726,-71.105835,Entire townhouse,Entire home/apt,16,3.5,7,15,"$1,263.00 ",29,365,t,30,60,90,365,84,0,0,100,0,0,0,4.93,4.94,4.94,4.94,4.87,5,4.85,f,1,1,0,0,1.65
50677339,N/A,100%,,7,22,t,t,Allston,42.35549927,-71.1374054,Entire condo,Entire home/apt,6,1,3,0,$228.00 ,29,29,t,12,34,64,153,6,4,0,73,3,232,52896,4.83,5,4.83,4.83,4.83,4.5,4.67,t,1,1,0,0,0.42
50721021,100%,50%,t,2,3,t,t,Roxbury,42.31932786,-71.09013211,Private room in home,Private room,1,1.5,1,1,$69.00 ,29,1125,t,28,56,84,174,9,2,0,94,3,116,8004,5,5,5,5,5,4.67,4.67,f,2,0,2,0,0.23
50730611,100%,100%,f,59,74,t,t,Bay Village,42.34971,-71.06718,Entire serviced apartment,Entire home/apt,2,1,1,1,$303.00 ,1,365,t,4,23,53,232,189,29,0,62,39,174,52722,4.69,4.76,4.8,4.88,4.89,4.67,4.57,f,59,59,0,0,3.69
50731729,0%,0%,f,1,2,t,t,Mattapan,42.2718626,-71.08380195,Entire rental unit,Entire home/apt,4,1,2,2,$174.00 ,29,1125,t,30,60,89,89,106,0,0,89,0,0,0,4.77,4.82,4.79,4.79,4.9,4.65,4.74,f,1,1,0,0,2.06
50770780,100%,100%,t,5,5,t,t,Roxbury,42.32845,-71.09435,Entire rental unit,Entire home/apt,4,1,0,2,$173.00 ,3,1125,t,0,4,26,33,121,40,4,33,40,240,41520,4.88,4.93,4.93,4.95,4.83,4.64,4.79,f,5,5,0,0,2.42
50772498,100%,100%,t,4,12,t,t,Brighton,42.34518,-71.15655,Private room in home,Private room,2,2,1,,$86.00 ,29,31,t,22,52,82,262,63,18,1,92,22,255,21930,4.81,4.9,4.79,4.97,4.95,4.83,4.62,t,4,0,4,0,1.23
50870667,100%,100%,t,7,8,t,f,Fenway,42.34914,-71.09555,Private room in townhouse,Private room,2,1,1,1,$224.00 ,1,91,t,1,13,34,286,434,99,13,34,107,255,57120,4.98,4.98,4.98,4.96,4.96,4.99,4.91,f,7,0,7,0,8.52
50874201,98%,99%,f,448,2201,t,t,East Boston,42.36638,-71.04007,Entire serviced apartment,Entire home/apt,3,,,,,29,1125,t,26,56,86,360,15,6,0,95,3,255,,4.07,3.93,4.47,4.07,3.73,4.93,3.8,t,29,29,0,0,0.32
50879406,100%,100%,t,1,1,t,t,Downtown,42.35742,-71.06119,Entire rental unit,Entire home/apt,2,1,0,1,$140.00 ,29,365,t,0,0,23,298,19,5,1,32,3,255,35700,4.95,4.89,4.84,4.95,5,5,4.58,t,1,1,0,0,0.39
50898388,100%,100%,t,7,8,t,f,Fenway,42.34909,-71.0969,Private room in townhouse,Private room,2,1,1,1,$224.00 ,1,91,t,4,11,32,288,469,97,12,32,139,255,57120,4.96,4.97,4.98,4.97,4.97,4.99,4.91,f,7,0,7,0,9.2
50898544,100%,100%,t,7,8,t,f,Fenway,42.34873,-71.0958,Private room in townhouse,Private room,2,1,1,2,$254.00 ,1,91,t,1,21,42,293,444,102,13,42,119,255,64770,4.96,4.97,4.98,4.97,4.97,4.98,4.88,f,7,0,7,0,8.74
50898660,100%,100%,t,7,8,t,f,Fenway,42.34906,-71.09716,Private room in townhouse,Private room,1,1,1,1,$173.00 ,1,91,t,3,13,27,283,429,82,11,27,97,255,44115,4.95,4.96,4.97,4.98,4.96,4.96,4.86,f,7,0,7,0,8.44
50919398,100%,100%,f,2,3,t,t,Dorchester,42.2796,-71.06876,Entire condo,Entire home/apt,4,,2,,,2,60,t,0,0,0,0,49,3,0,0,1,18,,4.82,4.82,4.96,4.96,4.92,4.47,4.8,f,1,1,0,0,1.02
50996124,100%,100%,f,10,29,t,t,Allston,42.35075,-71.13473,Private room in rental unit,Private room,2,2,1,1,$70.00 ,29,1125,t,28,58,88,267,37,0,0,97,0,0,0,4.41,4.7,4.3,4.84,4.65,4.95,4.59,t,4,0,4,0,0.73
51035250,100%,100%,f,19,19,t,t,Mission Hill,42.33411,-71.10557,Entire rental unit,Entire home/apt,2,1,1,1,$159.00 ,2,60,t,8,28,58,170,180,26,2,68,41,156,24804,4.64,4.71,4.82,4.95,4.89,4.66,4.48,f,19,19,0,0,3.56
51072005,N/A,N/A,f,1,2,t,t,East Boston,42.391317,-71.007146,Entire place,Entire home/apt,4,1,1,2,$150.00 ,1,30,t,9,35,57,174,253,30,2,57,51,180,27000,4.78,4.82,4.79,4.93,4.91,4.75,4.62,f,1,1,0,0,5.15
51143502,100%,97%,t,1,1,t,t,Dorchester,42.28914,-71.07021,Entire guest suite,Entire home/apt,4,1,1,2,$145.00 ,2,365,t,1,1,21,260,73,15,0,25,22,90,13050,4.97,5,4.96,4.97,5,4.77,4.85,f,1,1,0,0,1.62
51143720,100%,100%,t,130,133,t,t,Beacon Hill,42.3597,-71.06796,Entire rental unit,Entire home/apt,2,1,2,2,$310.00 ,1,365,t,19,47,77,145,97,48,5,86,29,255,79050,4.8,4.82,4.72,4.93,4.94,4.97,4.6,f,36,36,0,0,2
51154191,0%,88%,f,1,1,t,t,North End,42.36781,-71.05559,Entire condo,Entire home/apt,2,,,,,1,12,t,0,0,0,60,337,45,0,0,84,255,,4.74,4.82,4.74,4.86,4.81,4.95,4.61,f,1,1,0,0,6.64
51176342,100%,100%,t,7,8,t,f,Fenway,42.35051,-71.09503,Private room in townhouse,Private room,2,1,1,1,$217.00 ,1,91,t,6,24,45,301,336,70,7,45,88,255,55335,4.94,4.96,4.97,4.98,4.99,4.99,4.9,t,7,0,7,0,6.64
51218046,100%,100%,f,4,4,t,t,Mattapan,42.2736,-71.07051,Entire condo,Entire home/apt,5,1,3,3,$360.00 ,2,1125,t,12,42,72,347,44,14,0,82,12,84,30240,4.77,4.89,4.89,4.93,4.89,4.64,4.59,f,3,3,0,0,1.14
51229537,100%,100%,t,4,7,t,t,Brighton,42.34446,-71.1492,Entire home,Entire home/apt,7,2,4,4,$161.00 ,4,60,t,1,29,53,63,204,34,5,63,55,255,41055,4.86,4.87,4.8,4.98,4.95,4.91,4.81,t,1,1,0,0,4.04
51234805,100%,100%,t,7,8,t,f,Fenway,42.35087,-71.09642,Private room in townhouse,Private room,1,1,1,1,$169.00 ,1,91,t,7,24,40,296,356,71,11,40,96,255,43095,4.93,4.93,4.96,4.96,4.94,4.96,4.83,t,7,0,7,0,7.07
51274775,100%,96%,f,5084,5865,t,t,Brighton,42.3477738,-71.1460998,Entire rental unit,Entire home/apt,2,1,1,1,$262.00 ,32,1125,t,0,0,0,266,0,0,0,1,0,0,0,,,,,,,,t,343,343,0,0,
51274818,100%,96%,f,5084,5865,t,t,Brighton,42.3477738,-71.1460998,Entire rental unit,Entire home/apt,2,1,0,1,$230.00 ,32,1125,t,30,60,90,365,2,0,0,100,0,0,0,4.5,4,5,4,4.5,5,4.5,t,343,343,0,0,0.04
51279436,100%,93%,t,1,1,t,t,Roslindale,42.29125,-71.11996,Private room in home,Private room,2,1,1,1,$120.00 ,1,5,t,1,3,24,24,164,32,2,24,46,192,23040,4.98,4.94,4.99,4.96,4.96,4.77,4.93,f,1,0,1,0,3.32
51279945,100%,100%,t,1,2,t,t,South End,42.34132004,-71.08044434,Entire condo,Entire home/apt,6,2.5,2,3,$576.00 ,2,1125,t,17,47,77,192,207,50,4,86,79,255,146880,4.93,4.94,4.85,4.9,4.95,4.97,4.83,f,1,1,0,0,5.93
51284572,100%,100%,f,40,74,t,t,Downtown,42.35395,-71.05996,Entire serviced apartment,Entire home/apt,2,1,0,1,$218.00 ,1,180,t,2,12,12,127,180,21,3,12,30,126,27468,4.6,4.68,4.63,4.68,4.83,4.69,4.51,f,40,40,0,0,3.57
51300156,100%,96%,f,5084,5865,t,t,Back Bay,42.3505139,-71.089844,Entire rental unit,Entire home/apt,2,,1,,,32,1125,t,0,0,0,2,1,0,0,0,0,0,,3,5,5,5,4,4,2,t,343,343,0,0,0.03
51320323,100%,100%,t,32,32,t,t,South End,42.34265,-71.08161,Entire rental unit,Entire home/apt,3,1,0,2,$200.00 ,2,365,t,2,24,54,301,251,50,2,63,47,255,51000,4.93,4.92,4.91,4.97,4.98,4.98,4.75,f,30,28,2,0,5.08
51324293,100%,100%,t,32,32,t,t,South End,42.34284,-71.08127,Entire rental unit,Entire home/apt,3,1,0,2,$195.00 ,2,365,t,0,20,50,302,211,42,0,59,54,252,49140,4.89,4.9,4.92,4.96,4.98,4.97,4.79,f,30,28,2,0,4.28
51324936,100%,100%,t,32,32,t,t,Allston,42.35305,-71.13796,Entire rental unit,Entire home/apt,2,1,0,1,$164.00 ,2,365,t,3,24,54,307,204,40,1,64,45,240,39360,4.86,4.89,4.91,4.96,4.99,4.7,4.68,f,30,28,2,0,4.14
51329008,100%,100%,t,32,32,t,t,Allston,42.35493,-71.13795,Entire rental unit,Entire home/apt,2,1,0,1,$153.00 ,2,365,t,9,28,58,311,181,26,0,68,36,156,23868,4.87,4.87,4.94,4.98,4.98,4.72,4.66,f,30,28,2,0,3.69
51329497,100%,100%,t,32,32,t,t,Allston,42.35297,-71.13949,Entire rental unit,Entire home/apt,2,2,1,1,$153.00 ,2,365,t,8,30,60,313,182,45,4,70,29,255,39015,4.82,4.86,4.82,4.92,4.92,4.76,4.7,f,30,28,2,0,3.72
51346781,100%,100%,f,18,163,t,t,South End,42.34064,-71.08015,Entire rental unit,Entire home/apt,2,1,0,1,$391.00 ,1,14,t,30,60,90,362,42,0,0,99,0,0,0,4.64,4.69,4.76,4.74,4.74,4.83,4.57,t,18,18,0,0,0.83
51347076,100%,100%,f,18,163,t,t,South End,42.34093,-71.07899,Entire rental unit,Entire home/apt,2,1,1,1,$200.00 ,1,14,t,19,41,62,322,33,1,0,71,0,6,1200,4.55,4.64,4.88,4.42,4.55,4.88,4.39,t,18,18,0,0,0.66
51375228,100%,98%,f,27,30,t,t,Dorchester,42.30393,-71.07488,Entire rental unit,Entire home/apt,3,1,3,1,$145.00 ,30,365,t,25,46,76,351,0,0,0,85,0,0,0,,,,,,,,f,27,5,22,0,
51402086,100%,100%,t,2,8,t,t,Brighton,42.35929,-71.14198,Private room in rental unit,Private room,1,1,1,1,$56.00 ,91,270,t,0,0,0,258,6,1,0,0,1,182,10192,4.5,4.33,4,4.83,5,4.33,4,t,2,0,2,0,0.13
51417227,100%,100%,t,32,32,t,t,Allston,42.35281,-71.13735,Entire rental unit,Entire home/apt,4,1,1,1,$116.00 ,2,365,t,5,23,51,304,213,43,1,61,39,255,29580,4.86,4.93,4.92,4.96,4.95,4.73,4.76,f,30,28,2,0,4.35
51427362,99%,100%,f,17,18,t,t,South End,42.3473,-71.06916,Entire rental unit,Entire home/apt,2,1,1,1,$198.00 ,3,300,t,5,26,56,265,72,15,0,65,24,90,17820,4.44,4.6,4.6,4.83,4.81,4.83,4.36,t,17,8,8,1,1.47
51536008,100%,99%,t,3,3,t,t,Dorchester,42.31609,-71.06669,Private room in home,Private room,2,1.5,1,1,$109.00 ,1,1125,t,11,32,61,151,180,42,4,71,37,252,27468,4.93,4.96,4.97,4.95,4.97,4.71,4.82,f,3,0,3,0,3.59
51555199,100%,100%,t,130,133,t,t,South End,42.34268,-71.07616,Entire rental unit,Entire home/apt,2,1,0,1,$170.00 ,1,1125,t,4,24,50,118,243,64,8,59,62,255,43350,4.84,4.86,4.81,4.97,4.95,4.95,4.66,t,36,36,0,0,4.9
51562101,100%,100%,t,2,8,t,t,Brighton,42.36095,-71.1414,Private room in rental unit,Private room,1,,,,,91,270,t,0,0,0,123,10,3,0,0,3,255,,5,4.9,4.6,5,5,5,4.4,f,2,0,2,0,0.22
51572681,100%,96%,f,5084,5865,t,t,Brighton,42.3477738,-71.1460998,Entire rental unit,Entire home/apt,2,1,1,1,$379.00 ,32,1125,t,19,49,54,55,2,0,0,54,1,0,0,5,5,4.5,5,5,5,4.5,t,343,343,0,0,0.04
51572775,100%,96%,f,5084,5865,t,t,Roxbury,42.3399944,-71.0814304,Entire rental unit,Entire home/apt,2,1,0,1,$214.00 ,32,1125,t,0,0,12,287,0,0,0,21,0,0,0,,,,,,,,t,343,343,0,0,
51572791,100%,96%,f,5084,5865,t,t,Brighton,42.3477738,-71.1460998,Entire rental unit,Entire home/apt,2,,1,,,32,1125,t,1,2,2,3,0,0,0,2,0,0,,,,,,,,,t,343,343,0,0,
51573185,100%,96%,f,5084,5865,t,t,Roxbury,42.33999,-71.08143,Entire rental unit,Entire home/apt,2,1,0,1,$233.00 ,32,1125,t,0,0,0,161,0,0,0,0,0,0,0,,,,,,,,t,343,343,0,0,
51595864,100%,100%,f,8,10,t,t,Downtown,42.35505674,-71.062212,Entire rental unit,Entire home/apt,2,1,1,0,$185.00 ,3,180,t,11,33,63,272,116,28,1,72,34,168,31080,4.34,4.44,4.36,4.67,4.72,4.91,4.25,t,8,5,3,0,2.53
51621253,98%,100%,f,117,1204,t,t,Chinatown,42.352093,-71.060806,Entire serviced apartment,Entire home/apt,5,,2,,,29,1125,t,10,34,64,338,14,0,0,73,0,0,,4.71,4.79,4.71,4.43,4.71,4.79,4.57,t,3,3,0,0,0.29
51626666,95%,91%,f,117,207,t,t,Brighton,42.33963,-71.15732,Entire rental unit,Entire home/apt,4,1,1,2,$167.00 ,29,1125,t,0,20,50,325,4,0,0,60,0,0,0,5,4.75,5,5,5,4.75,4.75,f,33,33,0,0,0.08
51644354,90%,63%,f,9,9,t,t,Allston,42.35887,-71.12972,Private room in home,Private room,1,2,1,1,$54.00 ,91,1125,t,3,9,11,276,3,0,0,11,0,0,0,5,5,5,5,5,5,5,f,9,0,9,0,0.08
51709928,89%,99%,f,54,112,t,f,Roxbury,42.3284,-71.08941,Private room in rental unit,Private room,2,1.5,1,1,$60.00 ,29,1125,t,18,42,47,47,26,7,0,47,6,255,15300,4.31,4.38,4.31,4.31,4.38,4.08,4,t,31,8,23,0,0.56
51711675,100%,100%,t,130,133,t,t,Beacon Hill,42.35871,-71.06831,Entire rental unit,Entire home/apt,2,1,0,1,$199.00 ,28,1125,t,2,25,46,109,75,30,1,50,25,255,50745,4.77,4.8,4.63,4.73,4.92,4.97,4.59,f,36,36,0,0,1.59
51721946,100%,96%,f,5084,5865,t,t,Brighton,42.3477738,-71.1460998,Entire rental unit,Entire home/apt,2,,1,,,32,1125,t,0,0,2,2,1,0,0,2,0,0,,5,5,5,5,5,5,5,t,343,343,0,0,0.03
51722040,100%,96%,f,5084,5865,t,t,Brighton,42.3477738,-71.1460998,Entire rental unit,Entire home/apt,2,,1,,,32,1125,t,0,0,0,2,2,0,0,0,1,0,,5,5,5,5,5,5,4.5,t,343,343,0,0,0.06
51731513,100%,69%,f,13,20,t,t,Dorchester,42.32251,-71.05736,Private room in rental unit,Private room,2,1,1,1,$47.00 ,29,365,t,30,60,90,364,147,10,0,99,39,255,11985,4.83,4.88,4.69,4.84,4.97,4.61,4.69,f,13,0,13,0,2.98
51747209,100%,100%,f,59,74,t,t,Downtown,42.35827,-71.05517,Entire serviced apartment,Entire home/apt,2,1,1,1,$263.00 ,1,120,t,4,28,53,294,238,45,1,63,64,255,67065,4.68,4.62,4.64,4.89,4.87,4.92,4.53,t,59,59,0,0,4.88
51804426,100%,69%,f,13,20,t,t,Dorchester,42.32272,-71.0554,Private room in rental unit,Private room,1,1,1,1,$55.00 ,29,365,t,23,53,83,358,126,12,0,93,35,255,14025,4.9,4.95,4.8,4.9,4.98,4.67,4.77,f,13,0,13,0,2.57
51812329,100%,96%,f,5084,5865,t,t,Back Bay,42.348633,-71.074088,Entire rental unit,Entire home/apt,2,1,0,1,$333.00 ,32,1125,t,0,0,0,0,0,0,0,0,0,0,0,,,,,,,,t,343,343,0,0,
51824163,100%,93%,,280,445,t,t,Beacon Hill,42.36033,-71.06717,Entire rental unit,Entire home/apt,4,2,2,2,$140.00 ,29,365,t,0,20,50,210,3,2,0,59,0,116,16240,5,4.33,4.33,5,4.67,4.67,4.33,f,115,52,63,0,0.12
51838132,100%,96%,f,5084,5865,t,t,Roxbury,42.3399944,-71.0814304,Entire rental unit,Entire home/apt,2,,,,,32,1125,t,0,0,0,275,1,1,0,9,0,64,,2,5,5,4,1,4,1,t,343,343,0,0,0.57
51872976,100%,96%,f,5084,5865,t,t,Back Bay,42.348633,-71.074088,Entire rental unit,Entire home/apt,2,1,0,1,$324.00 ,32,1125,t,0,8,38,313,1,0,0,47,1,0,0,5,5,5,4,5,5,5,t,343,343,0,0,0.06
51944717,100%,100%,,2,3,t,t,Dorchester,42.29832,-71.06427,Entire rental unit,Entire home/apt,8,1,4,6,$415.00 ,1,11,t,18,45,74,74,105,17,2,74,20,102,42330,4.79,4.85,4.83,4.9,4.88,4.48,4.69,f,1,1,0,0,2.16
52046024,100%,96%,f,5084,5865,t,t,South End,42.3418091,-71.0700156,Entire rental unit,Entire home/apt,4,1,2,2,$305.00 ,32,1125,t,0,0,0,275,0,0,0,9,0,0,0,,,,,,,,t,343,343,0,0,
52060181,90%,96%,t,3,12,t,t,Allston,42.36355,-71.13151,Entire rental unit,Entire home/apt,4,1,1,3,$201.00 ,29,365,t,0,0,0,93,112,0,0,3,18,0,0,4.73,4.79,4.78,4.9,4.91,4.74,4.57,f,1,1,0,0,2.29
52065756,100%,98%,t,1,2,t,t,South Boston,42.34057,-71.05512,Entire condo,Entire home/apt,7,1,2,3,$327.00 ,2,365,t,11,36,66,230,145,22,2,76,46,132,43164,4.85,4.84,4.89,4.97,4.99,4.81,4.72,t,1,1,0,0,2.95
52069412,93%,93%,f,12,32,t,f,Roslindale,42.2798,-71.1185,Entire condo,Entire home/apt,6,1,3,3,$251.00 ,29,1125,t,30,60,89,89,38,0,0,89,0,0,0,4.79,4.68,4.58,4.95,4.95,4.47,4.61,f,12,12,0,0,0.92
52085163,100%,95%,f,3,4,t,t,Downtown,42.3553,-71.06309,Entire rental unit,Entire home/apt,2,1,1,1,$211.00 ,3,180,t,1,10,33,238,127,15,1,42,48,90,18990,4.09,4.28,4.36,4.74,4.76,4.76,4.05,f,3,3,0,0,2.58
52093011,100%,94%,f,1,1,t,t,Jamaica Plain,42.31966,-71.10592,Entire guest suite,Entire home/apt,2,1,1,1,$115.00 ,2,6,t,1,7,29,29,128,52,3,29,46,255,29325,4.91,4.94,4.98,4.91,5,4.9,4.83,f,1,1,0,0,3.3
52112631,N/A,100%,f,2,2,t,t,Allston,42.35041,-71.13014,Entire condo,Entire home/apt,6,1,3,4,$585.00 ,29,30,t,23,53,83,344,19,0,0,92,0,0,0,4.68,4.58,4.95,4.84,4.79,4.74,4.58,f,1,1,0,0,0.39
52113003,100%,99%,,2,2,t,t,Downtown,42.35437,-71.06206,Entire loft,Entire home/apt,4,1,1,2,$332.00 ,2,30,t,5,13,34,179,245,77,3,39,62,255,84660,4.99,4.98,5,4.98,5,4.9,4.84,f,1,1,0,0,5
52124041,100%,96%,f,5084,5865,t,t,Dorchester,42.2719604,-71.0677086,Entire rental unit,Entire home/apt,2,,1,,,32,1125,t,0,15,45,320,1,0,0,54,1,0,,5,5,5,5,5,5,5,t,343,343,0,0,0.07
52161120,96%,100%,f,6,9,t,f,Dorchester,42.31452,-71.05971,Entire condo,Entire home/apt,6,1,3,3,$211.00 ,1,12,t,8,31,61,231,169,37,3,70,40,222,46842,4.85,4.88,4.79,4.92,4.93,4.64,4.74,f,1,1,0,0,3.97
52181213,100%,99%,t,1,1,t,f,Charlestown,42.37761,-71.06649,Entire home,Entire home/apt,5,1.5,2,3,$251.00 ,2,27,t,3,7,24,188,66,40,5,24,35,240,60240,4.97,4.95,4.8,4.98,4.98,4.92,4.86,t,1,1,0,0,3.63
52234647,100%,100%,f,7,9,t,f,Fenway,42.34689,-71.1033,Entire rental unit,Entire home/apt,2,1,1,1,$194.00 ,1,1125,t,16,46,76,117,178,42,2,86,53,252,48888,4.69,4.75,4.71,4.9,4.91,4.9,4.56,f,7,7,0,0,3.66
52253773,100%,93%,,280,445,t,t,Beacon Hill,42.359,-71.06649,Entire rental unit,Entire home/apt,4,1,4,4,$158.00 ,29,365,t,0,0,1,180,9,3,0,10,4,174,27492,5,4.89,4.56,4.89,4.89,5,4.78,f,115,52,63,0,0.19
52285741,100%,99%,t,1,1,t,t,Roxbury,42.3226,-71.09566,Entire rental unit,Entire home/apt,6,1,3,3,$198.00 ,2,27,t,9,24,52,294,179,48,2,56,40,255,50490,4.78,4.82,4.67,4.92,4.84,4.51,4.7,t,1,1,0,0,3.82
52312207,100%,96%,f,5084,5865,t,t,Roxbury,42.3399944,-71.0814304,Entire rental unit,Entire home/apt,2,1,0,1,$212.00 ,32,1125,t,0,0,3,278,0,0,0,12,0,0,0,,,,,,,,t,343,343,0,0,
52367950,87%,99%,f,6,6,t,t,Back Bay,42.34804,-71.07758,Room in boutique hotel,Private room,2,1,1,1,$469.00 ,1,21,t,28,58,88,278,51,14,1,97,13,84,39396,4.75,4.71,4.73,4.65,4.55,4.92,4.57,t,6,0,6,0,1.28
52376819,100%,96%,f,5084,5865,t,t,South Boston,42.3356856,-71.0428472,Entire rental unit,Entire home/apt,2,1,1,1,$214.00 ,32,1125,t,0,0,0,227,1,0,0,0,0,0,0,5,5,5,5,5,5,5,t,343,343,0,0,0.03
52384026,87%,99%,f,6,6,t,t,Back Bay,42.34782,-71.07748,Room in boutique hotel,Private room,2,1,1,1,$479.00 ,1,21,t,28,58,88,278,0,0,0,97,0,0,0,,,,,,,,t,6,0,6,0,
52389631,100%,100%,t,2,3,t,t,Dorchester,42.31432105,-71.05916189,Entire rental unit,Entire home/apt,4,1,1,1,$130.00 ,1,89,t,2,9,30,274,141,55,4,33,52,255,33150,4.92,4.94,4.98,4.92,4.98,4.79,4.79,t,2,2,0,0,4.66
52421831,100%,100%,t,2,2,t,t,Dorchester,42.28766,-71.08116,Entire rental unit,Entire home/apt,4,1,2,2,$190.00 ,2,365,t,15,36,66,76,80,11,1,76,6,66,12540,4.84,4.78,4.93,4.86,4.95,4.46,4.78,t,2,2,0,0,1.65
52421929,87%,99%,f,6,6,t,t,Back Bay,42.34898,-71.07794,Room in boutique hotel,Private room,2,1,1,1,$456.00 ,1,21,t,25,52,82,272,17,7,0,91,7,42,19152,4.71,4.82,4.82,4.88,4.94,4.88,4.59,t,6,0,6,0,0.53
52422200,87%,99%,f,6,6,t,t,Back Bay,42.34951,-71.07754,Room in boutique hotel,Private room,4,1,1,2,$502.00 ,1,21,t,23,53,83,271,25,5,2,92,0,30,15060,4.8,4.8,4.88,4.64,4.44,4.96,4.6,t,6,0,6,0,0.6
52422480,87%,99%,f,6,6,t,t,Back Bay,42.34748,-71.07794,Room in boutique hotel,Private room,2,,1,,,1,21,t,30,60,90,280,1,0,0,99,0,0,,1,2,3,1,1,3,1,t,6,0,6,0,0.03
52422690,87%,99%,f,6,6,t,t,Back Bay,42.34724,-71.07954,Room in boutique hotel,Private room,2,1,1,1,$486.00 ,1,21,t,28,58,88,278,3,0,0,97,1,0,0,4.67,5,4.67,5,5,5,4.67,t,6,0,6,0,0.09
52468803,100%,84%,t,1,1,t,f,South End,42.34417,-71.07051,Entire condo,Entire home/apt,2,1,1,1,$275.00 ,3,60,t,1,17,28,52,100,17,3,29,26,102,28050,4.99,4.97,4.93,4.94,4.99,4.99,4.84,f,1,1,0,0,2.2
52516299,100%,69%,f,13,20,t,t,Dorchester,42.32244,-71.05711,Private room in rental unit,Private room,2,1,1,2,$66.00 ,29,365,t,0,0,1,276,146,8,0,11,39,255,16830,4.82,4.82,4.72,4.91,4.95,4.7,4.69,f,13,0,13,0,3.02
52537112,N/A,N/A,f,1,2,t,f,Roxbury,42.31319611,-71.08703601,Entire home,Entire home/apt,7,,2,,,29,30,,0,0,0,0,28,0,0,0,0,0,,4.68,4.79,4.79,4.93,4.86,4.71,4.57,f,1,1,0,0,0.9
52605162,89%,99%,f,54,112,t,f,Roxbury,42.32781,-71.08983,Private room in rental unit,Private room,2,,,,,29,1125,t,0,0,5,5,31,8,1,5,3,255,,4.65,4.74,4.65,4.65,4.55,4.45,4.65,t,31,8,23,0,0.64
52615785,100%,100%,f,59,74,t,t,Downtown,42.35567,-71.06129,Entire rental unit,Entire home/apt,8,2,4,4,$613.00 ,3,180,t,15,42,72,232,201,39,1,81,48,234,143442,4.67,4.75,4.79,4.85,4.94,4.91,4.56,f,59,59,0,0,4.19
52615817,100%,100%,f,59,74,t,t,Downtown,42.35395,-71.06111,Entire rental unit,Entire home/apt,8,2,4,4,$736.00 ,3,180,t,5,23,50,223,251,70,4,54,60,255,187680,4.79,4.82,4.84,4.86,4.93,4.91,4.6,f,59,59,0,0,5.2
52630071,100%,96%,f,5084,5865,t,t,Dorchester,42.2719604,-71.0677086,Entire rental unit,Entire home/apt,2,1,1,1,$268.00 ,32,1125,t,21,51,81,356,0,0,0,90,0,0,0,,,,,,,,t,343,343,0,0,
52635273,100%,99%,t,2,2,t,f,East Boston,42.37737274,-71.03465271,Entire rental unit,Entire home/apt,6,1,2,5,$269.00 ,1,1125,t,3,13,28,268,126,68,6,31,54,255,68595,4.9,4.9,4.98,4.94,4.98,4.75,4.8,f,2,2,0,0,5.18
52637370,100%,100%,t,1,1,t,t,North End,42.36841,-71.05425,Entire rental unit,Entire home/apt,2,1,1,1,$350.00 ,4,14,t,0,15,40,283,56,29,3,50,19,232,81200,5,5,5,5,5,5,4.89,f,1,1,0,0,1.29
52672205,100%,100%,t,1,1,t,t,Dorchester,42.31312982,-71.06575318,Entire rental unit,Entire home/apt,5,1.5,2,4,$238.00 ,3,25,t,3,19,49,320,186,26,2,59,36,156,37128,4.9,4.9,4.99,4.96,4.96,4.48,4.83,t,1,1,0,0,3.94
52680602,100%,96%,f,5084,5865,t,t,Brighton,42.3477738,-71.1460998,Entire rental unit,Entire home/apt,2,1,1,1,$289.00 ,32,1125,t,0,1,31,306,1,0,0,41,0,0,0,5,5,4,5,5,5,3,t,343,343,0,0,0.04
52680751,100%,96%,f,5084,5865,t,t,North End,42.3646556,-71.0553714,Entire rental unit,Entire home/apt,4,1,2,2,$268.00 ,32,1125,t,0,0,0,136,1,0,0,0,1,0,0,5,5,5,5,3,5,4,t,343,343,0,0,0.08
52681618,100%,96%,f,5084,5865,t,t,North End,42.36466,-71.05537,Entire rental unit,Entire home/apt,4,1,2,2,$264.00 ,32,1125,t,0,0,0,115,0,0,0,0,0,0,0,,,,,,,,t,343,343,0,0,
52682307,100%,96%,f,5084,5865,t,t,North End,42.3646556,-71.0553714,Entire rental unit,Entire home/apt,4,1,2,2,$269.00 ,32,1125,t,0,0,0,216,4,2,0,0,1,128,34432,4,4.5,4.75,4.75,3.5,4,3.5,t,343,343,0,0,0.09
52740721,100%,100%,t,4,4,t,t,Roxbury,42.32613,-71.0868,Entire condo,Entire home/apt,3,,1,,,29,1125,t,0,0,0,0,26,0,0,0,1,0,,4.77,4.88,4.81,4.81,4.96,4.46,4.77,f,3,2,1,0,0.54
52747167,100%,96%,f,5084,5865,t,t,South Boston,42.33569,-71.04285,Entire rental unit,Entire home/apt,2,,1,,,32,1125,t,0,0,0,24,0,0,0,0,0,0,,,,,,,,,t,343,343,0,0,
52813403,100%,100%,t,2,2,t,t,Bay Village,42.34813,-71.06964,Entire condo,Entire home/apt,4,1,1,2,$256.00 ,1,1125,t,1,11,39,208,239,52,4,45,5,255,65280,4.91,4.93,4.89,4.98,4.99,4.96,4.79,t,1,1,0,0,5.01
52835378,100%,100%,f,19,19,t,t,Mission Hill,42.33252,-71.10491,Entire rental unit,Entire home/apt,2,1,0,1,$143.00 ,2,60,t,3,17,42,173,123,21,1,51,40,126,18018,4.67,4.69,4.69,4.96,4.87,4.72,4.42,f,19,19,0,0,2.78
52835695,100%,100%,f,19,19,t,t,Mission Hill,42.33405,-71.10546,Entire rental unit,Entire home/apt,2,1,0,1,$138.00 ,2,60,t,5,12,36,153,128,38,1,36,33,228,31464,4.73,4.77,4.82,4.9,4.83,4.73,4.57,f,19,19,0,0,2.89
52835965,100%,100%,f,19,19,t,t,Mission Hill,42.3338,-71.10709,Entire rental unit,Entire home/apt,1,1,0,1,$116.00 ,2,60,t,7,30,60,192,120,19,0,70,29,114,13224,4.67,4.76,4.87,4.97,4.77,4.64,4.45,f,19,19,0,0,2.63
52845327,100%,100%,t,2,3,t,t,Dorchester,42.31856282,-71.05874534,Entire condo,Entire home/apt,6,1,3,3,$337.00 ,28,180,t,0,0,0,99,32,8,0,9,16,255,85935,5,4.97,5,5,4.97,4.75,4.94,t,1,1,0,0,1.03
52883886,100%,100%,t,1,1,t,t,Downtown,42.35819626,-71.06234741,Entire condo,Entire home/apt,4,2,2,2,$350.00 ,29,120,t,0,0,7,282,12,2,0,16,3,116,40600,5,5,5,5,5,5,4.75,f,1,1,0,0,0.26
52891675,100%,96%,f,5084,5865,t,t,South Boston Waterfront,42.348761,-71.048577,Entire rental unit,Entire home/apt,2,1,1,1,$330.00 ,32,1125,t,0,0,17,292,1,0,0,27,1,0,0,5,5,4,5,5,5,4,t,343,343,0,0,0.08
52895996,100%,100%,f,39,74,t,t,Downtown,42.35530608,-71.06086876,Entire rental unit,Entire home/apt,8,2,4,4,$831.00 ,1,1125,t,7,8,8,8,128,52,2,8,62,255,211905,4.68,4.73,4.89,4.73,4.91,4.77,4.58,t,39,39,0,0,4.29
52904633,89%,99%,f,54,112,t,f,Brighton,42.36109,-71.14516,Private room in rental unit,Private room,2,,1,,,29,1125,t,4,24,52,306,39,2,0,61,7,116,,4.67,4.77,4.72,4.46,4.59,4.56,4.56,t,31,8,23,0,0.85
52928607,100%,96%,f,5084,5865,t,t,South End,42.33856,-71.06907,Entire rental unit,Entire home/apt,2,1,1,1,$330.00 ,32,1125,t,0,0,23,298,0,0,0,32,0,0,0,,,,,,,,t,343,343,0,0,
53010917,92%,77%,t,1,3,t,t,Dorchester,42.31656,-71.05445,Private room in rental unit,Private room,2,1,1,1,$84.00 ,2,14,t,20,47,77,352,74,9,0,87,2,54,4536,4.82,4.93,4.89,4.88,4.89,4.59,4.66,f,1,0,1,0,1.73
53026499,100%,98%,f,21,122,t,t,Back Bay,42.35087,-71.08365,Room in boutique hotel,Private room,2,1,0,1,$411.00 ,1,1125,t,28,57,87,308,235,91,1,96,108,255,104805,4.66,4.64,4.78,4.78,4.68,4.97,4.52,t,16,10,6,0,4.96
53026691,100%,98%,f,21,122,t,t,Back Bay,42.34994,-71.08552,Room in boutique hotel,Private room,2,1,0,1,$502.00 ,1,1125,t,13,26,48,257,13,4,0,52,4,24,12048,4.46,4.38,4.92,4.38,4.54,4.69,4.31,t,16,10,6,0,0.3
53027109,100%,98%,f,21,122,t,t,Back Bay,42.34999,-71.08554,Room in boutique hotel,Private room,2,1,0,1,$416.00 ,1,1125,t,23,49,78,291,21,8,0,87,15,48,19968,4.43,4.71,4.62,4.67,4.62,4.95,4.24,t,16,10,6,0,0.56
53027280,100%,98%,f,21,122,t,t,Back Bay,42.35,-71.08573,Room in boutique hotel,Private room,4,1,1,2,$542.00 ,1,1125,t,15,36,63,280,98,49,3,72,35,255,138210,4.73,4.82,4.83,4.8,4.73,4.97,4.6,t,16,10,6,0,2.08
53027387,100%,98%,f,21,122,t,t,Back Bay,42.34947,-71.08357,Room in boutique hotel,Private room,2,1,0,1,$403.00 ,1,1125,t,20,50,80,301,12,4,1,89,3,24,9672,4.25,4.25,4.5,4.17,4.25,4.75,4.08,t,16,10,6,0,0.28
53030044,100%,98%,f,21,122,t,t,Back Bay,42.34935,-71.08364,Room in boutique hotel,Private room,2,1,0,1,$224.00 ,1,1125,t,22,39,60,275,21,11,0,66,6,66,14784,4.81,4.86,4.81,4.52,4.62,4.95,4.62,t,16,10,6,0,0.46
53056956,100%,96%,f,5084,5865,t,t,South End,42.33764,-71.07248,Entire rental unit,Entire home/apt,2,1,1,1,$297.00 ,32,1125,t,0,0,0,208,0,0,0,0,0,0,0,,,,,,,,t,343,343,0,0,
53062424,N/A,N/A,f,1,1,t,t,South End,42.3469,-71.07439,Entire condo,Entire home/apt,5,,3,,,29,29,t,0,0,0,0,37,0,0,0,0,0,,4.76,4.73,4.76,4.81,4.86,4.95,4.57,f,1,1,0,0,0.88
53079400,N/A,N/A,f,1,2,t,f,East Boston,42.38,-71.03206,Entire rental unit,Entire home/apt,4,,2,,,365,365,t,0,0,0,0,67,0,0,0,0,0,,4.97,4.99,5,4.97,5,4.61,4.88,f,1,1,0,0,1.57
53090937,100%,100%,t,1,1,t,t,Charlestown,42.375179,-71.048897,Boat,Entire home/apt,5,2,2,3,$312.00 ,4,729,t,17,47,77,192,139,25,2,87,34,200,62400,4.95,4.94,4.91,4.95,4.98,4.95,4.88,t,1,1,0,0,2.94
53102896,100%,96%,f,5084,5865,t,t,West End,42.36497,-71.06887,Entire rental unit,Entire home/apt,2,1,1,1,$335.00 ,32,1125,t,12,42,72,347,1,1,0,81,0,64,21440,1,3,2,3,3,2,1,t,343,343,0,0,0.25
53102957,100%,96%,f,5084,5865,t,t,West End,42.36497,-71.06887,Entire rental unit,Entire home/apt,2,1,1,1,$304.00 ,32,1125,t,0,11,41,316,1,0,0,51,0,0,0,4,5,5,2,3,5,3,t,343,343,0,0,0.02
53115783,100%,100%,t,22,75,t,f,South Boston,42.33488,-71.04432,Entire rental unit,Entire home/apt,5,1,2,2,$196.00 ,29,366,t,0,19,49,118,38,1,1,59,0,58,11368,4.92,4.82,4.87,4.92,4.95,4.84,4.61,t,18,18,0,0,0.81
53115918,100%,100%,t,3,3,t,t,South Boston,42.3381,-71.04014,Entire guest suite,Entire home/apt,2,1,0,1,$105.00 ,29,365,t,29,37,37,302,233,0,0,37,0,0,0,4.83,4.85,4.89,4.93,4.96,4.86,4.77,f,3,3,0,0,4.97
53123543,100%,100%,t,130,133,t,t,Back Bay,42.34974,-71.08624,Entire rental unit,Entire home/apt,2,1,1,1,$341.00 ,1,1125,t,16,46,76,144,244,47,4,85,67,255,86955,4.85,4.91,4.85,4.93,4.94,4.98,4.7,f,36,36,0,0,5.26
53124097,100%,100%,,5,5,t,t,Back Bay,42.34958,-71.08509,Entire rental unit,Entire home/apt,2,1,0,1,$306.00 ,1,1125,t,12,35,61,129,223,46,6,70,62,255,78030,4.82,4.88,4.89,4.93,4.93,4.99,4.67,t,2,2,0,0,4.76
53124490,100%,100%,t,130,133,t,t,Back Bay,42.34896,-71.08641,Entire rental unit,Entire home/apt,2,1,0,1,$255.00 ,1,1125,t,6,27,57,125,229,43,2,66,53,255,65025,4.85,4.93,4.92,4.92,4.92,4.99,4.75,f,36,36,0,0,4.91
53125115,100%,100%,t,130,133,t,t,Back Bay,42.34754,-71.08574,Entire rental unit,Entire home/apt,2,1,1,1,$301.00 ,1,1125,t,12,42,72,140,207,40,5,81,37,240,72240,4.9,4.91,4.84,4.95,4.94,4.99,4.78,f,36,36,0,0,4.53
53146859,100%,100%,f,40,74,t,t,Downtown,42.35575,-71.05828,Entire serviced apartment,Entire home/apt,2,1,1,1,$310.00 ,1,180,t,4,28,58,236,136,19,0,67,18,114,35340,4.71,4.74,4.74,4.75,4.89,4.78,4.54,f,40,40,0,0,2.93
53148483,100%,100%,f,59,74,t,t,Downtown,42.35532046,-71.06090927,Entire serviced apartment,Entire home/apt,8,2,4,4,$593.00 ,3,180,t,10,33,63,237,217,50,1,67,68,255,151215,4.71,4.82,4.85,4.83,4.96,4.71,4.66,f,59,59,0,0,4.66
53174170,100%,100%,f,1,1,t,t,Dorchester,42.31283,-71.07694,Entire rental unit,Entire home/apt,2,1,1,1,$96.00 ,3,31,t,14,33,63,335,109,31,4,73,39,186,17856,4.79,4.89,4.9,4.86,4.87,4.43,4.74,f,1,1,0,0,2.41
53179806,100%,96%,f,5084,5865,t,t,West End,42.36455,-71.0687657,Entire rental unit,Entire home/apt,4,2,2,2,$462.00 ,32,1125,t,0,0,0,275,1,0,0,10,0,0,0,1,1,2,1,2,3,1,t,343,343,0,0,0.04
53184370,N/A,0%,f,2,3,t,t,Dorchester,42.2875,-71.06909,Private room in rental unit,Private room,4,2,1,1,$72.00 ,91,365,t,0,21,51,326,0,0,0,61,0,0,0,,,,,,,,t,2,0,2,0,
53185790,90%,100%,t,1,1,t,t,South Boston,42.33483,-71.02683,Entire home,Entire home/apt,8,3.5,4,6,$896.00 ,2,1125,t,11,41,71,245,75,24,1,81,22,144,129024,4.99,4.95,4.99,5,4.97,4.89,4.8,f,1,1,0,0,1.77
53195225,100%,100%,,3,5,t,f,Brighton,42.356388,-71.159355,Private room in home,Private room,1,3,1,1,$57.00 ,1,1125,t,5,16,37,112,148,40,3,47,24,240,13680,4.96,4.96,4.97,4.97,4.97,4.86,4.91,t,2,0,2,0,3.19
53195495,100%,100%,t,3,6,t,t,Brighton,42.3478,-71.15407,Private room in home,Private room,1,3,1,1,$59.00 ,1,1125,t,2,16,39,124,268,70,2,49,75,255,15045,4.92,4.94,4.96,4.96,4.94,4.74,4.89,t,1,0,1,0,5.71
53233645,100%,92%,t,11,17,t,t,South End,42.34173,-71.07639,Private room in bed and breakfast,Private room,2,1,1,1,$220.00 ,3,7,t,7,7,7,7,1,0,0,7,0,0,0,5,5,5,5,5,5,5,f,6,3,3,0,0.02
53260512,100%,96%,f,3,14,t,t,East Boston,42.3777,-71.0358,Private room in home,Private room,2,1.5,1,1,$81.00 ,1,29,t,14,20,20,20,240,49,2,20,71,255,20655,4.25,4.45,4.3,4.81,4.46,4.56,4.15,f,3,0,3,0,5.26
53262928,87%,76%,f,102,193,t,t,Fenway,42.34794,-71.10164,Entire rental unit,Entire home/apt,5,,2,,,4,365,t,2,31,61,324,26,24,1,69,6,192,,4.92,4.96,4.88,4.73,4.92,4.92,4.65,t,72,72,0,0,1
53307896,100%,96%,f,5084,5865,t,t,Downtown,42.35119,-71.06402,Entire rental unit,Entire home/apt,2,1,1,1,$293.00 ,32,1125,t,0,0,10,285,0,0,0,19,0,0,0,,,,,,,,t,343,343,0,0,
53307955,100%,96%,f,5084,5865,t,t,Downtown,42.3511858,-71.064017,Entire rental unit,Entire home/apt,2,1,1,1,$321.00 ,32,1125,t,0,0,0,138,0,0,0,0,0,0,0,,,,,,,,t,343,343,0,0,
53321922,100%,99%,t,3,3,t,t,Roslindale,42.29041672,-71.13647461,Entire condo,Entire home/apt,6,2,3,6,$355.00 ,3,1125,t,5,20,44,194,76,19,1,45,17,114,40470,4.71,4.78,4.89,4.88,4.75,4.7,4.71,t,3,3,0,0,1.64
53358922,100%,96%,f,3,14,t,t,East Boston,42.3764,-71.03553,Private room in home,Private room,2,1.5,1,1,$79.00 ,1,28,t,11,17,17,17,234,68,5,17,59,255,20145,4.49,4.64,4.56,4.81,4.6,4.67,4.35,f,3,0,3,0,5.08
53394270,100%,100%,t,1,4,t,t,Beacon Hill,42.359943,-71.063461,Entire townhouse,Entire home/apt,6,5,4,4,"$1,000.00 ",4,725,t,1,12,33,218,62,16,0,33,19,128,128000,5,5,5,4.98,5,5,4.84,f,1,1,0,0,1.46
53428804,100%,96%,f,5084,5865,t,t,Downtown,42.35119,-71.06402,Entire rental unit,Entire home/apt,2,1,1,1,$344.00 ,32,1125,t,0,0,0,132,1,0,0,0,0,0,0,5,5,5,5,5,5,5,t,343,343,0,0,0.03
53463603,100%,98%,t,2,2,t,f,East Boston,42.37798,-71.03817,Entire home,Entire home/apt,2,1,1,2,$192.00 ,2,1125,t,9,34,43,43,124,9,5,43,27,54,10368,4.86,4.88,4.87,4.98,4.97,4.46,4.73,f,2,2,0,0,3.15
53471426,100%,96%,f,5084,5865,t,t,Downtown,42.3511858,-71.064017,Entire rental unit,Entire home/apt,2,1,1,1,$358.00 ,32,1125,t,0,0,0,132,1,0,0,0,0,0,0,5,5,5,5,5,5,3,t,343,343,0,0,0.03
53477851,84%,95%,f,60,97,t,t,Brighton,42.33848,-71.15228,Entire rental unit,Entire home/apt,4,1,2,2,$110.00 ,30,360,t,0,14,44,314,7,2,0,54,3,120,13200,3.86,4.14,4,4.43,3.71,4.86,3.57,f,58,18,40,0,0.17
53482062,100%,93%,,280,445,t,t,Beacon Hill,42.35851291,-71.06755095,Entire rental unit,Entire home/apt,3,1,1,3,$135.00 ,29,365,t,3,16,46,225,11,4,1,55,3,232,31320,4.64,4.36,4.73,4.91,4.91,4.82,4.36,f,115,52,63,0,0.26
53508014,100%,89%,f,4,6,t,t,Roxbury,42.31848,-71.0729,Entire home,Entire home/apt,10,3,4,4,$326.00 ,1,365,t,5,19,48,308,185,40,2,56,42,240,78240,4.72,4.86,4.75,4.96,4.87,4.41,4.71,f,1,1,0,0,4
53511250,N/A,N/A,f,1,1,t,f,Dorchester,42.280727,-71.074799,Entire rental unit,Entire home/apt,4,1,2,2,$113.00 ,29,1125,t,4,16,44,53,7,0,0,53,0,0,0,4.86,5,4.86,4.86,5,4.86,4.86,f,1,1,0,0,0.15
53512907,99%,100%,,19,19,t,t,South End,42.3405,-71.07588,Entire rental unit,Entire home/apt,2,1,0,1,$210.00 ,1,1125,t,19,47,77,138,145,28,4,81,32,168,35280,4.77,4.85,4.85,4.94,4.96,4.96,4.61,t,12,12,0,0,3.15
53541620,100%,96%,f,5084,5865,t,t,Downtown,42.35119,-71.06402,Entire rental unit,Entire home/apt,2,1,1,1,$347.00 ,32,1125,t,1,1,1,147,0,0,0,1,0,0,0,,,,,,,,t,343,343,0,0,
53555832,100%,100%,f,5,5,t,t,East Boston,42.37813,-71.03303,Private room in rental unit,Private room,1,1,1,1,$61.00 ,29,365,t,0,0,5,280,9,2,0,15,1,116,7076,5,5,5,5,5,4.89,5,f,5,0,5,0,0.27
53558400,N/A,100%,f,1,1,t,f,Dorchester,42.28128,-71.05773,Entire condo,Entire home/apt,6,,2,,,3,365,t,0,0,0,0,8,1,0,0,6,6,,5,5,4.75,5,5,4.88,4.88,f,1,1,0,0,0.38
53572353,100%,96%,t,1,1,t,f,Dorchester,42.32321,-71.06031,Entire rental unit,Entire home/apt,8,1,4,4,$239.00 ,3,90,t,6,26,49,139,124,30,2,59,22,180,43020,4.87,4.9,4.82,4.92,4.89,4.77,4.77,f,1,1,0,0,2.95
53574233,N/A,20%,f,1,5,f,t,Jamaica Plain,42.32628614,-71.10619268,Private room in bed and breakfast,Private room,1,,,,,29,152,t,0,0,0,0,4,2,0,0,4,116,,4.5,4.25,4,4.75,4.25,4.75,4.75,f,1,0,1,0,0.27
53602315,100%,96%,f,5084,5865,t,t,Downtown,42.365947,-71.063473,Entire rental unit,Entire home/apt,2,1,0,1,$315.00 ,32,1125,t,0,0,0,142,1,0,0,0,0,0,0,5,5,5,5,5,5,4,t,343,343,0,0,0.04
53628586,100%,100%,f,5,6,t,t,Roxbury,42.32269,-71.09473,Private room in home,Private room,2,1,1,1,$95.00 ,2,365,t,18,48,78,350,56,17,2,88,18,102,9690,4.68,4.8,4.79,4.91,4.8,4.54,4.45,t,5,1,4,0,1.58
53631121,99%,98%,f,25,194,t,t,Dorchester,42.29735,-71.08051,Entire rental unit,Entire home/apt,6,,2,,,1,1125,t,24,46,76,350,94,29,3,85,5,174,,4.62,4.79,4.82,4.77,4.78,4.32,4.54,f,60,60,0,0,2.03
53631585,99%,98%,f,25,194,t,t,Dorchester,42.29725,-71.08227,Entire rental unit,Entire home/apt,6,,2,,,1,1125,t,20,47,77,351,112,16,2,86,15,96,,4.63,4.72,4.78,4.71,4.78,4.21,4.44,f,60,60,0,0,2.43
53688867,N/A,N/A,f,1,3,t,t,Allston,42.36,-71.12897,Entire rental unit,Entire home/apt,4,1,2,2,$429.00 ,29,365,t,30,60,90,270,10,0,0,100,0,0,0,4.8,4.9,5,5,4.9,5,4.7,f,1,1,0,0,0.22
53699018,100%,96%,f,5084,5865,t,t,West End,42.36455,-71.06877,Entire rental unit,Entire home/apt,2,1,1,1,$345.00 ,32,1125,t,0,9,39,314,0,0,0,48,0,0,0,,,,,,,,t,343,343,0,0,
53699031,100%,96%,f,5084,5865,t,t,West End,42.364968,-71.06887,Entire rental unit,Entire home/apt,2,1,1,1,$275.00 ,32,1125,t,0,0,0,85,1,0,0,0,0,0,0,5,5,5,2,5,5,5,t,343,343,0,0,0.03
53702666,80%,93%,t,1,1,t,t,North End,42.36498,-71.05327,Entire home,Entire home/apt,8,2,3,6,$765.00 ,2,15,t,14,35,55,251,132,41,4,65,47,246,188190,4.95,4.94,4.98,4.97,4.93,4.99,4.81,f,1,1,0,0,3.59
53733454,100%,96%,f,5084,5865,t,t,South Boston Waterfront,42.351397,-71.043191,Entire rental unit,Entire home/apt,2,1,1,1,$371.00 ,32,1125,t,30,60,90,365,0,0,0,100,0,0,0,,,,,,,,t,343,343,0,0,
53733834,100%,96%,f,5084,5865,t,t,South Boston Waterfront,42.351397,-71.043191,Entire rental unit,Entire home/apt,2,1,1,1,$362.00 ,32,1125,t,0,0,0,131,0,0,0,0,0,0,0,,,,,,,,t,343,343,0,0,
53756737,100%,100%,t,1,1,t,t,Jamaica Plain,42.30486,-71.12977,Entire guest suite,Entire home/apt,2,1,1,1,$155.00 ,4,120,t,3,22,40,119,87,23,2,40,7,184,28520,4.93,4.97,4.92,4.98,4.97,4.92,4.85,f,1,1,0,0,1.9
53785663,100%,99%,f,6,6,t,t,Downtown,42.35504532,-71.06221008,Entire rental unit,Entire home/apt,2,1,1,2,$208.00 ,2,365,t,2,17,43,252,113,19,2,52,21,114,23712,4.41,4.47,4.61,4.77,4.82,4.78,4.37,t,6,5,1,0,2.49
53787344,100%,99%,f,6,6,t,t,Downtown,42.35504532,-71.06221008,Entire rental unit,Entire home/apt,2,1,1,1,$270.00 ,2,365,t,12,35,65,274,71,12,0,74,11,72,19440,4.21,4.24,4.58,4.73,4.73,4.89,4.2,t,6,5,1,0,1.62
53801849,100%,99%,f,6,6,t,t,Downtown,42.35505,-71.06221,Entire rental unit,Entire home/apt,2,1,1,2,$221.00 ,2,365,t,9,27,57,262,88,22,0,66,17,132,29172,4.43,4.44,4.58,4.8,4.8,4.76,4.28,t,6,5,1,0,1.98
53873611,100%,96%,f,5084,5865,t,t,Downtown,42.3511858,-71.064017,Entire rental unit,Entire home/apt,2,1,1,1,$295.00 ,32,1125,t,0,0,0,136,0,0,0,0,0,0,0,,,,,,,,t,343,343,0,0,
53893204,100%,100%,f,5,5,t,t,East Boston,42.3798,-71.03361,Private room in rental unit,Private room,1,1,1,1,$55.00 ,29,365,t,0,0,8,283,9,2,0,18,5,116,6380,4.89,4.89,5,4.89,4.89,4.67,4.78,f,5,0,5,0,0.23
53899025,100%,68%,t,10,11,t,t,East Boston,42.36662,-71.03784,Entire condo,Entire home/apt,4,2,2,3,$432.00 ,1,1125,t,0,0,0,0,60,21,1,0,28,126,54432,4.93,4.9,4.93,4.92,4.98,4.93,4.73,f,3,3,0,0,1.38
53914758,100%,96%,f,5084,5865,t,t,South End,42.34621,-71.06301,Entire rental unit,Entire home/apt,2,1,0,1,$259.00 ,32,1125,t,0,0,11,286,1,0,0,20,1,0,0,5,5,5,5,5,5,5,t,343,343,0,0,0.08
53932819,100%,96%,f,5084,5865,t,t,South End,42.3449917,-71.063499,Entire rental unit,Entire home/apt,2,1,0,1,$262.00 ,32,1125,t,0,0,0,129,0,0,0,0,0,0,0,,,,,,,,t,343,343,0,0,
53964554,100%,96%,f,5084,5865,t,t,South End,42.34621,-71.06301,Entire rental unit,Entire home/apt,2,1,0,1,$257.00 ,32,1125,t,0,0,1,151,1,1,0,1,1,64,16448,5,5,5,5,5,5,5,t,343,343,0,0,0.1
53992722,100%,94%,t,3,3,t,f,Hyde Park,42.27124,-71.10898,Entire guest suite,Entire home/apt,2,1,1,1,$90.00 ,10,365,t,0,0,0,82,26,6,0,0,8,120,10800,4.81,4.81,4.77,4.85,4.88,4.69,4.62,f,2,2,0,0,0.65
54012247,100%,100%,t,1,2,f,t,Mattapan,42.27724,-71.07475,Entire home,Entire home/apt,10,2,5,6,$402.00 ,4,28,t,12,32,62,330,39,18,1,72,17,144,57888,4.9,4.92,4.9,5,4.95,4.79,4.79,t,1,1,0,0,0.92
54047272,100%,96%,f,5084,5865,t,t,Back Bay,42.35118,-71.08697,Entire rental unit,Entire home/apt,2,1,1,1,$272.00 ,32,1125,t,0,0,0,66,2,0,0,0,1,0,0,4,4.5,4,3.5,4,5,3,t,343,343,0,0,0.09
54051307,84%,95%,f,60,97,t,t,Brighton,42.3405,-71.15032,Entire rental unit,Entire home/apt,4,1,2,3,$116.00 ,30,365,t,0,0,0,249,2,0,0,0,1,0,0,4,3.5,4.5,4.5,4.5,3.5,3,f,58,18,40,0,0.08
54051626,84%,95%,f,60,97,t,t,Dorchester,42.32318,-71.06123,Private room in rental unit,Private room,2,1,1,1,$52.00 ,30,365,t,25,55,85,360,2,1,0,95,1,60,3120,5,5,5,5,5,5,5,f,58,18,40,0,0.05
54052472,84%,95%,f,60,97,t,t,Mission Hill,42.33182,-71.11009,Entire condo,Entire home/apt,6,2,5,6,$237.00 ,30,365,t,0,14,44,313,5,2,1,53,1,120,28440,4.2,4.2,4.2,4.2,4.2,4.2,4.2,f,58,18,40,0,0.17
54105912,67%,N/A,f,1,1,t,t,Roslindale,42.29047,-71.13168,Entire guest suite,Entire home/apt,2,1,1,1,$174.00 ,29,65,t,29,59,88,88,44,0,0,88,0,0,0,4.98,5,5,5,5,4.95,5,f,1,1,0,0,1.06
54159081,100%,96%,f,5084,5865,t,t,South Boston Waterfront,42.351397,-71.043191,Entire rental unit,Entire home/apt,2,1,1,1,$294.00 ,32,1125,t,0,0,0,196,1,0,0,0,1,0,0,5,5,5,3,5,5,5,t,343,343,0,0,0.05
54159310,100%,96%,f,5084,5865,t,t,Downtown,42.35892,-71.05416,Entire rental unit,Entire home/apt,2,1,1,1,$276.00 ,32,1125,t,9,9,9,124,1,0,0,9,1,0,0,3,5,3,3,5,5,5,t,343,343,0,0,0.05
54232345,99%,100%,f,17,18,t,t,Bay Village,42.34836578,-71.06988525,Entire rental unit,Entire home/apt,2,1,1,1,$166.00 ,2,365,t,11,34,64,273,39,11,0,73,9,66,10956,4,3.95,3.97,4.85,4.9,4.77,3.92,t,17,8,8,1,0.89
54261439,100%,94%,t,3,3,t,f,Hyde Park,42.27159,-71.10932,Entire guest suite,Entire home/apt,3,1,1,1,$131.00 ,10,365,t,9,39,69,330,12,2,0,78,3,40,5240,4.92,4.92,5,4.67,5,4.75,4.92,f,2,2,0,0,0.29
54263761,93%,93%,f,12,32,t,f,Dorchester,42.3005,-71.08394,Entire home,Entire home/apt,4,1,1,2,$147.00 ,3,365,t,5,29,54,56,36,23,1,54,18,138,20286,4.75,4.77,4.57,4.94,4.91,4.51,4.66,f,12,12,0,0,1.71
54263774,93%,93%,f,12,32,t,f,Dorchester,42.30013,-71.0857,Entire rental unit,Entire home/apt,4,1,1,2,$85.00 ,29,1125,t,0,27,56,56,25,0,0,56,0,0,0,4.48,4.52,4.36,4.76,4.56,4.25,4.36,f,12,12,0,0,0.57
54278398,100%,100%,t,130,133,t,t,South End,42.34264,-71.07674,Entire rental unit,Entire home/apt,2,1,0,1,$178.00 ,1,365,t,5,23,49,117,218,65,7,58,59,255,45390,4.78,4.83,4.77,4.96,4.94,4.91,4.59,t,36,36,0,0,5.03
54339966,99%,100%,f,17,18,t,t,Bay Village,42.34841919,-71.06983948,Entire rental unit,Entire home/apt,2,1,1,2,$174.00 ,3,142,t,14,37,67,276,111,11,1,76,34,66,11484,4.36,4.52,4.4,4.86,4.83,4.74,4.26,t,17,8,8,1,2.52
54384571,100%,100%,f,79,112,t,t,Back Bay,42.34977,-71.08612,Entire rental unit,Entire home/apt,4,1,1,2,$315.00 ,1,1000,t,13,38,68,77,55,12,1,77,5,72,22680,4.71,4.78,4.73,4.91,4.82,4.93,4.53,t,57,27,30,0,1.32
54392466,100%,98%,t,5,6,t,t,Dorchester,42.28784,-71.06787,Entire rental unit,Entire home/apt,5,2,3,3,$282.00 ,2,365,t,0,11,22,213,120,53,7,22,58,255,71910,4.95,4.94,4.97,4.93,4.97,4.62,4.93,f,3,3,0,0,3.13
54399467,100%,100%,f,18,163,t,t,South End,42.34218,-71.07845,Entire rental unit,Entire home/apt,2,1,1,1,$234.00 ,1,14,t,9,21,51,321,1,0,0,60,0,0,0,5,5,5,5,5,5,3,t,18,18,0,0,0.04
5.13711E+17,100%,83%,t,3,3,t,t,Fenway,42.34877,-71.09397,Entire rental unit,Entire home/apt,2,,1,,,180,365,t,0,0,0,0,1,0,0,0,0,0,,3,3,4,5,2,5,4,f,1,1,0,0,0.03
5.39377E+17,N/A,N/A,f,1,1,f,t,Roxbury,42.32162,-71.07447,Private room in loft,Private room,2,,1,,,92,95,t,30,60,90,365,0,0,0,99,0,0,,,,,,,,,t,1,0,1,0,
5.42467E+17,100%,96%,f,5084,5865,t,t,Back Bay,42.34863,-71.07409,Entire rental unit,Entire home/apt,2,1,1,1,$475.00 ,32,1125,t,30,60,90,365,1,0,0,99,0,0,0,5,5,5,5,5,5,5,t,343,343,0,0,0.03
5.44684E+17,100%,96%,f,5084,5865,t,t,Back Bay,42.35118,-71.08697,Entire rental unit,Entire home/apt,2,1,0,1,$233.00 ,32,1125,t,0,1,31,306,0,0,0,40,0,0,0,,,,,,,,t,343,343,0,0,
5.44687E+17,100%,96%,f,5084,5865,t,t,Back Bay,42.35118,-71.08697,Entire rental unit,Entire home/apt,2,1,0,1,$240.00 ,32,1125,t,0,0,8,283,0,0,0,17,0,0,0,,,,,,,,t,343,343,0,0,
5.44751E+17,90%,63%,f,9,9,t,t,Allston,42.35841,-71.12858,Private room in home,Private room,1,2,1,1,$62.00 ,91,365,t,0,1,2,273,3,0,0,8,0,0,0,5,5,5,5,5,5,5,f,9,0,9,0,0.09
5.4797E+17,100%,100%,f,5,5,t,t,East Boston,42.37919,-71.03519,Private room in rental unit,Private room,1,1,1,1,$52.00 ,29,365,t,1,1,31,192,19,5,0,41,4,255,13260,5,4.95,4.95,5,5,4.84,5,f,5,0,5,0,0.44
5.48373E+17,100%,100%,f,79,112,t,t,Back Bay,42.34929,-71.08407,Entire rental unit,Entire home/apt,4,1,1,2,$299.00 ,1,1000,t,5,27,49,58,39,11,1,58,3,66,19734,4.72,4.74,4.85,4.79,4.69,4.92,4.56,t,57,27,30,0,0.93
5.48393E+17,100%,100%,f,79,112,t,t,Back Bay,42.348644,-71.085091,Entire rental unit,Entire home/apt,4,1,1,2,$334.00 ,1,1000,t,8,27,57,66,70,23,4,66,13,138,46092,4.9,4.96,4.84,4.94,4.87,5,4.7,t,57,27,30,0,1.68
5.48409E+17,100%,100%,f,79,112,t,t,Back Bay,42.348644,-71.085091,Entire rental unit,Entire home/apt,4,1,1,2,$296.00 ,1,365,t,8,36,66,75,53,23,2,75,7,138,40848,4.77,4.75,4.87,4.92,4.74,4.94,4.53,t,57,27,30,0,1.27
5.48425E+17,100%,100%,f,79,112,t,t,Back Bay,42.34798,-71.08406,Entire rental unit,Entire home/apt,4,1,1,2,$292.00 ,1,365,t,6,30,59,68,53,16,1,68,5,96,28032,4.68,4.79,4.87,4.85,4.79,5,4.57,t,57,27,30,0,1.26
5.48434E+17,100%,100%,f,79,112,t,t,Back Bay,42.34786,-71.08623,Entire rental unit,Entire home/apt,4,1,1,2,$310.00 ,1,365,t,5,14,43,52,46,7,1,52,6,42,13020,4.65,4.7,4.59,4.8,4.72,4.96,4.41,t,57,27,30,0,1.1
5.49048E+17,100%,96%,f,5084,5865,t,t,Back Bay,42.348633,-71.074088,Entire rental unit,Entire home/apt,2,1,1,1,$493.00 ,32,1125,t,0,0,0,267,1,0,0,1,0,0,0,5,5,5,5,4,5,4,t,343,343,0,0,0.04
5.49056E+17,100%,96%,f,5084,5865,t,t,Downtown,42.36504,-71.06029,Entire rental unit,Entire home/apt,2,1,1,1,$440.00 ,32,1125,t,0,0,0,175,0,0,0,0,0,0,0,,,,,,,,t,343,343,0,0,
5.49058E+17,100%,96%,f,5084,5865,t,t,Back Bay,42.35118,-71.08697,Entire rental unit,Entire home/apt,2,1,1,1,$281.00 ,32,1125,t,0,0,3,278,0,0,0,12,0,0,0,,,,,,,,t,343,343,0,0,
5.49537E+17,N/A,N/A,f,1,1,t,t,South Boston,42.33399,-71.02601,Entire condo,Entire home/apt,4,,1,,,2,32,t,0,0,0,0,15,0,0,0,0,0,,4.8,4.73,4.47,4.93,5,4.93,4.6,f,1,1,0,0,0.37
5.49991E+17,90%,73%,t,2,2,t,t,Hyde Park,42.25041,-71.12739,Entire townhouse,Entire home/apt,2,0.5,1,1,$108.00 ,15,1125,t,26,56,86,361,28,2,0,96,2,60,6480,4.93,4.82,4.89,4.93,5,4.64,4.89,f,2,1,1,0,0.7
5.52879E+17,80%,79%,f,6,9,t,t,Dorchester,42.29487,-71.08142,Private room in rental unit,Private room,1,,,,,91,365,t,12,42,72,347,4,1,0,81,2,182,,5,4.75,4.25,4,4.5,4.75,4.25,t,3,0,3,0,0.1
5.52968E+17,100%,100%,t,4,4,t,t,Dorchester,42.29853,-71.06139,Entire place,Entire home/apt,16,4,8,13,$975.00 ,2,28,t,14,31,61,65,45,12,2,65,15,72,70200,4.89,4.89,4.98,5,4.91,4.2,4.6,f,4,4,0,0,1.04
5.54349E+17,100%,100%,f,79,112,t,t,Beacon Hill,42.35938,-71.0701,Entire serviced apartment,Entire home/apt,2,1,1,1,$257.00 ,1,1000,t,4,29,53,62,75,21,4,62,12,126,32382,4.8,4.88,4.84,4.84,4.83,4.93,4.61,t,57,27,30,0,1.8
5.54365E+17,100%,100%,f,79,112,t,t,Beacon Hill,42.35925,-71.07145,Entire rental unit,Entire home/apt,2,1,1,1,$235.00 ,1,1000,t,8,32,60,69,65,17,1,69,9,102,23970,4.82,4.89,4.83,4.94,4.83,4.98,4.71,t,57,27,30,0,1.55
5.54943E+17,100%,100%,f,79,112,t,t,Beacon Hill,42.358532,-71.070816,Entire serviced apartment,Entire home/apt,4,1,1,2,$276.00 ,1,1000,t,10,31,58,67,93,33,1,67,32,198,54648,4.83,4.87,4.71,4.88,4.82,4.99,4.67,t,57,27,30,0,2.55
5.5568E+17,100%,100%,f,79,112,t,t,Beacon Hill,42.358532,-71.070816,Entire serviced apartment,Entire home/apt,4,1,1,2,$263.00 ,1,1000,t,8,31,56,65,46,5,1,65,9,30,7890,4.54,4.63,4.7,4.78,4.57,5,4.3,t,57,27,30,0,1.11
5.55687E+17,100%,100%,f,79,112,t,t,Beacon Hill,42.358532,-71.070816,Entire serviced apartment,Entire home/apt,4,1,1,2,$248.00 ,1,1000,t,13,38,64,73,95,23,2,73,28,138,34224,4.74,4.82,4.77,4.89,4.85,4.97,4.61,t,57,27,30,0,2.27
5.55694E+17,100%,100%,f,79,112,t,t,Beacon Hill,42.358532,-71.070816,Entire serviced apartment,Entire home/apt,2,1,1,1,$218.00 ,1,1000,t,5,28,55,64,44,15,1,64,18,90,19620,4.86,4.89,4.77,4.93,4.8,4.98,4.57,t,57,27,30,0,1.06
5.55701E+17,100%,100%,f,79,112,t,t,Beacon Hill,42.358532,-71.070816,Entire serviced apartment,Entire home/apt,4,1,1,1,$253.00 ,1,1000,t,9,35,63,66,50,19,5,66,11,114,28842,4.84,4.86,4.8,4.9,4.84,5,4.7,t,57,27,30,0,1.24
5.56666E+17,100%,93%,,280,445,t,t,West End,42.3614077,-71.06710131,Entire rental unit,Entire home/apt,4,1,3,3,$150.00 ,29,365,t,0,18,48,227,7,5,0,57,2,255,38250,5,4.86,4.86,5,4.86,5,4.57,f,115,52,63,0,0.28
5.56918E+17,N/A,N/A,f,2,15,t,t,Dorchester,42.30628,-71.07934,Private room in bed and breakfast,Private room,2,1,1,1,$85.00 ,29,365,t,30,60,90,270,33,0,0,100,0,0,0,4.58,4.82,4.64,4.82,4.88,4.24,4.39,f,2,0,2,0,0.76
5.5695E+17,N/A,N/A,f,2,15,t,t,Dorchester,42.30737,-71.07952,Private room in rental unit,Private room,2,1,1,1,$85.00 ,91,365,t,30,60,90,365,44,0,0,100,0,0,0,4.8,4.89,4.8,4.86,4.82,4.61,4.82,t,2,0,2,0,1
5.57094E+17,100%,96%,f,5084,5865,t,t,South Boston,42.3427317,-71.0566392,Entire rental unit,Entire home/apt,2,1,1,1,$231.00 ,32,1125,t,0,0,0,206,0,0,0,0,0,0,0,,,,,,,,t,343,343,0,0,
5.57094E+17,100%,96%,f,5084,5865,t,t,South Boston,42.3427317,-71.0566392,Entire rental unit,Entire home/apt,2,1,1,1,$274.00 ,32,1125,t,0,0,0,17,0,0,0,0,0,0,0,,,,,,,,t,343,343,0,0,
5.57862E+17,100%,96%,f,5084,5865,t,t,South End,42.34524,-71.06394,Entire rental unit,Entire home/apt,2,1,1,1,$277.00 ,32,1125,t,0,8,38,313,0,0,0,47,0,0,0,,,,,,,,t,343,343,0,0,
5.60157E+17,100%,98%,f,21,122,t,t,Fenway,42.34344,-71.10094,Entire rental unit,Entire home/apt,2,1,1,1,$452.00 ,1,1125,t,24,53,83,302,272,61,0,93,42,255,115260,4.73,4.75,4.79,4.73,4.72,4.9,4.51,t,16,10,6,0,2.98
5.61575E+17,100%,100%,t,1,2,t,t,Back Bay,42.35082,-71.07943,Entire condo,Entire home/apt,4,2,2,2,$495.00 ,90,90,t,0,30,59,59,3,0,0,59,0,0,0,5,4.67,5,5,5,5,4.67,t,1,1,0,0,0.07
5.62395E+17,100%,98%,f,21,122,t,t,Fenway,42.34431,-71.1009,Entire rental unit,Entire home/apt,2,1,0,1,$311.00 ,1,1125,t,15,27,52,255,81,13,0,58,19,78,24258,4.72,4.62,4.81,4.73,4.77,4.93,4.46,t,16,10,6,0,0.89
5.63794E+17,100%,98%,f,21,122,t,t,Fenway,42.34407,-71.10296,Entire rental unit,Entire home/apt,4,2,2,2,$692.00 ,1,1125,t,20,44,73,289,258,43,0,83,54,255,176460,4.71,4.68,4.74,4.74,4.69,4.88,4.47,t,16,10,6,0,2.81
5.64514E+17,100%,100%,f,2,2,t,t,North End,42.36790987,-71.05250599,Entire rental unit,Entire home/apt,3,1.5,0,1,"$13,000.00 ",120,365,t,28,58,88,268,0,0,0,98,0,0,0,,,,,,,,f,1,1,0,0,
5.65026E+17,100%,100%,t,6,7,t,t,Beacon Hill,42.35989,-71.06651,Entire rental unit,Entire home/apt,3,1,1,1,$178.00 ,1,365,t,0,2,9,199,351,94,6,13,93,255,45390,4.82,4.88,4.76,4.93,4.91,4.95,4.7,t,2,2,0,0,8.38
5.65061E+17,100%,99%,t,4,4,t,t,Roxbury,42.31625,-71.0771,Entire condo,Entire home/apt,4,2,3,3,$200.00 ,2,1125,t,4,16,40,315,233,34,2,50,49,204,40800,4.95,4.93,4.89,4.99,4.99,4.56,4.85,f,3,3,0,0,5.37
5.65758E+17,100%,100%,f,1,1,t,f,Hyde Park,42.25812,-71.12023,Private room in casa particular,Private room,6,1,3,3,$300.00 ,2,28,t,28,58,88,363,8,1,1,98,0,6,1800,4.13,4,4,4.5,4.38,4.13,3.75,f,1,0,1,0,0.2
5.6645E+17,100%,93%,,280,445,t,t,Beacon Hill,42.36017,-71.06484,Entire rental unit,Entire home/apt,3,1,2,2,$115.00 ,29,365,t,0,19,49,228,3,1,0,58,2,58,6670,4.33,4.33,4.33,5,5,5,4,f,115,52,63,0,0.12
5.67263E+17,100%,96%,f,5084,5865,t,t,Back Bay,42.3511785,-71.0869735,Entire rental unit,Entire home/apt,2,1,0,1,$260.00 ,32,1125,t,0,0,0,267,0,0,0,1,0,0,0,,,,,,,,t,343,343,0,0,
5.6735E+17,100%,98%,f,21,122,t,t,Fenway,42.34479,-71.10123,Entire rental unit,Entire home/apt,2,1,0,1,$402.00 ,1,1125,t,24,46,76,295,215,45,1,86,34,255,102510,4.72,4.78,4.8,4.74,4.68,4.92,4.53,t,16,10,6,0,2.34
5.674E+17,100%,98%,f,21,122,t,t,Fenway,42.34303,-71.10301,Entire rental unit,Entire home/apt,6,2.5,3,3,"$1,228.00 ",1,1125,t,9,28,54,266,109,35,2,59,14,210,257880,4.81,4.82,4.81,4.8,4.82,4.93,4.72,t,16,10,6,0,1.19
5.68692E+17,100%,96%,f,5084,5865,t,t,Downtown,42.35892,-71.05416,Entire rental unit,Entire home/apt,2,1,1,1,$329.00 ,32,1125,t,0,7,37,312,0,0,0,47,0,0,0,,,,,,,,t,343,343,0,0,
5.68695E+17,100%,96%,f,5084,5865,t,t,South End,42.3385573,-71.0690708,Entire rental unit,Entire home/apt,2,1,1,1,$290.00 ,32,1125,t,0,0,0,0,0,0,0,0,0,0,0,,,,,,,,t,343,343,0,0,
5.69408E+17,100%,96%,f,5084,5865,t,t,Downtown,42.36504,-71.06029,Entire rental unit,Entire home/apt,2,1,1,1,$331.00 ,32,1125,t,0,0,0,55,0,0,0,0,0,0,0,,,,,,,,t,343,343,0,0,
5.7098E+17,100%,100%,f,1,1,t,t,Brighton,42.3608,-71.14287,Entire rental unit,Entire home/apt,6,1,1,4,$139.00 ,1,28,t,4,23,51,212,373,96,12,57,107,255,35445,4.82,4.84,4.77,4.89,4.93,4.74,4.73,f,1,1,0,0,8.67
5.71521E+17,N/A,N/A,f,1,1,t,t,Charlestown,42.3836,-71.07796,Private room in condo,Private room,2,,1,,,29,365,t,0,0,0,0,27,0,0,0,0,0,,5,4.93,4.96,5,5,4.89,4.96,f,1,0,1,0,0.73
5.71845E+17,100%,93%,,280,445,t,t,Beacon Hill,42.3610309,-71.06517672,Entire rental unit,Entire home/apt,3,1,3,3,$145.00 ,29,365,t,0,28,58,237,8,3,0,67,4,174,25230,4.63,5,5,5,4.75,5,4.38,f,115,52,63,0,0.26
5.71988E+17,100%,93%,,280,445,t,t,Beacon Hill,42.36025333,-71.06739134,Entire rental unit,Entire home/apt,2,1,1,2,$106.00 ,29,365,t,3,4,5,165,12,4,0,14,4,232,24592,4.67,4.75,4.58,4.92,4.75,4.92,4.25,f,115,52,63,0,0.29
5.73398E+17,100%,100%,t,130,133,t,t,South End,42.34133,-71.0755,Entire rental unit,Entire home/apt,2,1,0,1,$194.00 ,1,365,t,27,57,87,155,132,26,1,96,30,156,30264,4.67,4.73,4.74,4.88,4.91,4.9,4.45,t,36,36,0,0,3.06
5.73889E+17,100%,100%,f,79,112,t,t,South Boston,42.33672,-71.04591,Private room in rental unit,Private room,2,1,1,1,$96.00 ,1,365,t,8,28,50,50,28,5,1,50,0,30,2880,3.82,4.25,4.04,4.93,4.32,4.25,4.07,t,57,27,30,0,0.66
5.74763E+17,95%,91%,f,117,207,t,t,Brighton,42.33808,-71.14987,Entire rental unit,Entire home/apt,4,1,1,3,$241.00 ,29,1125,t,5,35,65,333,8,0,0,75,2,0,0,4.63,4.88,4.75,4.63,5,4.75,4.5,f,33,33,0,0,0.21
5.75336E+17,100%,100%,f,79,112,t,t,South Boston,42.34201,-71.05557,Private room in serviced apartment,Private room,2,2,1,1,$108.00 ,2,1000,t,6,24,45,45,14,9,2,45,4,54,5832,4.64,4.5,4.64,4.86,4.71,4.93,4.71,t,57,27,30,0,0.33
5.75376E+17,100%,98%,f,1,1,t,t,Dorchester,42.31607,-71.07184,Entire condo,Entire home/apt,4,,2,,,2,360,t,2,2,2,2,119,43,1,2,44,255,,4.97,4.98,4.95,4.98,5,4.56,4.86,f,1,1,0,0,3.2
5.77094E+17,90%,66%,f,10,21,t,t,Beacon Hill,42.35664,-71.07152,Private room in condo,Private room,1,1,1,1,$83.00 ,29,150,t,21,51,58,61,6,2,0,58,2,116,9628,4.5,4.67,4.17,5,4.67,5,4.5,f,6,2,4,0,0.14
5.77525E+17,100%,100%,f,543,1254,t,t,Jamaica Plain,42.28705978,-71.11904144,Entire condo,Entire home/apt,4,,2,,,29,1125,t,0,0,0,0,3,0,0,0,0,0,,3.67,4.33,4,3.67,3,4.33,4,t,4,4,0,0,0.07
5.77555E+17,80%,0%,f,1,3,t,t,Jamaica Plain,42.31667,-71.10807,Private room in condo,Private room,1,1,1,1,$75.00 ,91,240,t,29,59,89,269,0,0,0,99,0,0,0,,,,,,,,f,1,0,1,0,
5.77559E+17,100%,100%,f,79,112,t,t,South Boston,42.34181,-71.05633,Private room in rental unit,Private room,2,2,1,1,$112.00 ,2,365,t,12,39,62,62,16,4,2,62,3,24,2688,4.31,4.38,4.56,4.63,4.69,4.69,4.25,t,57,27,30,0,0.39
5.77611E+17,100%,100%,f,79,112,t,t,South Boston Waterfront,42.34343,-71.05575,Private room in rental unit,Private room,2,2,1,1,$111.00 ,1,365,t,16,39,61,61,21,6,0,61,0,36,3996,4,4.19,4.1,4.62,4.29,4.62,3.81,t,57,27,30,0,0.5
5.77685E+17,100%,100%,f,79,112,t,t,South Boston,42.34182,-71.05615,Private room in rental unit,Private room,2,,1,,,2,365,t,5,25,45,45,26,4,0,45,3,24,,3.96,3.81,4.27,4.54,4.23,4.65,3.77,t,57,27,30,0,0.61
5.77711E+17,100%,100%,f,79,112,t,t,South Boston Waterfront,42.34353,-71.05614,Private room in rental unit,Private room,2,,1,,,2,365,t,15,36,57,57,23,1,0,57,2,6,,3.91,4.09,4.3,4.52,4.39,4.65,3.91,t,57,27,30,0,0.54
5.78115E+17,100%,96%,f,5084,5865,t,t,Back Bay,42.3496611,-71.0814631,Entire rental unit,Entire home/apt,2,1,0,1,$275.00 ,32,1125,t,0,0,3,278,0,0,0,12,0,0,0,,,,,,,,t,343,343,0,0,
5.78393E+17,100%,100%,f,79,112,t,t,South Boston,42.34241,-71.05772,Private room in rental unit,Private room,2,2,1,1,$114.00 ,1,365,t,7,34,54,54,37,12,1,54,5,72,8208,4.65,4.81,4.43,4.81,4.65,4.84,4.51,t,57,27,30,0,0.92
5.7883E+17,100%,96%,f,5084,5865,t,t,Back Bay,42.3496453,-71.0813703,Entire rental unit,Entire home/apt,2,1,1,1,$318.00 ,32,1125,t,0,0,0,127,0,0,0,0,0,0,0,,,,,,,,t,343,343,0,0,
5.78946E+17,100%,100%,t,130,133,t,t,South End,42.3452,-71.0728,Entire rental unit,Entire home/apt,2,1,0,1,$139.00 ,28,365,t,0,17,18,86,62,17,2,27,23,255,35445,4.85,4.95,4.85,4.95,4.92,4.94,4.81,t,36,36,0,0,1.48
5.78958E+17,100%,100%,f,1,1,t,t,Mattapan,42.26835239,-71.09562906,Entire home,Entire home/apt,2,1,1,1,$285.00 ,29,365,t,0,0,0,274,8,0,0,9,0,0,0,4.88,4.75,4.63,5,4.88,4.63,4.38,f,1,1,0,0,0.28
5.78997E+17,100%,100%,f,79,112,t,t,South Boston,42.34304599,-71.05572827,Entire rental unit,Entire home/apt,2,1,1,1,$108.00 ,2,365,t,11,34,56,56,29,5,2,56,5,30,3240,4,4.34,4.07,4.79,4.41,4.52,4.03,t,57,27,30,0,0.69
5.79004E+17,100%,100%,f,79,112,t,t,South Boston,42.34316,-71.0557,Private room in rental unit,Private room,2,2,1,1,$107.00 ,2,365,t,7,22,44,44,58,18,3,44,8,108,11556,4.52,4.72,4.53,4.6,4.69,4.66,4.41,t,57,27,30,0,1.43
5.79012E+17,100%,100%,f,79,112,t,t,South Boston,42.34151,-71.05573,Private room in rental unit,Private room,2,2,1,1,$107.00 ,2,365,t,16,44,65,65,29,13,0,65,7,78,8346,4.45,4.66,4.38,4.72,4.69,4.72,4.28,t,57,27,30,0,0.71
5.79028E+17,100%,100%,f,79,112,t,t,South Boston,42.34348,-71.05727,Private room in rental unit,Private room,2,2,1,1,$110.00 ,2,365,t,9,33,55,55,39,7,1,55,3,42,4620,4.41,4.54,4.38,4.87,4.59,4.72,4.33,t,57,27,30,0,0.91
5.79091E+17,N/A,N/A,f,1,4,t,f,Allston,42.36124,-71.12376,Entire home,Entire home/apt,4,,1,,,29,365,t,0,0,0,0,6,0,0,0,0,0,,5,5,4.83,5,5,5,4.67,f,1,1,0,0,0.14
5.79138E+17,100%,100%,f,79,112,t,t,South Boston,42.3431,-71.05742,Private room in rental unit,Private room,2,2,1,1,$109.00 ,2,365,t,8,27,47,47,19,7,2,47,2,42,4578,4.26,4.47,4.26,4.79,4.84,4.74,4.37,t,57,27,30,0,0.45
5.79156E+17,100%,100%,f,79,112,t,t,South Boston,42.34177,-71.05555,Private room in rental unit,Private room,2,2,1,1,$104.00 ,2,365,t,5,18,36,36,23,5,0,36,1,30,3120,4.17,4.48,4.17,4.52,4.52,4.87,4.35,t,57,27,30,0,0.56
5.79173E+17,100%,100%,f,79,112,t,t,South Boston,42.34311,-71.05769,Private room in rental unit,Private room,2,2,1,1,$118.00 ,2,365,t,12,31,53,53,20,5,2,53,1,30,3540,4.2,4.3,4.25,4.8,4.6,4.7,3.95,t,57,27,30,0,0.48
5.80337E+17,100%,96%,f,5084,5865,t,t,Chinatown,42.35229,-71.05911,Entire rental unit,Entire home/apt,2,1,1,1,$300.00 ,32,1125,t,0,0,0,80,0,0,0,0,0,0,0,,,,,,,,t,343,343,0,0,
5.8034E+17,100%,96%,f,5084,5865,t,t,Chinatown,42.35229,-71.05911,Entire rental unit,Entire home/apt,2,1,1,1,$339.00 ,32,1125,t,0,0,0,124,0,0,0,0,0,0,0,,,,,,,,t,343,343,0,0,
5.8034E+17,100%,96%,f,5084,5865,t,t,Chinatown,42.35229,-71.05911,Entire rental unit,Entire home/apt,2,1,1,1,$329.00 ,32,1125,t,1,1,11,286,0,0,0,20,0,0,0,,,,,,,,t,343,343,0,0,
5.8034E+17,100%,96%,f,5084,5865,t,t,Chinatown,42.35229,-71.05911,Entire rental unit,Entire home/apt,2,1,1,1,$372.00 ,32,1125,t,0,0,0,30,0,0,0,0,0,0,0,,,,,,,,t,343,343,0,0,
5.80342E+17,100%,96%,f,5084,5865,t,t,Chinatown,42.35229,-71.05911,Entire rental unit,Entire home/apt,2,1,1,1,$360.00 ,32,1125,t,0,0,27,302,0,0,0,36,0,0,0,,,,,,,,t,343,343,0,0,
5.81152E+17,100%,97%,f,1,2,t,t,Dorchester,42.30843,-71.06155,Entire rental unit,Entire home/apt,5,1,2,4,$197.00 ,2,365,t,8,31,36,36,102,16,2,36,24,96,18912,4.69,4.81,4.72,4.92,4.94,4.45,4.7,f,1,1,0,0,2.49
5.83391E+17,100%,100%,f,79,112,t,t,South Boston,42.33654,-71.04408,Private room in serviced apartment,Private room,2,2,1,1,$97.00 ,2,365,t,8,27,48,48,66,20,1,48,8,120,11640,4.35,4.55,4.3,4.82,4.58,4.67,4.29,t,57,27,30,0,1.54
5.8349E+17,100%,100%,f,79,112,t,t,South Boston,42.33683,-71.04604,Private room in serviced apartment,Private room,2,2,1,1,$96.00 ,2,365,t,10,28,50,50,28,8,1,50,2,48,4608,3.5,4.07,3.75,4.54,4.11,4,3.64,t,57,27,30,0,0.66
5.84122E+17,100%,100%,f,79,112,t,t,South Boston,42.33668,-71.04592,Private room in serviced apartment,Private room,2,2,1,1,$96.00 ,2,365,t,12,36,58,58,35,14,1,58,5,84,8064,3.94,4.29,4.11,4.66,4.51,4.49,4,t,57,27,30,0,0.82
5.84134E+17,100%,100%,f,79,112,t,t,South Boston,42.33465,-71.04447,Private room in serviced apartment,Private room,2,2,1,1,$96.00 ,2,1000,t,14,41,63,63,29,3,0,63,1,18,1728,3.79,4.14,3.93,4.41,4.48,3.9,3.62,t,57,27,30,0,0.69
5.84158E+17,100%,100%,f,79,112,t,t,South Boston,42.33476,-71.04544,Private room in rental unit,Private room,2,2,1,1,$117.00 ,2,365,t,15,39,60,60,22,5,1,60,2,30,3510,3.91,4.36,4.09,4.86,4.77,4.5,3.59,t,57,27,30,0,0.54
5.8476E+17,100%,100%,t,7,8,t,f,Fenway,42.34945,-71.09717,Private room in townhouse,Private room,2,1,1,1,$225.00 ,1,91,t,3,21,39,292,291,83,11,39,74,255,57375,4.97,4.97,4.98,4.98,4.98,4.99,4.87,t,7,0,7,0,6.83
5.84815E+17,100%,100%,f,79,112,t,t,South Boston,42.33462,-71.04459,Private room in serviced apartment,Private room,2,2,1,1,$117.00 ,2,365,t,12,38,59,59,40,7,3,59,5,42,4914,4.03,4.08,3.95,4.65,4.48,4.43,3.83,t,57,27,30,0,0.94
5.84824E+17,89%,94%,f,19,49,t,t,North End,42.36516,-71.05531,Entire rental unit,Entire home/apt,4,1,2,2,$273.00 ,9,365,t,4,21,43,237,14,1,0,53,1,18,4914,4.64,4.79,4.5,4.93,4.79,4.86,4.57,f,14,12,2,0,0.36
5.84864E+17,100%,100%,f,79,112,t,t,South Boston,42.33512,-71.04409,Private room in serviced apartment,Private room,2,2,1,1,$96.00 ,2,1000,t,14,35,56,56,33,13,2,56,8,78,7488,4.27,4.45,4.12,4.55,4.55,4.52,4.06,t,57,27,30,0,0.79
5.85229E+17,100%,96%,f,5084,5865,t,t,North End,42.365719,-71.0553517,Entire rental unit,Entire home/apt,4,1,2,2,$312.00 ,32,1125,t,0,30,60,335,1,0,0,70,1,0,0,1,1,1,1,1,1,1,t,343,343,0,0,0.06
5.85232E+17,100%,96%,f,5084,5865,t,t,Downtown,42.365947,-71.063473,Entire rental unit,Entire home/apt,2,1,0,1,$343.00 ,32,1125,t,0,0,0,176,1,0,0,0,0,0,0,5,5,5,5,5,5,4,t,343,343,0,0,0.03
5.85232E+17,100%,96%,f,5084,5865,t,t,Downtown,42.365947,-71.063473,Entire rental unit,Entire home/apt,2,1,1,1,$400.00 ,32,1125,t,0,0,0,206,1,0,0,0,0,0,0,4,4,5,5,5,4,3,t,343,343,0,0,0.03
5.86392E+17,100%,46%,f,8,10,t,t,South End,42.34009428,-71.07131623,Entire rental unit,Entire home/apt,3,1,1,1,$171.00 ,1,365,t,19,39,69,335,10,10,1,78,0,60,10260,4.5,4.7,4.1,4.9,4.5,4.6,4.4,f,1,1,0,0,2.14
5.8707E+17,100%,100%,f,79,112,t,t,South Boston,42.33528074,-71.04608726,Entire rental unit,Entire home/apt,2,1,1,1,$117.00 ,2,365,t,10,32,54,54,30,9,2,54,2,54,6318,3.97,4.1,4.1,4.79,4.59,4.62,3.79,t,57,27,30,0,0.71
5.87083E+17,100%,100%,f,79,112,t,t,South Boston,42.3348,-71.04473,Private room in serviced apartment,Private room,2,2,1,2,$96.00 ,2,365,t,17,35,57,57,39,15,3,57,6,90,8640,4.38,4.49,4.23,4.79,4.67,4.49,4.26,t,57,27,30,0,0.94
5.89755E+17,100%,69%,f,13,20,t,t,Dorchester,42.32062,-71.0568,Private room in rental unit,Private room,1,1,1,1,$52.00 ,29,365,t,25,55,85,360,106,8,0,95,33,255,13260,4.76,4.79,4.72,4.83,4.9,4.39,4.59,f,13,0,13,0,2.52
5.92272E+17,89%,99%,f,54,112,t,f,Brighton,42.36014,-71.14429,Private room in rental unit,Private room,3,,2,,,29,1125,t,4,24,52,294,10,3,0,61,4,174,,3.8,4.4,4.1,4.7,4.1,3.7,3.7,t,31,8,23,0,0.24
5.92636E+17,100%,96%,f,5084,5865,t,t,Downtown,42.3511858,-71.064017,Entire rental unit,Entire home/apt,2,1,1,1,$334.00 ,32,1125,t,0,0,0,162,1,0,0,0,0,0,0,4,5,5,1,4,5,3,t,343,343,0,0,0.04
5.92638E+17,100%,96%,f,5084,5865,t,t,Downtown,42.365947,-71.063473,Entire rental unit,Entire home/apt,2,1,1,1,$324.00 ,32,1125,t,0,0,0,190,0,0,0,0,0,0,0,,,,,,,,t,343,343,0,0,
5.93275E+17,100%,100%,f,2,2,t,t,East Boston,42.38032,-71.02937,Entire guest suite,Entire home/apt,2,1,1,1,$111.00 ,1,1125,t,3,16,30,294,238,100,9,39,101,255,28305,4.75,4.76,4.82,4.91,4.94,4.54,4.67,f,1,1,0,0,8.8
5.93468E+17,N/A,100%,f,3,3,t,t,Roslindale,42.28408,-71.13138,Entire home,Entire home/apt,5,,3,,,29,1125,t,0,0,0,0,4,0,0,0,0,0,,5,5,5,5,5,5,5,f,2,2,0,0,0.1
5.94797E+17,100%,96%,f,5084,5865,t,t,Fenway,42.3444913,-71.086708,Entire rental unit,Entire home/apt,2,1,1,1,$305.00 ,32,1125,t,0,22,52,327,0,0,0,61,0,0,0,,,,,,,,t,343,343,0,0,
5.948E+17,100%,96%,f,5084,5865,t,t,Fenway,42.34518,-71.08706,Entire rental unit,Entire home/apt,2,1,1,1,$303.00 ,32,1125,t,0,0,0,147,1,0,0,0,0,0,0,5,5,5,5,5,5,4,t,343,343,0,0,0.03
5.95022E+17,N/A,N/A,f,1,1,t,t,Jamaica Plain,42.31124,-71.1163,Entire condo,Entire home/apt,8,,4,,,5,30,t,0,0,0,0,2,0,0,0,0,0,,5,5,5,5,5,5,5,f,1,1,0,0,0.05
5.95621E+17,67%,65%,f,4,4,t,t,Roxbury,42.32745,-71.0943,Entire rental unit,Entire home/apt,4,1.5,2,2,$115.00 ,91,365,t,0,0,0,217,5,1,0,10,0,182,20930,5,5,4.8,5,5,4.6,4.6,f,4,4,0,0,0.12
5.97199E+17,100%,88%,f,1,1,t,f,South End,42.34324661,-71.0766813,Entire condo,Entire home/apt,2,1,1,1,$238.00 ,30,180,t,6,20,50,311,40,6,0,59,8,255,60690,4.98,5,5,5,5,5,4.88,f,1,1,0,0,1.05
5.97525E+17,100%,100%,t,1,8,t,t,Dorchester,42.29725,-71.06725,Entire home,Entire home/apt,12,3,6,6,$498.00 ,29,365,t,30,60,90,364,1,1,0,99,0,58,28884,5,5,5,5,5,5,5,f,1,1,0,0,0.12
5.98404E+17,100%,96%,f,5084,5865,t,t,Fenway,42.34449,-71.08671,Entire rental unit,Entire home/apt,2,1,1,1,$310.00 ,32,1125,t,0,0,0,194,0,0,0,0,0,0,0,,,,,,,,t,343,343,0,0,
5.98427E+17,100%,90%,t,1,1,t,t,Allston,42.36079,-71.12893,Entire rental unit,Entire home/apt,4,1,2,3,$303.00 ,2,200,t,0,0,30,300,49,21,1,40,19,126,38178,4.94,4.98,4.96,4.98,4.98,4.86,4.65,f,1,1,0,0,1.38
6.00758E+17,N/A,71%,t,2,2,t,t,Jamaica Plain,42.32354,-71.10884,Entire rental unit,Entire home/apt,2,,1,,,30,365,t,0,0,0,0,14,6,0,0,7,255,,4.93,5,4.86,4.86,4.93,4.93,4.71,f,1,1,0,0,0.36
6.02328E+17,100%,93%,,280,445,t,t,Beacon Hill,42.36038,-71.06589,Entire rental unit,Entire home/apt,3,1,2,2,$120.00 ,29,365,t,5,7,36,196,11,4,0,45,4,232,27840,4.82,4.45,4.82,5,5,5,4.36,f,115,52,63,0,0.28
6.04155E+17,70%,48%,f,1,1,t,t,Dorchester,42.30805,-71.07671,Entire rental unit,Entire home/apt,4,1,3,3,$258.00 ,3,90,t,7,33,63,224,41,15,0,73,29,90,23220,5,4.95,4.93,5,4.98,4.46,4.88,f,1,1,0,0,1.6
6.04224E+17,100%,96%,f,5084,5865,t,t,South End,42.33856,-71.06907,Entire rental unit,Entire home/apt,2,1,0,1,$256.00 ,32,1125,t,0,0,1,276,0,0,0,10,0,0,0,,,,,,,,t,343,343,0,0,
6.04234E+17,100%,96%,f,5084,5865,t,t,Allston,42.34767,-71.13383,Entire rental unit,Entire home/apt,2,1,0,1,$209.00 ,32,1125,t,0,0,0,34,0,0,0,0,0,0,0,,,,,,,,t,343,343,0,0,
6.04952E+17,100%,96%,f,5084,5865,t,t,Back Bay,42.348633,-71.074088,Entire rental unit,Entire home/apt,2,1,0,1,$338.00 ,32,1125,t,0,0,0,222,1,0,0,0,1,0,0,5,5,3,5,4,5,3,t,343,343,0,0,0.05
6.08359E+17,100%,96%,f,5084,5865,t,t,Bay Village,42.34992,-71.06943,Entire rental unit,Entire home/apt,2,1,1,1,$339.00 ,32,1125,t,0,0,1,204,0,0,0,10,0,0,0,,,,,,,,t,343,343,0,0,
6.08359E+17,100%,96%,f,5084,5865,t,t,Downtown,42.35892,-71.05416,Entire rental unit,Entire home/apt,2,1,1,1,$297.00 ,32,1125,t,0,0,0,84,0,0,0,0,0,0,0,,,,,,,,t,343,343,0,0,
6.08659E+17,100%,100%,t,5,8,t,t,Dorchester,42.2865,-71.03959,Entire rental unit,Entire home/apt,6,5.5,5,5,$596.00 ,1,365,t,30,60,90,342,80,10,0,99,15,60,35760,4.85,4.91,4.84,4.9,4.94,4.61,4.69,f,4,4,0,0,1.96
6.09993E+17,100%,100%,t,35,76,t,t,North End,42.36495,-71.05249,Entire rental unit,Entire home/apt,3,1,1,2,$279.00 ,5,365,t,8,20,50,325,165,37,3,60,51,255,71145,4.92,4.91,4.9,4.92,4.95,4.99,4.79,f,23,23,0,0,4.36
6.10021E+17,89%,94%,f,19,49,t,t,Downtown,42.36611,-71.05918,Entire rental unit,Entire home/apt,8,2,4,4,$622.00 ,29,365,t,4,18,48,323,0,0,0,58,0,0,0,,,,,,,,f,14,12,2,0,
6.11575E+17,100%,100%,f,3,4,t,t,Roslindale,42.28263474,-71.12765503,Private room in home,Private room,2,1,1,1,$63.00 ,5,100,t,10,39,69,343,17,4,0,78,8,40,2520,4.88,4.94,4.82,4.94,4.94,4.82,4.76,f,2,0,2,0,0.43
6.11625E+17,100%,96%,t,70,145,t,t,Beacon Hill,42.35805,-71.06792,Entire rental unit,Entire home/apt,3,1,1,1,$120.00 ,29,365,t,0,21,51,211,9,0,0,60,2,0,0,4.22,4.11,4.11,5,4.89,4.78,4,f,8,8,0,0,0.23
6.11786E+17,100%,96%,t,1,2,t,t,Jamaica Plain,42.32543,-71.10734,Entire home,Entire home/apt,7,1.5,4,3,$334.00 ,2,90,t,0,21,48,88,24,13,0,57,1,78,26052,4.96,4.88,4.88,4.96,5,4.92,4.79,f,1,1,0,0,0.62
6.11835E+17,100%,96%,t,70,145,t,t,Beacon Hill,42.35823565,-71.06924159,Entire rental unit,Entire home/apt,2,1,2,2,$130.00 ,29,365,t,0,17,47,207,5,1,0,56,2,58,7540,4.8,4.8,5,5,5,4.8,4.6,f,8,8,0,0,0.15
6.11884E+17,100%,100%,f,8,10,t,t,Downtown,42.35504532,-71.06221008,Entire rental unit,Entire home/apt,2,1,1,2,$216.00 ,2,365,t,1,7,30,235,128,46,1,39,42,255,55080,4.32,4.36,4.27,4.76,4.75,4.82,4.27,t,8,5,3,0,3.22
6.13037E+17,95%,91%,f,117,207,t,t,Roxbury,42.33626,-71.08569,Entire rental unit,Entire home/apt,4,1,2,2,$288.00 ,30,1125,t,0,0,7,282,6,0,0,17,0,0,0,4.67,4.83,5,4.5,4.83,3.5,4.17,f,33,33,0,0,0.23
6.14069E+17,89%,99%,f,54,112,t,f,Roxbury,42.32789,-71.08992,Entire rental unit,Entire home/apt,8,1.5,4,4,$189.00 ,1,1125,t,0,0,5,5,20,8,0,5,7,48,9072,4.3,4.4,4.35,4.35,4.5,4.45,4.2,t,31,8,23,0,0.6
6.14663E+17,100%,100%,t,130,133,t,t,South End,42.34074,-71.07696,Entire rental unit,Entire home/apt,2,1,0,1,$218.00 ,1,365,t,26,56,86,154,127,24,0,95,33,144,31392,4.81,4.85,4.69,4.93,4.88,4.95,4.49,t,36,36,0,0,3.13
6.15389E+17,100%,100%,t,8,10,t,t,Mission Hill,42.330807,-71.112587,Entire condo,Entire home/apt,4,1,2,3,$194.00 ,3,365,t,8,20,47,219,112,31,3,57,42,186,36084,4.91,4.85,4.87,4.94,4.99,4.86,4.71,f,3,3,0,0,2.73
6.15627E+17,100%,96%,f,5084,5865,t,t,Downtown,42.3511858,-71.064017,Entire rental unit,Entire home/apt,2,1,1,1,$314.00 ,32,1125,t,0,0,22,297,0,0,0,31,0,0,0,,,,,,,,t,343,343,0,0,
6.16253E+17,100%,100%,f,8,10,t,t,Downtown,42.35504532,-71.06221008,Private room in rental unit,Private room,2,1,1,1,$155.00 ,2,300,t,6,25,55,259,86,11,0,64,28,66,10230,4.27,4.38,4.03,4.78,4.8,4.77,4.23,t,8,5,3,0,2.17
6.16616E+17,90%,66%,f,10,21,t,t,Beacon Hill,42.35624,-71.07335,Entire condo,Entire home/apt,1,1,1,1,$162.00 ,30,365,t,0,17,47,68,11,3,0,56,4,180,29160,4.36,4.55,3.55,4.55,4.73,4.91,4.09,f,6,2,4,0,0.27
6.18422E+17,89%,99%,f,54,112,t,f,Roxbury,42.32633,-71.09019,Private room in rental unit,Private room,2,1,0,1,$60.00 ,29,1125,t,10,34,39,39,13,2,0,39,4,116,6960,4.23,4.38,4.46,4.31,4.38,4,4.15,t,31,8,23,0,0.33
6.19253E+17,100%,96%,f,5084,5865,t,t,Downtown,42.3511858,-71.064017,Entire rental unit,Entire home/apt,2,1,1,1,$320.00 ,32,1125,t,0,0,0,208,0,0,0,0,0,0,0,,,,,,,,t,343,343,0,0,
6.19452E+17,100%,100%,t,4,12,t,t,Brighton,42.34344,-71.15595,Private room in home,Private room,2,2,1,1,$96.00 ,29,31,t,22,52,82,262,67,10,0,92,21,255,24480,4.9,4.91,4.85,5,4.97,4.76,4.82,t,4,0,4,0,1.69
6.20532E+17,100%,96%,t,70,145,t,t,West End,42.3613,-71.06494,Entire rental unit,Entire home/apt,2,1,2,2,$145.00 ,29,365,t,1,21,51,230,5,0,0,60,1,0,0,4.6,4.6,4.8,4.8,4.8,4.8,4.4,f,8,8,0,0,0.14
6.20557E+17,100%,93%,,280,445,t,t,West End,42.36153,-71.06487,Entire rental unit,Entire home/apt,1,1,1,1,$104.00 ,29,365,t,0,0,15,194,12,5,0,24,3,255,26520,4.92,4.67,5,4.92,4.92,5,4.08,f,115,52,63,0,0.32
6.2056E+17,100%,93%,,280,445,t,t,West End,42.36182,-71.0654,Entire rental unit,Entire home/apt,4,2,2,2,$140.00 ,29,365,t,0,19,49,229,4,2,0,59,1,116,16240,5,5,4.75,5,5,5,4.75,f,115,52,63,0,0.13
6.20904E+17,0%,0%,f,2,3,t,t,East Boston,42.37155,-71.04287,Private room in bed and breakfast,Private room,2,1,1,1,$257.00 ,4,60,t,26,56,86,176,25,0,0,96,0,0,0,4.52,4.56,4.72,4.68,4.6,4.8,4.56,f,1,0,1,0,0.61
6.22413E+17,100%,98%,t,20,28,t,t,Allston,42.34868,-71.13847,Entire condo,Entire home/apt,2,1,1,1,$196.00 ,29,365,t,0,0,2,277,6,3,0,12,2,174,34104,4.83,4.83,5,4.83,5,4.83,4.5,f,1,1,0,0,0.23
6.22452E+17,100%,98%,f,2,7,t,t,Mission Hill,42.33105,-71.09765,Private room in bed and breakfast,Private room,1,,,,,91,365,t,0,0,0,0,31,2,0,0,3,255,,4.48,4.65,4.35,4.48,4.71,4.42,4.23,t,2,0,2,0,0.77
6.2362E+17,100%,96%,f,5084,5865,t,t,South End,42.33856,-71.06907,Entire rental unit,Entire home/apt,2,1,1,1,$297.00 ,32,1125,t,0,0,0,150,0,0,0,0,0,0,0,,,,,,,,t,343,343,0,0,
6.23689E+17,80%,79%,f,6,9,t,t,Dorchester,42.29677,-71.08227,Private room in rental unit,Private room,1,1,1,1,$76.00 ,91,365,t,0,0,0,274,2,2,0,9,1,255,19380,5,5,5,5,5,5,5,t,3,0,3,0,0.17
6.25297E+17,90%,66%,f,10,21,t,t,Back Bay,42.35085,-71.08205,Entire condo,Entire home/apt,1,1,1,1,$274.00 ,29,365,t,10,40,69,69,2,0,0,69,0,0,0,4.5,4,4,5,5,5,4,f,6,2,4,0,0.05
6.25824E+17,100%,96%,f,5084,5865,t,t,Bay Village,42.34992,-71.06943,Entire rental unit,Entire home/apt,2,1,1,1,$438.00 ,32,1125,t,0,0,0,208,0,0,0,0,0,0,0,,,,,,,,t,343,343,0,0,
6.26281E+17,100%,100%,t,1,1,t,t,Jamaica Plain,42.29756,-71.11414,Entire condo,Entire home/apt,2,1,0,1,$165.00 ,2,1125,t,0,10,33,33,23,23,5,33,0,138,22770,5,5,5,5,5,4.91,4.96,f,1,1,0,0,3.14
6.27992E+17,100%,100%,t,14,14,t,t,South Boston,42.33391,-71.05338,Entire condo,Entire home/apt,6,1,2,2,$345.00 ,2,365,t,16,38,68,336,36,6,0,78,5,36,12420,4.81,4.83,4.89,4.86,4.86,4.75,4.69,t,2,2,0,0,0.89
6.27997E+17,100%,96%,f,5084,5865,t,t,Downtown,42.36595,-71.06347,Entire rental unit,Entire home/apt,2,1,1,1,$365.00 ,32,1125,t,0,0,17,292,1,0,0,26,0,0,0,4,5,5,5,2,5,3,t,343,343,0,0,0.03
6.28133E+17,89%,99%,f,54,112,t,f,Brighton,42.36149,-71.14515,Private room in rental unit,Private room,2,2,1,1,$46.00 ,29,1125,t,5,25,53,307,18,1,0,62,5,58,2668,4.28,4.28,4.39,4.28,4.28,4.33,4.33,t,31,8,23,0,0.45
6.28298E+17,N/A,N/A,f,2,2,t,f,Brighton,42.346661,-71.139252,Entire guest suite,Entire home/apt,2,1,1,1,$139.00 ,2,30,t,6,6,6,6,95,14,4,6,24,84,11676,4.95,4.99,5,4.99,5,4.92,4.95,f,1,1,0,0,2.33
6.29578E+17,0%,N/A,f,1,3,t,t,Hyde Park,42.27189,-71.11775,Private room in condo,Private room,1,1,1,1,$58.00 ,29,365,t,27,57,87,87,1,0,0,87,0,0,0,5,5,5,5,5,5,5,f,1,0,1,0,0.03
6.30247E+17,100%,58%,f,21,29,t,t,Dorchester,42.32107,-71.05923,Entire rental unit,Entire home/apt,2,1,0,1,$117.00 ,31,365,t,30,60,90,365,4,1,0,99,2,62,7254,5,4.75,4.75,5,5,5,4.25,f,9,9,0,0,0.11
6.3027E+17,100%,58%,f,21,29,t,t,Dorchester,42.31967,-71.05772,Entire rental unit,Entire home/apt,2,1,0,1,$119.00 ,31,365,t,28,57,85,360,1,0,0,95,0,0,0,5,5,5,5,5,5,5,f,9,9,0,0,0.04
6.30286E+17,100%,64%,t,24,26,t,f,Dorchester,42.32087,-71.05931,Entire rental unit,Entire home/apt,2,1,0,1,$89.00 ,31,365,t,0,0,0,275,3,0,0,10,2,0,0,4.67,4.67,4.33,5,4.67,4.67,3.67,f,7,7,0,0,0.08
6.30974E+17,100%,64%,t,24,26,t,f,Dorchester,42.31968,-71.0574,Entire rental unit,Entire home/apt,2,1,1,1,$125.00 ,31,365,t,28,57,85,360,1,0,0,95,0,0,0,5,5,5,5,5,5,5,f,7,7,0,0,0.03
6.31118E+17,100%,100%,,3,5,t,f,Brighton,42.35587,-71.15837,Private room in home,Private room,1,3,1,1,$59.00 ,1,365,t,3,8,24,95,95,40,5,30,5,240,14160,4.96,5,4.98,4.97,4.97,4.74,4.93,t,2,0,2,0,2.34
6.33059E+17,100%,96%,f,5084,5865,t,t,Downtown,42.35376,-71.05305,Entire rental unit,Entire home/apt,2,1,1,1,$295.00 ,32,1125,t,0,0,0,57,0,0,0,0,0,0,0,,,,,,,,t,343,343,0,0,
6.33241E+17,100%,92%,t,3,4,t,t,Roslindale,42.28162,-71.12219,Entire home,Entire home/apt,8,2.5,3,3,$494.00 ,3,10,t,0,2,14,22,33,5,0,15,10,30,14820,4.91,4.91,4.73,4.97,4.97,4.73,4.88,f,3,1,2,0,0.82
6.33275E+17,100%,92%,t,3,4,t,t,Roslindale,42.28223,-71.12189,Private room in home,Private room,2,,,,,2,10,t,0,0,0,0,94,18,0,0,31,108,,4.95,4.98,4.9,4.99,4.95,4.67,4.9,f,3,1,2,0,2.36
6.3389E+17,N/A,100%,f,1,2,t,t,Back Bay,42.35063934,-71.08123779,Entire rental unit,Entire home/apt,3,1,1,1,$250.00 ,40,180,t,4,4,4,179,6,2,0,4,1,160,40000,5,5,5,5,5,5,5,f,1,1,0,0,0.16
6.33934E+17,100%,100%,f,2,2,t,t,Mattapan,42.274357,-71.088326,Entire rental unit,Entire home/apt,2,1,0,1,$191.00 ,2,28,t,7,34,64,339,39,13,2,73,20,78,14898,4.92,4.92,4.97,4.97,4.95,4.79,4.79,t,1,1,0,0,1.54
6.34544E+17,100%,96%,f,5084,5865,t,t,Mission Hill,42.3299241,-71.1043268,Entire rental unit,Entire home/apt,4,1,2,2,$283.00 ,32,1125,t,0,0,1,131,1,0,0,1,0,0,0,4,4,5,5,5,5,4,t,343,343,0,0,0.03
6.34844E+17,89%,99%,f,54,112,t,f,Brighton,42.3525,-71.16243,Private room in rental unit,Private room,2,1,1,1,$43.00 ,1,1125,t,2,24,54,329,29,13,1,63,1,78,3354,4.24,4.48,4.34,4.66,4.59,4.66,4.31,t,31,8,23,0,0.73
6.34865E+17,100%,92%,t,11,17,t,t,South End,42.344532,-71.079376,Entire rental unit,Entire home/apt,4,1,1,2,$325.00 ,3,90,t,8,8,8,39,39,10,0,8,9,60,19500,4.97,4.92,4.97,4.74,4.85,5,4.59,f,6,3,3,0,0.98
6.34887E+17,99%,100%,,19,19,t,t,South End,42.33849,-71.07591,Entire rental unit,Entire home/apt,4,1,0,2,$277.00 ,1,365,t,27,57,87,155,77,26,1,96,22,156,43212,4.77,4.82,4.74,4.91,4.87,4.81,4.62,t,12,12,0,0,1.94
6.35673E+17,89%,92%,f,25,86,t,t,Roxbury,42.33729,-71.08545,Entire rental unit,Entire home/apt,4,1,2,2,$288.00 ,30,1125,t,0,0,8,282,4,0,0,17,0,0,0,5,4.25,5,4.75,5,5,4.5,f,9,9,0,0,0.17
6.35679E+17,100%,92%,t,3,4,t,t,Roslindale,42.28377,-71.12212,Private room in home,Private room,2,,,,,2,7,t,0,0,0,0,55,7,0,0,18,42,,4.96,4.96,4.96,5,5,4.82,4.93,f,3,1,2,0,1.37
6.36289E+17,95%,91%,f,117,207,t,t,Roxbury,42.33559,-71.0837,Entire rental unit,Entire home/apt,4,2,2,2,$325.00 ,30,1125,t,2,9,29,186,5,0,0,38,0,0,0,4.6,5,5,4.6,4.8,4.2,4.4,f,33,33,0,0,0.17
6.38235E+17,100%,100%,f,18,163,t,t,South End,42.34132,-71.07847,Entire rental unit,Entire home/apt,2,1,0,1,$467.00 ,14,365,t,28,58,88,355,0,0,0,97,0,0,0,,,,,,,,t,18,18,0,0,
6.38474E+17,100%,96%,t,70,145,t,t,Beacon Hill,42.35849,-71.06928,Entire rental unit,Entire home/apt,2,1,1,1,$130.00 ,29,365,t,0,17,47,207,9,3,0,56,4,174,22620,4.89,4.67,4.78,5,5,4.89,4.67,f,8,8,0,0,0.28
6.38924E+17,95%,81%,,50,71,t,t,Back Bay,42.35221,-71.08263,Entire condo,Entire home/apt,2,1,1,1,$179.00 ,29,90,t,10,40,70,102,99,12,0,79,38,255,45645,4.69,4.72,4.67,4.87,4.93,4.99,4.58,f,6,2,4,0,2.64
6.38978E+17,100%,96%,t,70,145,t,t,Beacon Hill,42.35862,-71.06927,Entire rental unit,Entire home/apt,3,1,2,2,$133.00 ,29,365,t,1,1,27,206,3,1,1,36,0,58,7714,5,5,5,5,5,5,4.33,f,8,8,0,0,0.09
6.40524E+17,100%,88%,t,1,2,t,t,Dorchester,42.27872,-71.07145,Entire guesthouse,Entire home/apt,2,1,1,1,$102.00 ,2,28,t,0,12,40,40,129,42,3,40,41,252,25704,4.89,4.95,4.93,4.99,4.97,4.77,4.88,f,1,1,0,0,3.29
6.40791E+17,100%,100%,t,4,4,t,t,Roxbury,42.32499,-71.08531,Private room in condo,Private room,2,,,,,29,365,t,0,0,0,0,2,0,0,0,0,0,,5,5,5,5,5,4.5,5,t,3,2,1,0,0.05
6.41394E+17,100%,100%,t,4,4,t,t,Roxbury,42.32441,-71.08664,Entire condo,Entire home/apt,4,1,2,2,$188.00 ,2,365,t,6,11,11,11,53,29,8,11,4,174,32712,4.7,4.6,4.68,4.83,4.96,4.19,4.45,f,3,2,1,0,1.41
6.41963E+17,100%,96%,t,70,145,t,t,Beacon Hill,42.35884,-71.06953,Entire rental unit,Entire home/apt,2,1,2,2,$145.00 ,29,365,t,0,6,36,196,4,0,0,45,1,0,0,4.5,4.25,4.75,5,5,5,4.5,f,8,8,0,0,0.15
6.41974E+17,100%,96%,t,70,145,t,t,Beacon Hill,42.35864,-71.06899,Entire rental unit,Entire home/apt,1,1,1,1,$173.00 ,29,365,t,0,6,36,196,7,4,0,45,4,232,40136,3.86,3.86,4.43,4.86,4.71,4.71,3.57,f,8,8,0,0,0.28
6.42574E+17,100%,100%,t,35,76,t,t,Jamaica Plain,42.32173,-71.1113,Entire home,Entire home/apt,6,2,3,4,$266.00 ,2,365,t,16,34,34,34,21,7,0,34,3,42,11172,4.95,4.81,4.81,4.86,4.95,4.76,4.48,f,23,23,0,0,0.53
6.42707E+17,90%,73%,t,2,2,t,t,Hyde Park,42.25022,-71.12842,Private room in home,Private room,2,1.5,1,1,$82.00 ,10,730,t,29,59,89,364,25,0,0,99,2,0,0,4.8,4.88,4.64,4.92,4.96,4.64,4.84,f,2,1,1,0,0.62
6.42948E+17,87%,89%,,11,14,t,t,Brighton,42.352,-71.14877,Entire condo,Entire home/apt,3,1,2,2,$145.00 ,30,365,t,0,29,59,239,21,10,0,69,8,255,36975,4.9,5,4.86,5,4.95,4.86,4.76,f,4,4,0,0,0.55
6.44008E+17,60%,57%,f,1,2,t,t,Dorchester,42.30009,-71.07765,Entire rental unit,Entire home/apt,5,1,3,3,$161.00 ,29,1125,t,0,25,55,330,20,2,0,64,2,116,18676,4.7,4.8,4.95,4.9,4.9,4.25,4.55,f,1,1,0,0,0.55
6.4467E+17,100%,93%,,280,445,t,t,Beacon Hill,42.36067848,-71.06685274,Entire rental unit,Entire home/apt,5,1,4,4,$160.00 ,29,365,t,0,0,3,182,6,3,0,12,2,174,27840,4.83,4.17,4.67,5,4.83,5,4.67,f,115,52,63,0,0.21
6.45002E+17,100%,100%,t,1,1,t,t,West Roxbury,42.2938741,-71.1524408,Entire rental unit,Entire home/apt,4,1,2,5,$275.00 ,7,95,t,1,23,42,210,62,19,4,42,29,255,70125,5,5,4.98,4.98,4.98,4.95,4.92,f,1,1,0,0,1.6
6.47924E+17,N/A,N/A,f,1,1,t,t,East Boston,42.38011535,-71.03065338,Entire home,Entire home/apt,8,,3,,,3,365,t,0,0,0,0,2,0,0,0,1,0,,4.5,4.5,4.5,5,5,5,5,f,1,1,0,0,0.07
6.49154E+17,100%,100%,t,130,133,t,t,South End,42.34253,-71.07674,Entire rental unit,Entire home/apt,2,1,0,1,$161.00 ,1,365,t,10,28,48,116,162,30,7,57,42,180,28980,4.83,4.85,4.83,4.94,4.94,4.94,4.65,t,36,36,0,0,4.06
6.49228E+17,100%,100%,f,59,74,t,t,Fenway,42.34853335,-71.10454677,Entire serviced apartment,Entire home/apt,2,1,1,1,$322.00 ,1,365,t,11,41,71,343,170,44,2,81,50,255,82110,4.82,4.87,4.85,4.95,4.93,4.89,4.69,f,59,59,0,0,4.29
6.50581E+17,100%,94%,f,28,31,t,t,Hyde Park,42.25279,-71.11463,Private room in serviced apartment,Private room,2,1,1,1,$90.00 ,29,365,t,14,44,74,349,52,0,0,84,3,0,0,4.92,4.9,4.98,4.92,4.85,4.79,4.75,f,5,0,5,0,1.32
6.50779E+17,95%,91%,f,117,207,t,t,Roxbury,42.33563,-71.08578,Entire rental unit,Entire home/apt,4,2,2,2,$269.00 ,30,1125,t,0,0,5,280,13,1,0,15,1,60,16140,5,4.92,5,4.54,4.77,4.54,4.46,f,33,33,0,0,0.44
6.51322E+17,100%,86%,t,1,1,t,t,West Roxbury,42.27376,-71.17007,Entire townhouse,Entire home/apt,5,2.5,3,3,$300.00 ,4,365,t,5,35,65,127,80,21,2,75,29,168,50400,5,4.98,4.95,5,5,4.91,4.98,f,1,1,0,0,2.06
6.52014E+17,100%,100%,f,5,6,t,t,Roxbury,42.32094,-71.07895,Entire rental unit,Entire home/apt,4,,2,,,29,365,t,18,46,57,74,33,0,0,57,3,0,,4.76,4.73,4.91,4.88,4.88,4.12,4.58,t,5,1,4,0,0.92
6.53014E+17,100%,100%,t,2,4,t,f,South Boston,42.32917,-71.0533,Entire condo,Entire home/apt,6,1,2,2,$263.00 ,29,90,t,12,37,67,323,12,0,0,77,0,0,0,4.83,4.75,4.58,4.92,4.83,4.92,4.42,t,1,1,0,0,0.32
6.55515E+17,100%,96%,f,5084,5865,t,t,Roxbury,42.3399944,-71.0814304,Entire rental unit,Entire home/apt,2,,,,,32,1125,t,0,0,1,201,0,0,0,1,0,0,,,,,,,,,t,343,343,0,0,
6.55515E+17,100%,96%,f,5084,5865,t,t,Fenway,42.3438654,-71.0880786,Entire rental unit,Entire home/apt,2,1,1,1,$230.00 ,32,1125,t,0,0,0,116,1,0,0,0,0,0,0,5,4,5,5,5,5,5,t,343,343,0,0,0.03
6.58109E+17,100%,100%,f,1,1,t,t,East Boston,42.36969,-71.03944,Entire condo,Entire home/apt,4,1,2,2,$223.00 ,1,45,t,2,15,37,285,6,6,4,45,0,36,8028,5,5,5,5,5,4.67,4.83,f,1,1,0,0,3.21
6.5861E+17,80%,100%,t,2,3,t,t,Fenway,42.34997,-71.09185,Entire rental unit,Entire home/apt,2,1,0,1,$234.00 ,1,365,t,26,56,86,138,132,34,4,86,40,204,47736,4.7,4.76,4.76,4.88,4.89,4.77,4.51,t,1,1,0,0,3.39
6.58713E+17,100%,100%,f,59,74,t,t,Fenway,42.34938,-71.09293,Entire serviced apartment,Entire home/apt,4,2.5,2,2,$809.00 ,1,365,t,18,40,45,191,210,58,1,45,69,255,206295,4.82,4.88,4.89,4.75,4.92,4.92,4.7,f,59,59,0,0,5.34
6.58766E+17,95%,91%,f,117,207,t,t,Roxbury,42.3364,-71.08554,Entire rental unit,Entire home/apt,4,1,2,2,$259.00 ,30,1125,t,0,0,0,144,14,0,0,0,0,0,0,4.64,4.5,4.79,4.79,4.93,4.64,4.5,f,33,33,0,0,0.49
6.58811E+17,0%,0%,f,1,2,t,t,Jamaica Plain,42.3071118,-71.1121067,Entire home,Entire home/apt,7,1.5,4,4,$388.00 ,29,365,t,30,60,90,364,11,0,0,99,0,0,0,4.73,4.82,4.55,4.91,4.91,4.82,4.55,f,1,1,0,0,0.29
6.59156E+17,100%,96%,f,5084,5865,t,t,Back Bay,42.348129,-71.080849,Entire rental unit,Entire home/apt,2,1,1,1,$458.00 ,32,1125,t,25,55,85,288,1,0,0,94,0,0,0,5,5,5,5,5,5,5,t,343,343,0,0,0.03
6.59421E+17,100%,100%,f,1,1,t,t,Roslindale,42.27901,-71.1153,Entire guest suite,Entire home/apt,3,1,1,1,$136.00 ,2,1125,t,9,31,61,335,155,24,1,70,34,144,19584,4.68,4.79,4.86,4.9,4.87,4.7,4.57,f,1,1,0,0,4.32
6.59512E+17,95%,91%,f,117,207,t,t,South End,42.34041,-71.06949,Entire rental unit,Entire home/apt,3,2,2,1,$286.00 ,180,1125,t,0,0,15,289,1,0,0,24,0,0,0,5,5,5,5,5,5,5,f,33,33,0,0,0.04
6.6075E+17,N/A,N/A,f,1,1,t,f,East Boston,42.36759,-71.03371,Entire rental unit,Entire home/apt,5,1,2,4,$230.00 ,1,15,t,17,38,68,343,169,40,3,78,45,240,55200,4.97,4.95,4.98,4.98,4.96,4.8,4.82,f,1,1,0,0,4.49
6.60763E+17,100%,100%,t,2,2,t,t,West Roxbury,42.2945,-71.13955,Entire home,Entire home/apt,10,2.5,4,6,$388.00 ,2,365,t,14,36,59,322,86,14,0,69,33,84,32592,4.99,4.99,4.92,5,4.99,4.95,4.88,f,1,1,0,0,2.2
6.62231E+17,99%,99%,f,15,22,t,t,Leather District,42.3504614,-71.0579946,Entire condo,Entire home/apt,4,1,2,2,$175.00 ,59,365,t,0,14,44,318,3,0,0,53,0,0,0,5,5,4.67,5,5,5,4.33,f,10,10,0,0,0.1
6.63555E+17,100%,96%,f,5084,5865,t,t,Downtown,42.365947,-71.063473,Entire rental unit,Entire home/apt,2,1,1,1,$352.00 ,32,1125,t,4,4,26,301,0,0,0,36,0,0,0,,,,,,,,t,343,343,0,0,
6.63557E+17,100%,96%,f,5084,5865,t,t,Downtown,42.365947,-71.063473,Entire rental unit,Entire home/apt,2,1,1,1,$350.00 ,32,1125,t,0,0,0,176,0,0,0,0,0,0,0,,,,,,,,t,343,343,0,0,
6.64601E+17,N/A,85%,f,1,2,t,t,South Boston,42.33599,-71.04715,Entire condo,Entire home/apt,4,,1,,,2,365,t,0,0,0,0,34,15,0,0,6,90,,4.74,4.74,4.62,4.79,4.91,4.85,4.59,f,1,1,0,0,0.93
6.65822E+17,100%,N/A,f,2,7,t,f,Mattapan,42.2751934,-71.094881,Private room in rental unit,Private room,2,1,1,1,$88.00 ,29,1125,t,30,60,90,365,20,0,0,99,0,0,0,4.6,4.7,4.65,4.5,4.75,4.15,4.25,t,2,0,2,0,0.67
6.66008E+17,90%,99%,t,2,2,t,t,Allston,42.35652,-71.13679,Entire condo,Entire home/apt,6,1.5,3,3,$406.00 ,2,180,t,17,41,71,161,68,23,2,81,28,138,56028,4.88,4.94,4.96,4.97,5,4.56,4.63,f,2,2,0,0,2.05
6.66183E+17,100%,93%,,280,445,t,t,Beacon Hill,42.3583,-71.0693,Entire rental unit,Entire home/apt,3,1,1,2,$122.00 ,29,365,t,3,3,21,181,9,4,1,30,4,232,28304,4.78,4.78,4.44,5,5,4.89,4.44,f,115,52,63,0,0.32
6.66384E+17,100%,96%,f,5084,5865,t,t,Mission Hill,42.3299241,-71.1043268,Entire rental unit,Entire home/apt,2,1,1,1,$255.00 ,32,1125,t,0,0,0,54,0,0,0,0,0,0,0,,,,,,,,t,343,343,0,0,
6.66718E+17,100%,100%,f,59,74,t,t,Fenway,42.34782783,-71.09417717,Entire serviced apartment,Entire home/apt,2,1,1,1,$243.00 ,1,365,t,5,25,55,291,184,35,1,64,63,210,51030,4.77,4.84,4.84,4.89,4.91,4.86,4.61,f,59,59,0,0,4.71
6.67602E+17,100%,100%,f,1,1,t,t,Brighton,42.34872175,-71.14571596,Entire condo,Entire home/apt,2,1,1,1,$159.00 ,91,365,t,0,0,0,112,0,0,0,0,0,0,0,,,,,,,,f,1,1,0,0,
6.68819E+17,N/A,100%,t,1,1,t,t,Hyde Park,42.2678,-71.12603,Private room in rental unit,Private room,2,1,1,1,$71.00 ,29,90,t,0,0,0,166,6,2,0,0,2,116,8236,5,5,5,5,5,5,5,f,1,0,1,0,0.17
6.68878E+17,100%,93%,,280,445,t,t,Beacon Hill,42.35979,-71.06557,Entire rental unit,Entire home/apt,4,2,3,4,$148.00 ,29,365,t,0,0,3,182,8,2,0,12,3,116,17168,4.75,4.75,4.88,5,4.75,5,4.63,f,115,52,63,0,0.3
6.69596E+17,100%,99%,f,7,8,t,t,South End,42.34408,-71.07934,Entire rental unit,Entire home/apt,4,1,1,2,$426.00 ,1,1125,t,27,55,84,324,25,11,1,93,1,66,28116,4.36,4.12,4.68,4.68,4.64,4.72,4.2,f,7,7,0,0,0.7
6.69739E+17,100%,93%,,280,445,t,t,Beacon Hill,42.35974,-71.06582,Entire rental unit,Entire home/apt,3,1,1,2,$125.00 ,29,365,t,3,30,60,220,9,3,0,69,5,174,21750,5,4.89,4.67,5,5,5,4.78,f,115,52,63,0,0.32
6.70092E+17,100%,100%,f,4,4,t,t,Mattapan,42.2736,-71.07226,Entire condo,Entire home/apt,5,1,3,3,$217.00 ,2,365,t,22,52,82,357,42,19,1,92,20,114,24738,4.81,4.86,4.86,4.93,4.88,4.74,4.69,f,3,3,0,0,1.48
6.70092E+17,100%,100%,f,4,4,t,t,Mattapan,42.27173,-71.07147,Entire condo,Entire home/apt,2,1,1,1,$118.00 ,2,1125,t,20,48,78,353,54,17,2,88,10,102,12036,4.57,4.69,4.78,4.83,4.87,4.56,4.46,f,3,3,0,0,1.4
6.70106E+17,100%,96%,f,5084,5865,t,t,Back Bay,42.3496453,-71.0813703,Entire rental unit,Entire home/apt,2,,1,,,32,1125,t,0,0,0,181,0,0,0,0,0,0,,,,,,,,,t,343,343,0,0,
6.70517E+17,100%,93%,,280,445,t,t,Beacon Hill,42.36029,-71.06609,Entire rental unit,Entire home/apt,3,1,1,2,$100.00 ,29,365,t,17,17,45,205,3,0,0,54,0,0,0,5,4.67,4.67,5,5,5,4.67,f,115,52,63,0,0.09
6.70544E+17,100%,93%,,280,445,t,t,Beacon Hill,42.36091,-71.06944,Entire rental unit,Entire home/apt,4,1,2,2,$135.00 ,29,365,t,3,22,52,212,10,4,0,61,4,232,31320,5,4.6,4.7,5,5,5,4.8,f,115,52,63,0,0.29
6.7056E+17,100%,93%,,280,445,t,t,Beacon Hill,42.36023,-71.0711,Entire rental unit,Entire home/apt,4,1,3,3,$135.00 ,29,365,t,0,23,53,213,7,1,0,62,1,58,7830,5,4.86,4.71,5,4.86,5,4.71,f,115,52,63,0,0.19
6.71063E+17,90%,100%,t,1,1,f,f,Mattapan,42.27282,-71.07049,Entire rental unit,Entire home/apt,6,1,3,3,$319.00 ,2,365,t,21,49,79,349,19,10,1,88,13,60,19140,4.89,4.84,4.95,4.74,4.84,4.74,4.58,t,1,1,0,0,1.02
6.71272E+17,100%,100%,f,6,7,t,t,Downtown,42.3550474,-71.0622106,Entire rental unit,Entire home/apt,3,1,1,2,$216.00 ,2,365,t,1,9,35,240,131,64,1,44,42,255,55080,4.45,4.52,4.47,4.71,4.79,4.79,4.43,t,6,3,3,0,3.4
6.71642E+17,100%,100%,t,8,10,t,t,Charlestown,42.37017,-71.0614,Boat,Entire home/apt,4,1.5,1,1,$336.00 ,1,1125,t,3,3,3,150,24,15,4,3,10,90,30240,4.88,4.88,4.83,4.88,4.92,4.96,4.67,t,8,1,7,0,1.48
6.72254E+17,N/A,100%,f,1,1,t,t,Hyde Park,42.25127,-71.11544,Entire home,Entire home/apt,8,2,4,3,$324.00 ,29,365,t,7,37,67,247,6,5,0,77,6,255,82620,5,4.83,4.83,4.83,5,4.83,4.83,f,1,1,0,0,0.49
6.73911E+17,100%,99%,t,4,4,t,t,Charlestown,42.37449,-71.06198,Entire condo,Entire home/apt,2,,1,,,90,365,t,0,0,0,0,1,0,0,0,0,0,,5,5,5,5,5,5,5,f,1,1,0,0,0.03
6.74134E+17,0%,100%,f,1,1,t,t,Back Bay,42.35442866,-71.07559182,Entire condo,Entire home/apt,4,1,0,1,$112.00 ,91,365,t,0,0,1,275,1,1,0,10,1,182,20384,5,5,4,5,5,5,4,f,1,1,0,0,0.1
6.74201E+17,89%,99%,f,54,112,t,f,Brighton,42.36151,-71.14337,Private room in rental unit,Private room,2,2,1,1,$46.00 ,29,1125,t,5,25,53,307,24,3,0,62,7,174,8004,4.5,4.46,4.71,4.58,4.79,4.54,4.21,t,31,8,23,0,0.66
6.74339E+17,100%,96%,f,5084,5865,t,t,Downtown,42.365947,-71.063473,Entire rental unit,Entire home/apt,2,1,1,1,$279.00 ,32,1125,t,0,0,4,279,1,0,0,14,0,0,0,5,5,5,5,5,5,5,t,343,343,0,0,0.04
6.74353E+17,100%,96%,f,5084,5865,t,t,West End,42.36455,-71.0687657,Entire rental unit,Entire home/apt,2,1,1,1,$281.00 ,32,1125,t,0,0,0,221,0,0,0,0,0,0,0,,,,,,,,t,343,343,0,0,
6.74466E+17,100%,90%,t,1,2,t,t,Jamaica Plain,42.3223593,-71.1127947,Entire condo,Entire home/apt,4,1,2,3,$328.00 ,6,1125,t,2,14,44,134,31,8,1,54,10,96,31488,5,4.97,4.97,4.94,5,5,4.74,f,1,1,0,0,0.83
6.75147E+17,100%,96%,f,5084,5865,t,t,Downtown,42.365947,-71.063473,Entire rental unit,Entire home/apt,2,1,1,1,$337.00 ,32,1125,t,1,1,1,76,1,0,0,1,0,0,0,5,5,5,5,5,5,4,t,343,343,0,0,0.04
6.75262E+17,100%,92%,f,4,6,t,t,Roxbury,42.32001,-71.07952,Entire rental unit,Entire home/apt,2,1,1,1,$156.00 ,1,5,t,15,31,50,50,1,1,1,50,0,6,936,5,5,5,5,5,5,5,t,4,4,0,0,1
6.76257E+17,100%,93%,,280,445,t,t,Beacon Hill,42.35907,-71.06728,Entire rental unit,Entire home/apt,3,1,3,1,$135.00 ,29,365,t,0,11,41,220,10,2,0,50,4,116,15660,4.8,4.7,4.9,5,5,4.9,4.7,f,115,52,63,0,0.29
6.76484E+17,100%,96%,f,5084,5865,t,t,Downtown,42.3511858,-71.064017,Entire rental unit,Entire home/apt,4,2,2,2,$373.00 ,32,1125,t,0,0,3,278,0,0,0,12,0,0,0,,,,,,,,t,343,343,0,0,
6.7666E+17,100%,100%,f,79,112,t,t,South Boston,42.3426837,-71.0565334,Entire rental unit,Entire home/apt,4,1,1,2,$221.00 ,1,365,t,14,26,56,65,96,36,5,65,29,216,47736,4.63,4.79,4.71,4.83,4.81,4.79,4.41,t,57,27,30,0,2.49
6.76691E+17,100%,100%,f,79,112,t,t,South Boston,42.3426837,-71.0565334,Entire rental unit,Entire home/apt,4,1,1,2,$179.00 ,1,365,t,15,42,72,82,58,29,3,82,16,174,31146,4.33,4.55,4.64,4.84,4.66,4.43,4.19,t,57,27,30,0,1.56
6.76714E+17,100%,100%,f,79,112,t,t,South Boston,42.3426837,-71.0565334,Entire rental unit,Entire home/apt,4,1,1,2,$178.00 ,1,365,t,10,33,63,73,57,21,1,73,16,126,22428,4.42,4.56,4.56,4.86,4.75,4.61,4.16,t,57,27,30,0,1.54
6.76859E+17,95%,91%,f,117,207,t,t,Dorchester,42.31135,-71.04706,Entire rental unit,Entire home/apt,2,1,1,1,$247.00 ,30,1125,t,5,35,65,339,4,0,0,74,0,0,0,4.75,5,4.75,4.75,4.5,4.75,4.5,f,33,33,0,0,0.15
6.78979E+17,100%,98%,f,21,122,t,t,Back Bay,42.34914,-71.0807,Entire rental unit,Entire home/apt,2,1,1,1,$391.00 ,1,1125,t,11,30,60,277,40,10,0,69,5,60,23460,4.33,4.48,4.63,4.33,4.3,4.75,4.15,t,16,10,6,0,1.04
6.78981E+17,100%,98%,f,21,122,t,t,Back Bay,42.35039,-71.0821,Entire rental unit,Entire home/apt,2,1,1,1,$291.00 ,1,1125,t,6,13,32,232,18,5,0,35,1,30,8730,4.17,4.44,4.61,4.61,4.17,4.78,4.22,t,16,10,6,0,0.48
6.78982E+17,100%,98%,f,21,122,t,t,Back Bay,42.35057,-71.08177,Entire rental unit,Entire home/apt,4,1,1,2,$472.00 ,1,1125,t,25,53,83,303,134,43,2,92,45,255,120360,4.46,4.62,4.74,4.69,4.39,4.94,4.37,t,16,10,6,0,3.48
6.79872E+17,100%,86%,t,2,2,t,t,Mattapan,42.27871,-71.09947,Private room in home,Private room,1,1,1,1,$51.00 ,4,730,t,9,39,69,344,28,6,2,79,13,48,2448,5,4.96,4.96,4.93,4.93,4.57,4.86,f,2,0,2,0,0.76
6.79963E+17,89%,99%,f,54,112,t,f,Brighton,42.35151,-71.16219,Private room in rental unit,Private room,2,,1,,,1,1125,t,0,0,0,130,23,5,0,0,5,30,,4.35,4.39,4.26,4.39,4.17,4.57,4.26,t,31,8,23,0,0.62
6.80166E+17,100%,96%,f,5084,5865,t,t,Downtown,42.365947,-71.063473,Entire rental unit,Entire home/apt,2,1,1,1,$355.00 ,32,1125,t,0,30,60,335,0,0,0,70,0,0,0,,,,,,,,t,343,343,0,0,
6.816E+17,100%,96%,f,5084,5865,t,t,Downtown,42.365947,-71.063473,Entire rental unit,Entire home/apt,2,1,1,1,$330.00 ,32,1125,t,0,0,0,116,0,0,0,0,0,0,0,,,,,,,,t,343,343,0,0,
6.81784E+17,90%,63%,f,9,9,t,t,Allston,42.35713,-71.13,Private room in home,Private room,1,,,,,91,365,t,0,0,14,288,5,2,0,23,2,255,,4.8,4.8,4.8,4.8,4.8,4.8,5,f,9,0,9,0,0.15
6.81821E+17,100%,91%,t,2,3,t,t,East Boston,42.3793231,-71.031711,Entire guest suite,Entire home/apt,10,2,5,7,$442.00 ,3,365,t,8,31,59,225,47,5,1,62,1,30,13260,4.96,4.87,4.98,4.96,5,4.74,4.8,f,1,1,0,0,1.44
6.82707E+17,100%,100%,t,3,3,t,t,Dorchester,42.31344,-71.053,Private room in condo,Private room,2,2,1,1,$81.00 ,29,180,t,0,14,44,319,7,2,0,54,2,116,9396,5,5,5,5,5,5,4.71,t,3,0,3,0,0.19
6.83769E+17,100%,96%,f,5084,5865,t,t,Back Bay,42.3491652,-71.0807758,Entire rental unit,Entire home/apt,2,1,1,1,$348.00 ,32,1125,t,0,0,0,144,0,0,0,0,0,0,0,,,,,,,,t,343,343,0,0,
6.83915E+17,100%,100%,f,40,74,t,t,Downtown,42.35818708,-71.05292292,Entire serviced apartment,Entire home/apt,2,1,0,1,$381.00 ,1,365,t,15,44,74,167,181,36,0,84,66,216,82296,4.89,4.86,4.91,4.93,4.95,4.93,4.72,f,40,40,0,0,4.87
6.83915E+17,100%,100%,f,40,74,t,t,Downtown,42.3585186,-71.05364896,Entire serviced apartment,Entire home/apt,2,1,1,1,$452.00 ,1,365,t,19,36,36,197,171,43,1,36,58,255,115260,4.75,4.65,4.75,4.88,4.85,4.94,4.59,f,40,40,0,0,4.6
6.83915E+17,100%,100%,f,40,74,t,t,Downtown,42.35851419,-71.05316638,Entire serviced apartment,Entire home/apt,4,2,2,2,$417.00 ,1,365,t,2,18,42,222,215,64,2,52,96,255,106335,4.75,4.79,4.86,4.93,4.92,4.89,4.61,f,40,40,0,0,5.78
6.83918E+17,100%,89%,t,1,1,t,t,South End,42.344284,-71.0697069,Entire condo,Entire home/apt,6,2.5,3,3,"$1,034.00 ",3,28,t,14,40,60,311,59,25,2,68,19,150,155100,5,5,5,5,5,5,4.9,f,1,1,0,0,1.64
6.84051E+17,100%,100%,f,2,2,t,t,South Boston,42.3349726,-71.0398177,Entire rental unit,Entire home/apt,2,1,1,1,$300.00 ,1,365,t,19,49,79,354,0,0,0,89,0,0,0,,,,,,,,f,1,1,0,0,
6.84625E+17,100%,96%,f,5084,5865,t,t,Downtown,42.365947,-71.063473,Entire rental unit,Entire home/apt,2,1,0,1,$260.00 ,32,1125,t,0,0,0,270,0,0,0,4,0,0,0,,,,,,,,t,343,343,0,0,
6.84686E+17,100%,100%,f,4,10,t,t,Back Bay,42.34252,-71.08402,Entire rental unit,Entire home/apt,2,1,0,2,$199.00 ,1,365,t,18,43,73,325,116,25,4,82,42,150,29850,4.85,4.81,4.91,4.97,4.95,4.97,4.61,f,4,4,0,0,3.04
6.85265E+17,100%,93%,,280,445,t,t,Beacon Hill,42.36031,-71.06319,Entire rental unit,Entire home/apt,5,1,3,3,$168.00 ,29,365,t,0,0,3,163,11,3,0,12,5,174,29232,4.73,4.73,4.55,5,5,4.82,4.73,f,115,52,63,0,0.37
6.85265E+17,100%,93%,,280,445,t,t,Beacon Hill,42.3595,-71.06517,Entire rental unit,Entire home/apt,4,1,3,3,$130.00 ,29,365,t,3,16,46,225,2,1,0,55,2,58,7540,4.5,4,5,5,5,5,4.5,f,115,52,63,0,0.1
6.85485E+17,100%,93%,,280,445,t,t,Beacon Hill,42.35916,-71.06713,Entire rental unit,Entire home/apt,5,1,4,4,$134.00 ,29,365,t,26,36,36,207,6,1,0,37,3,58,7772,4.5,4.33,4.67,4.83,4.67,5,4.33,f,115,52,63,0,0.23
6.85511E+17,100%,94%,t,1,1,t,t,South End,42.34216,-71.08169,Entire condo,Entire home/apt,4,1,1,1,$344.00 ,2,28,t,5,25,55,308,152,37,0,64,59,222,76368,4.89,4.91,4.93,4.92,4.94,4.95,4.69,f,1,1,0,0,4.24
6.85747E+17,100%,87%,f,4,6,t,t,Mattapan,42.2882,-71.09446,Entire condo,Entire home/apt,6,1,3,3,$275.00 ,2,1125,t,21,51,81,356,19,0,0,90,0,0,0,4.95,4.95,5,4.89,4.89,4.42,4.74,t,1,1,0,0,0.5
6.85906E+17,100%,96%,f,5084,5865,t,t,Downtown,42.365947,-71.063473,Entire rental unit,Entire home/apt,2,1,0,1,$331.00 ,32,1125,t,1,1,1,164,0,0,0,1,0,0,0,,,,,,,,t,343,343,0,0,
6.86384E+17,87%,76%,f,102,193,t,t,Back Bay,42.34821,-71.08002,Entire rental unit,Entire home/apt,5,2,2,3,$399.00 ,29,365,t,30,60,90,365,3,0,0,99,1,0,0,5,5,5,5,5,5,4.67,f,72,72,0,0,0.11
6.86659E+17,100%,96%,f,5084,5865,t,t,Back Bay,42.348633,-71.074088,Entire rental unit,Entire home/apt,2,1,1,1,$319.00 ,32,1125,t,30,60,90,365,0,0,0,99,0,0,0,,,,,,,,t,343,343,0,0,
6.86824E+17,100%,93%,,280,445,t,t,Beacon Hill,42.36038,-71.06824,Entire rental unit,Entire home/apt,3,1,1,2,$125.00 ,29,365,t,5,10,40,219,7,1,0,49,2,58,7250,4.86,4.71,4.57,5,5,5,4.14,f,115,52,63,0,0.21
6.86859E+17,100%,99%,t,2,2,t,t,Jamaica Plain,42.29687,-71.11235,Entire rental unit,Entire home/apt,5,1,3,4,$182.00 ,3,1125,t,7,19,41,302,101,31,4,51,33,186,33852,4.85,4.87,4.91,4.95,4.93,4.86,4.68,f,2,2,0,0,2.66
6.8698E+17,100%,93%,,280,445,t,t,Downtown,42.36164,-71.06365,Entire rental unit,Entire home/apt,5,1,3,3,$168.00 ,29,365,t,0,0,4,183,10,3,0,13,5,174,29232,5,5,5,5,5,5,4.8,f,115,52,63,0,0.28
6.87078E+17,100%,93%,,280,445,t,t,Beacon Hill,42.36033,-71.06328,Entire rental unit,Entire home/apt,5,1,3,3,$168.00 ,29,365,t,0,0,2,138,8,2,0,11,3,116,19488,4.88,4.75,5,5,5,5,4.88,f,115,52,63,0,0.25
6.87101E+17,100%,93%,,280,445,t,t,Beacon Hill,42.35952,-71.06485,Entire rental unit,Entire home/apt,3,1,2,2,$140.00 ,29,365,t,0,20,50,229,6,2,1,59,2,116,16240,4.83,4.83,4.83,5,4.67,5,4.5,f,115,52,63,0,0.18
6.87245E+17,100%,93%,,280,445,t,t,Beacon Hill,42.36006,-71.06725,Entire rental unit,Entire home/apt,3,1,1,1,$125.00 ,29,365,t,0,0,23,183,5,1,0,32,1,58,7250,4.8,4.6,4.4,5,4.8,5,4,f,115,52,63,0,0.16
6.8891E+17,100%,96%,f,5084,5865,t,t,Jamaica Plain,42.300817,-71.1123347,Entire rental unit,Entire home/apt,2,1,1,1,$208.00 ,32,1125,t,0,0,0,86,0,0,0,0,0,0,0,,,,,,,,t,343,343,0,0,
6.89145E+17,100%,100%,f,1,1,t,t,Jamaica Plain,42.3124907,-71.1023494,Entire home,Entire home/apt,8,2,3,4,$316.00 ,7,28,t,0,0,6,18,12,4,2,16,3,56,17696,5,5,5,4.92,5,4.92,4.75,f,1,1,0,0,0.36
6.89608E+17,100%,96%,f,5084,5865,t,t,Back Bay,42.348633,-71.074088,Entire rental unit,Entire home/apt,2,1,0,1,$358.00 ,32,1125,t,0,0,0,267,0,0,0,1,0,0,0,,,,,,,,t,343,343,0,0,
6.89792E+17,100%,100%,f,40,74,t,t,Downtown,42.35742713,-71.05498999,Entire serviced apartment,Entire home/apt,4,2,2,2,$390.00 ,1,365,t,8,12,34,209,146,38,2,43,52,228,88920,4.71,4.73,4.81,4.86,4.83,4.89,4.55,f,40,40,0,0,3.93
6.89804E+17,100%,100%,f,40,74,t,t,Downtown,42.35871,-71.05515,Entire serviced apartment,Entire home/apt,2,1,0,1,$266.00 ,1,365,t,14,19,21,194,154,31,0,29,53,186,49476,4.79,4.9,4.86,4.88,4.9,4.89,4.56,f,40,40,0,0,4.13
6.89982E+17,100%,100%,t,2,2,t,t,South Boston,42.333055,-71.0487466,Entire rental unit,Entire home/apt,4,1,1,2,$272.00 ,1,1125,t,9,32,41,216,81,24,6,41,20,144,39168,4.83,4.93,4.83,4.96,4.93,4.76,4.6,t,1,1,0,0,2.17
6.90102E+17,100%,100%,f,10,29,t,t,Allston,42.35147,-71.13247,Private room in home,Private room,2,2,1,1,$113.00 ,29,365,t,11,11,29,208,63,10,0,38,19,255,28815,4.16,4.19,3.98,4.59,4.3,4.54,4.13,t,4,0,4,0,1.69
6.904E+17,100%,92%,t,9,9,t,t,West Roxbury,42.27324,-71.16277,Entire guest suite,Entire home/apt,2,1,0,1,$110.00 ,91,365,t,0,22,52,327,3,1,0,61,1,182,20020,5,4.33,5,5,5,5,4.33,t,3,3,0,0,0.11
6.90401E+17,100%,96%,f,5084,5865,t,t,Back Bay,42.3496958,-71.081231,Entire rental unit,Entire home/apt,2,1,1,1,$315.00 ,32,1125,t,0,0,0,0,1,0,0,0,0,0,0,5,5,5,5,5,5,5,t,343,343,0,0,0.04
6.90401E+17,100%,96%,f,5084,5865,t,t,Back Bay,42.3496611,-71.0814631,Entire rental unit,Entire home/apt,2,1,0,1,$316.00 ,32,1125,t,1,1,1,237,0,0,0,1,0,0,0,,,,,,,,t,343,343,0,0,
6.91816E+17,100%,100%,t,32,32,t,t,Allston,42.35345,-71.13951,Entire rental unit,Entire home/apt,2,1,0,1,$123.00 ,2,365,t,6,27,57,310,147,48,3,67,46,255,31365,4.88,4.85,4.8,4.94,4.97,4.67,4.67,f,30,28,2,0,3.94
6.91827E+17,100%,100%,t,32,32,t,t,Back Bay,42.34433,-71.08268,Entire rental unit,Entire home/apt,2,1,0,1,$186.00 ,2,365,t,2,15,45,297,154,49,3,54,48,255,47430,4.88,4.89,4.88,4.92,4.97,4.95,4.73,f,30,28,2,0,4.14
6.91831E+17,100%,100%,t,32,32,t,t,Back Bay,42.34453,-71.08284,Entire rental unit,Entire home/apt,4,1,2,2,$275.00 ,2,365,t,4,24,45,292,182,61,5,49,60,255,70125,4.83,4.88,4.86,4.95,4.96,4.95,4.73,f,30,28,2,0,4.89
6.92231E+17,100%,93%,,280,445,t,t,Beacon Hill,42.36006948,-71.0698217,Entire rental unit,Entire home/apt,3,,2,,,29,365,t,0,1,1,1,2,2,0,1,1,116,,5,5,5,5,5,5,5,f,115,52,63,0,0.17
6.92705E+17,100%,100%,t,1,5,t,t,Dorchester,42.32153,-71.05485,Entire rental unit,Entire home/apt,3,1,1,2,$148.00 ,2,1125,t,3,20,47,225,141,49,4,57,61,255,37740,4.89,4.84,4.83,4.96,5,4.82,4.78,f,1,1,0,0,4.2
6.93016E+17,100%,93%,,280,445,t,t,Beacon Hill,42.35837,-71.06797,Entire rental unit,Entire home/apt,2,1,2,2,$119.00 ,29,365,t,0,22,52,212,3,1,0,61,1,58,6902,5,4.67,5,5,5,5,4.67,f,115,52,63,0,0.1
6.93758E+17,N/A,100%,f,1,7,t,t,Downtown,42.3590438,-71.0535238,Entire serviced apartment,Entire home/apt,4,1,1,2,$406.00 ,7,7,t,0,0,0,81,0,0,0,6,0,0,0,,,,,,,,f,1,1,0,0,
6.94406E+17,100%,93%,,280,445,t,t,Beacon Hill,42.35822,-71.06583,Entire rental unit,Entire home/apt,3,1,1,2,$127.00 ,29,365,t,0,4,25,185,8,3,0,34,4,174,22098,5,5,4.88,5,5,5,4.75,f,115,52,63,0,0.25
6.95475E+17,100%,98%,t,1,1,t,t,Roxbury,42.3173486,-71.0929748,Entire rental unit,Entire home/apt,6,1,3,3,$269.00 ,2,1125,t,8,19,40,206,108,36,2,40,39,216,58104,4.93,4.97,4.97,4.72,4.86,4.62,4.83,f,1,1,0,0,2.91
6.95542E+17,100%,93%,,280,445,t,t,Beacon Hill,42.35979,-71.06535,Entire rental unit,Entire home/apt,3,1,2,2,$125.00 ,29,365,t,0,19,49,228,4,1,0,58,2,58,7250,5,5,4.75,5,5,5,5,f,115,52,63,0,0.14
6.95572E+17,100%,N/A,f,1,1,t,t,Dorchester,42.2964,-71.05882,Entire rental unit,Entire home/apt,2,1,1,2,$126.00 ,29,365,t,0,0,22,111,2,0,0,31,0,0,0,5,5,5,5,5,5,5,f,1,1,0,0,0.05
6.95609E+17,100%,100%,f,79,112,t,t,Beacon Hill,42.35738,-71.07152,Entire rental unit,Entire home/apt,7,2,3,3,$788.00 ,2,1000,t,11,36,58,67,84,28,0,67,37,168,132384,4.82,4.87,4.8,4.9,4.86,4.94,4.61,t,57,27,30,0,2.27
6.95869E+17,96%,94%,t,3,3,t,t,Dorchester,42.3088302,-71.0602971,Entire rental unit,Entire home/apt,3,1,2,2,$160.00 ,1,3,t,20,27,27,27,86,52,3,27,45,255,40800,4.8,4.9,4.87,4.91,4.9,4.63,4.77,f,3,3,0,0,4.07
6.95919E+17,100%,93%,,280,445,t,t,Beacon Hill,42.36017,-71.07099,Entire rental unit,Entire home/apt,2,1,2,2,$106.00 ,29,365,t,0,22,52,80,14,5,1,61,4,255,27030,4.79,4.71,4.79,4.93,4.93,4.93,4.71,f,115,52,63,0,0.39
6.95923E+17,100%,81%,t,21,26,t,f,West Roxbury,42.27838,-71.15953,Entire rental unit,Entire home/apt,6,1,1,3,$356.00 ,1,1125,t,30,60,90,100,5,0,0,100,2,0,0,4.8,4.8,5,4.8,4.8,5,4.4,f,16,4,12,0,0.2
6.97326E+17,100%,93%,,280,445,t,t,Beacon Hill,42.35888,-71.07127,Entire rental unit,Entire home/apt,3,1,3,1,$127.00 ,29,365,t,0,0,28,156,8,2,0,37,5,116,14732,5,5,5,5,5,5,4.75,f,115,52,63,0,0.24
6.97403E+17,0%,0%,f,1,1,t,t,Charlestown,42.38255,-71.07385,Entire condo,Entire home/apt,3,1,1,1,$165.00 ,30,365,t,1,16,46,291,5,0,0,56,1,0,0,5,5,5,5,5,5,5,f,1,1,0,0,0.15
6.99851E+17,100%,95%,t,4,4,t,t,Roslindale,42.28288,-71.139,Entire guest suite,Entire home/apt,4,1,1,2,$134.00 ,1,28,t,8,27,49,107,190,59,8,59,61,255,34170,4.91,4.87,4.95,4.97,4.96,4.86,4.72,f,1,1,0,0,5.35
7.00142E+17,100%,99%,t,1,2,t,t,North End,42.36472,-71.05683,Entire condo,Entire home/apt,3,1,1,1,$248.00 ,1,30,t,0,0,0,129,153,47,6,0,53,255,63240,4.9,4.87,4.85,4.93,4.9,4.98,4.7,f,1,1,0,0,4.12
7.02073E+17,100%,100%,f,40,74,t,t,Downtown,42.35675345,-71.05471005,Entire serviced apartment,Entire home/apt,4,2,2,2,$532.00 ,1,365,t,4,20,50,227,201,59,3,60,66,255,135660,4.74,4.8,4.83,4.94,4.9,4.86,4.6,f,40,40,0,0,5.4
7.02081E+17,100%,100%,f,40,74,t,t,Downtown,42.35701238,-71.05481247,Entire serviced apartment,Entire home/apt,4,2,2,2,$442.00 ,1,365,t,8,32,62,245,161,49,2,71,53,255,112710,4.78,4.81,4.86,4.94,4.93,4.94,4.63,f,40,40,0,0,4.33
7.02087E+17,100%,100%,f,40,74,t,t,Downtown,42.35695247,-71.05509589,Entire serviced apartment,Entire home/apt,4,2,2,2,$445.00 ,1,365,t,3,19,49,233,185,62,4,59,73,255,113475,4.77,4.82,4.88,4.91,4.93,4.93,4.64,f,40,40,0,0,4.99
7.02087E+17,100%,100%,f,40,74,t,t,Downtown,42.35883208,-71.0546081,Entire serviced apartment,Entire home/apt,4,2,2,2,$469.00 ,1,365,t,4,18,37,206,239,71,7,46,83,255,119595,4.78,4.86,4.93,4.93,4.94,4.91,4.7,f,40,40,0,0,6.44
7.03775E+17,100%,100%,t,2,2,t,t,Bay Village,42.34982,-71.06879,Entire condo,Entire home/apt,6,1.5,2,3,$502.00 ,2,365,t,4,21,45,301,129,37,2,54,40,222,111444,4.88,4.85,4.86,4.84,4.95,4.98,4.66,t,1,1,0,0,3.53
7.03834E+17,100%,96%,t,4,4,t,t,Brighton,42.34051,-71.14498,Entire condo,Entire home/apt,6,2,3,3,$342.00 ,3,25,t,11,32,55,302,115,32,3,64,35,192,65664,4.93,4.9,4.87,4.95,4.98,4.83,4.83,f,1,1,0,0,3.21
7.04062E+17,100%,96%,f,5084,5865,t,t,Downtown,42.365947,-71.063473,Entire rental unit,Entire home/apt,2,1,1,1,$412.00 ,32,1125,t,0,0,23,298,0,0,0,32,0,0,0,,,,,,,,t,343,343,0,0,
7.04785E+17,100%,96%,f,5084,5865,t,t,Back Bay,42.348129,-71.080849,Entire rental unit,Entire home/apt,2,1,1,1,$327.00 ,32,1125,t,3,3,5,280,0,0,0,14,0,0,0,,,,,,,,t,343,343,0,0,
7.05015E+17,100%,100%,f,4,10,t,t,Back Bay,42.34236,-71.08233,Entire rental unit,Entire home/apt,3,1,1,2,$300.00 ,1,365,t,26,56,86,338,92,13,1,95,36,78,23400,4.76,4.76,4.82,4.96,4.9,4.95,4.63,f,4,4,0,0,2.55
7.05015E+17,100%,100%,f,4,10,t,t,South End,42.34244,-71.08176,Entire rental unit,Entire home/apt,3,1,1,2,$230.00 ,1,365,t,15,45,75,327,89,22,1,84,39,132,30360,4.75,4.79,4.76,4.96,4.9,4.94,4.58,f,4,4,0,0,2.67
7.05104E+17,89%,99%,f,54,112,t,f,Brighton,42.36193,-71.14457,Entire rental unit,Entire home/apt,11,2,5,6,$210.00 ,29,1125,t,3,24,51,293,26,8,0,61,15,255,53550,4.23,4.31,4.35,4.31,4.19,4.27,4.15,t,31,8,23,0,0.88
7.05177E+17,100%,86%,t,2,2,t,t,Mattapan,42.27827,-71.09892,Private room in home,Private room,1,1,1,1,$56.00 ,4,730,t,25,55,85,360,35,6,2,95,9,48,2688,4.8,4.71,4.8,4.83,4.86,4.43,4.74,f,2,0,2,0,0.94
7.0637E+17,100%,100%,f,40,74,t,t,Downtown,42.35825,-71.05526,Entire serviced apartment,Entire home/apt,4,2,2,2,$504.00 ,1,365,t,7,28,58,238,205,67,4,68,72,255,128520,4.68,4.77,4.8,4.87,4.91,4.84,4.56,t,40,40,0,0,5.54
7.06378E+17,100%,100%,f,40,74,t,t,Downtown,42.35878333,-71.05506999,Entire serviced apartment,Entire home/apt,4,2,2,2,$608.00 ,1,365,t,4,24,50,229,192,73,5,60,67,255,155040,4.74,4.78,4.85,4.93,4.93,4.93,4.63,f,40,40,0,0,5.18
7.0639E+17,100%,100%,f,40,74,t,t,Downtown,42.35658995,-71.05380253,Entire serviced apartment,Entire home/apt,4,2,2,2,$462.00 ,1,365,t,5,24,54,232,202,53,2,64,67,255,117810,4.74,4.83,4.84,4.92,4.93,4.89,4.65,f,40,40,0,0,5.43
7.06392E+17,100%,100%,f,40,74,t,t,Downtown,42.35727982,-71.05497914,Entire serviced apartment,Entire home/apt,4,2,2,2,$441.00 ,1,365,t,8,22,48,232,193,62,2,58,64,255,112455,4.8,4.9,4.84,4.95,4.92,4.92,4.56,f,40,40,0,0,5.21
7.06396E+17,100%,100%,f,40,74,t,t,Downtown,42.35681644,-71.05324445,Entire serviced apartment,Entire home/apt,4,2,2,2,$506.00 ,1,365,t,4,14,44,228,194,62,2,54,69,255,129030,4.74,4.82,4.86,4.92,4.93,4.9,4.59,f,40,40,0,0,5.24
7.06402E+17,100%,100%,f,40,74,t,t,Downtown,42.35798156,-71.05506052,Entire serviced apartment,Entire home/apt,4,2,2,2,$557.00 ,1,365,t,6,25,55,234,203,59,2,64,65,255,142035,4.71,4.73,4.82,4.91,4.93,4.95,4.57,f,40,40,0,0,5.47
7.0641E+17,100%,100%,f,40,74,t,t,Downtown,42.35808315,-71.05316686,Entire serviced apartment,Entire home/apt,4,2,2,2,$485.00 ,1,365,t,6,21,51,235,198,57,3,61,75,255,123675,4.66,4.7,4.82,4.93,4.88,4.9,4.52,f,40,40,0,0,5.36
7.06419E+17,100%,100%,f,40,74,t,t,Downtown,42.35661867,-71.05438097,Entire serviced apartment,Entire home/apt,4,2,2,2,$447.00 ,1,365,t,7,20,50,229,160,43,1,59,55,255,113985,4.66,4.71,4.7,4.89,4.87,4.85,4.49,f,40,40,0,0,4.3
7.06427E+17,100%,100%,f,40,74,t,t,Downtown,42.35724,-71.053,Entire serviced apartment,Entire home/apt,2,1,1,1,$353.00 ,1,365,t,6,26,56,235,161,38,2,66,65,228,80484,4.86,4.88,4.91,4.93,4.94,4.86,4.61,f,40,40,0,0,4.33
7.06435E+17,100%,100%,f,40,74,t,t,Downtown,42.35866684,-71.05489371,Entire serviced apartment,Entire home/apt,2,1,1,1,$336.00 ,1,365,t,4,21,51,220,167,50,2,59,52,255,85680,4.8,4.84,4.89,4.9,4.88,4.89,4.6,f,40,40,0,0,4.49
7.06446E+17,100%,100%,f,40,74,t,t,Downtown,42.35884,-71.05493,Entire serviced apartment,Entire home/apt,2,1,1,1,$332.00 ,1,365,t,7,31,61,245,178,41,0,71,68,246,81672,4.81,4.88,4.85,4.9,4.9,4.91,4.63,f,40,40,0,0,4.79
7.06456E+17,100%,100%,f,40,74,t,t,Downtown,42.35832,-71.05316,Entire rental unit,Entire home/apt,2,1,1,1,$338.00 ,1,365,t,6,18,45,219,197,54,0,53,69,255,86190,4.85,4.89,4.9,4.91,4.92,4.94,4.64,f,40,40,0,0,5.3
7.07412E+17,100%,93%,,280,445,t,t,Beacon Hill,42.35958,-71.06504,Entire rental unit,Entire home/apt,4,2,2,2,$140.00 ,29,365,t,0,20,50,229,3,0,0,59,2,0,0,5,5,5,5,5,5,5,f,115,52,63,0,0.09
7.09454E+17,100%,21%,f,3,4,t,t,East Boston,42.366,-71.03254,Private room in condo,Private room,1,1,1,1,$70.00 ,29,365,t,0,14,44,318,0,0,0,53,0,0,0,,,,,,,,f,1,0,1,0,
7.10061E+17,100%,57%,t,3,3,t,t,Dorchester,42.29267,-71.06143,Private room in rental unit,Private room,1,,,,,32,200,t,0,0,0,114,10,4,0,0,3,255,,4.9,5,4.6,4.9,5,4.5,4.9,f,3,0,3,0,0.28
7.1022E+17,100%,N/A,f,1,1,t,t,South Boston,42.33581,-71.03809,Entire home,Entire home/apt,6,1,3,5,"$1,000.00 ",29,1125,t,30,60,90,365,10,0,0,100,0,0,0,5,5,4.9,5,5,4.9,4.7,f,1,1,0,0,0.27
7.11426E+17,100%,100%,f,19,19,t,t,Mission Hill,42.33331,-71.10498,Entire rental unit,Entire home/apt,2,1,0,1,$162.00 ,2,60,t,4,19,49,181,96,29,2,59,31,174,28188,4.72,4.78,4.77,4.93,4.86,4.66,4.45,f,19,19,0,0,2.79
7.11449E+17,100%,100%,f,19,19,t,t,Mission Hill,42.33186,-71.10578,Entire rental unit,Entire home/apt,2,1,0,1,$132.00 ,2,60,t,7,32,62,193,79,26,4,71,19,156,20592,4.63,4.7,4.8,4.94,4.78,4.76,4.41,f,19,19,0,0,2.26
7.11477E+17,100%,88%,t,2,3,t,t,East Boston,42.38509,-71.00395,Entire rental unit,Entire home/apt,8,1,3,5,$392.00 ,3,365,t,8,34,64,153,96,23,3,73,25,138,54096,4.92,4.97,4.99,4.9,4.94,4.85,4.84,f,2,2,0,0,3.13
7.11511E+17,100%,88%,t,2,3,t,t,East Boston,42.3851394,-71.0039205,Entire rental unit,Entire home/apt,8,1,3,5,$326.00 ,3,365,t,14,41,71,161,97,31,1,81,27,186,60636,4.94,4.93,4.97,4.96,4.91,4.92,4.85,f,2,2,0,0,3.07
7.12525E+17,100%,100%,t,1,1,t,t,East Boston,42.38831,-70.996,Entire rental unit,Entire home/apt,6,1,2,3,$201.00 ,2,365,t,10,33,59,331,122,34,2,68,45,204,41004,4.89,4.89,4.94,4.9,4.92,4.57,4.65,f,1,1,0,0,3.52
7.1314E+17,100%,100%,f,2,9,t,t,Dorchester,42.2981,-71.07053,Entire rental unit,Entire home/apt,8,1,4,4,$311.00 ,2,365,t,19,49,79,354,30,3,0,88,9,18,5598,4.73,4.77,4.83,4.9,4.77,4.03,4.73,f,1,1,0,0,0.83
7.13531E+17,100%,100%,t,7,7,t,t,Dorchester,42.2960199,-71.0808613,Entire rental unit,Entire home/apt,7,3,3,4,$416.00 ,1,28,t,8,33,63,320,237,97,9,72,86,255,106080,4.93,4.92,4.97,4.96,4.97,4.45,4.88,f,7,7,0,0,7.09
7.13859E+17,100%,84%,t,2,2,t,t,Jamaica Plain,42.3082134,-71.1115455,Entire rental unit,Entire home/apt,5,1,2,4,$351.00 ,4,365,t,8,30,52,298,71,24,2,52,24,192,67392,4.97,4.94,4.94,4.97,4.97,4.97,4.9,f,1,1,0,0,1.97
7.15102E+17,100%,100%,f,28,40,t,t,East Boston,42.36845,-71.03757,Entire condo,Entire home/apt,4,2,2,2,$195.00 ,91,365,t,24,54,84,358,0,0,0,93,0,0,0,,,,,,,,t,1,1,0,0,
7.15658E+17,100%,96%,f,5084,5865,t,t,South Boston,42.3356856,-71.0428472,Entire rental unit,Entire home/apt,2,1,0,1,$182.00 ,32,1125,t,0,0,0,207,1,0,0,0,1,0,0,4,4,4,5,4,5,4,t,343,343,0,0,0.07
7.15987E+17,100%,100%,f,7,9,t,f,Back Bay,42.35431,-71.07596,Entire rental unit,Entire home/apt,2,1,0,1,$204.00 ,1,365,t,7,16,44,112,168,54,5,53,55,255,52020,4.6,4.57,4.51,4.88,4.9,4.93,4.42,t,7,7,0,0,4.67
7.16006E+17,100%,93%,,280,445,t,t,West End,42.36181,-71.06578,Entire rental unit,Entire home/apt,5,1,4,4,$157.00 ,29,365,t,0,0,0,171,6,3,0,1,3,174,27318,5,5,5,5,5,5,5,f,115,52,63,0,0.21
7.16081E+17,89%,99%,f,54,112,t,f,South Boston,42.33148,-71.05142,Private room in rental unit,Private room,2,,1,,,29,1125,t,1,2,2,270,12,0,0,4,1,0,,3.92,4,4,3.75,4.5,4.33,3.75,t,31,8,23,0,0.34
7.16081E+17,89%,99%,f,54,112,t,f,South Boston,42.33327,-71.05132,Private room in rental unit,Private room,2,1,1,1,$76.00 ,29,1125,t,0,0,0,84,9,0,0,0,0,0,0,4.33,4.11,4.22,4.44,4.44,4.11,4.22,t,31,8,23,0,0.25
7.17146E+17,100%,96%,f,5084,5865,t,t,Back Bay,42.3496958,-71.081231,Entire rental unit,Entire home/apt,2,1,1,1,$316.00 ,32,1125,t,0,0,0,257,0,0,0,0,0,0,0,,,,,,,,t,343,343,0,0,
7.17146E+17,100%,96%,f,5084,5865,t,t,Back Bay,42.3497116,-71.0813239,Entire rental unit,Entire home/apt,2,1,1,1,$301.00 ,32,1125,t,0,0,2,277,0,0,0,11,0,0,0,,,,,,,,t,343,343,0,0,
7.17947E+17,100%,100%,t,1,4,t,t,Mattapan,42.27188,-71.08839,Private room in guest suite,Private room,2,1,1,1,$68.00 ,5,365,t,28,58,88,363,42,16,2,97,16,160,10880,4.81,4.69,4.79,4.67,4.76,4.71,4.76,t,1,0,1,0,1.17
7.188E+17,80%,79%,f,6,9,t,t,Dorchester,42.29525,-71.08216,Private room in rental unit,Private room,1,1,1,1,$48.00 ,91,365,t,1,1,2,256,1,0,0,2,1,0,0,2,2,3,5,2,5,3,t,3,0,3,0,0.05
7.19467E+17,99%,98%,f,25,194,t,t,Dorchester,42.29734,-71.0831,Entire rental unit,Entire home/apt,6,,2,,,1,365,t,17,37,67,341,100,18,1,76,32,108,,4.55,4.75,4.78,4.83,4.77,4.16,4.47,f,60,60,0,0,2.73
7.1999E+17,100%,96%,f,5084,5865,t,t,Fenway,42.3431391,-71.096591,Entire rental unit,Entire home/apt,2,1,1,1,$297.00 ,32,1125,t,0,0,0,44,0,0,0,0,0,0,0,,,,,,,,t,343,343,0,0,
7.21978E+17,100%,99%,t,1,1,t,t,Mattapan,42.2751989,-71.0761706,Entire guest suite,Entire home/apt,4,1,1,1,$125.00 ,1,1125,t,5,29,59,320,156,55,6,64,69,255,31875,4.89,4.92,4.94,4.94,4.99,4.84,4.79,f,1,1,0,0,5.01
7.23598E+17,N/A,0%,f,2,3,t,t,Dorchester,42.28767,-71.07114,Private room in rental unit,Private room,4,2,1,1,$73.00 ,91,365,t,30,60,90,365,0,0,0,100,0,0,0,,,,,,,,t,2,0,2,0,
7.24113E+17,95%,91%,f,117,207,t,t,Fenway,42.34757,-71.10204,Entire rental unit,Entire home/apt,4,2,2,2,$356.00 ,90,1125,t,6,35,35,216,15,1,0,35,1,180,64080,4.87,5,5,4.2,5,5,4.6,f,33,33,0,0,0.5
7.24686E+17,100%,93%,,280,445,t,t,Beacon Hill,42.35945,-71.06521,Entire rental unit,Entire home/apt,3,1,2,2,$120.00 ,29,365,t,0,22,52,231,3,1,0,61,2,58,6960,4.67,4.33,5,4.67,5,4,4,f,115,52,63,0,0.17
7.24888E+17,100%,93%,,280,445,t,t,Beacon Hill,42.36003,-71.06897,Entire rental unit,Entire home/apt,3,1,3,3,$135.00 ,29,365,t,0,23,53,213,2,0,0,62,1,0,0,5,5,5,5,5,5,4,f,115,52,63,0,0.06
7.26322E+17,50%,83%,t,2,2,t,t,Fenway,42.34742,-71.10491,Entire rental unit,Entire home/apt,2,1,0,1,$195.00 ,29,365,t,18,47,48,320,9,3,0,58,5,174,33930,5,5,5,5,5,5,4.89,f,2,2,0,0,0.26
7.27369E+17,100%,100%,f,59,74,t,t,Fenway,42.3487,-71.10437,Entire serviced apartment,Entire home/apt,2,1,1,1,$253.00 ,1,365,t,4,9,32,192,130,37,1,41,45,222,56166,4.86,4.9,4.87,4.97,4.96,4.86,4.71,t,59,59,0,0,3.6
7.27399E+17,100%,96%,f,5084,5865,t,t,Back Bay,42.348129,-71.080849,Entire rental unit,Entire home/apt,2,1,0,1,$273.00 ,32,1125,t,0,0,5,280,0,0,0,14,0,0,0,,,,,,,,t,343,343,0,0,
7.28877E+17,N/A,58%,t,1,1,t,t,Back Bay,42.35017,-71.08923,Entire condo,Entire home/apt,2,1,1,1,$131.00 ,29,365,t,0,0,0,209,7,5,0,0,2,255,33405,5,5,5,5,5,5,5,f,1,1,0,0,0.21
7.29254E+17,100%,100%,t,35,76,t,t,East Boston,42.37146,-71.03357,Entire condo,Entire home/apt,9,2,4,5,$272.00 ,1,365,t,13,25,55,330,109,22,2,65,43,132,35904,4.61,4.65,4.38,4.69,4.87,4.67,4.59,f,23,23,0,0,3.13
7.29597E+17,100%,100%,t,130,133,t,t,Back Bay,42.34938,-71.0836,Entire rental unit,Entire home/apt,7,2.5,3,4,$590.00 ,1,365,t,12,25,43,249,186,60,3,44,68,255,150450,4.87,4.91,4.78,4.95,4.95,4.95,4.7,f,36,36,0,0,5.25
7.29659E+17,89%,99%,f,54,112,t,f,South Boston,42.33339,-71.0519,Private room in rental unit,Private room,2,,1,,,29,1125,t,18,33,36,311,13,0,0,45,0,0,,4.54,4.69,4.77,4.46,4.77,4.54,4.62,t,31,8,23,0,0.36
7.30447E+17,100%,0%,f,1,1,t,t,East Boston,42.37628,-71.03818,Entire condo,Entire home/apt,2,1,1,1,$92.00 ,30,1125,t,0,21,51,326,0,0,0,61,0,0,0,,,,,,,,f,1,1,0,0,
7.30479E+17,100%,100%,t,1,1,t,t,Dorchester,42.2932,-71.06254,Entire rental unit,Entire home/apt,9,2,3,5,$333.00 ,2,1125,t,7,25,55,281,34,5,1,58,13,30,9990,4.88,4.91,4.94,4.94,5,4.47,4.74,f,1,1,0,0,0.99
7.31257E+17,100%,74%,t,4,4,t,t,Jamaica Plain,42.3167812,-71.1068123,Entire condo,Entire home/apt,2,1,2,2,$120.00 ,29,365,t,0,0,0,77,5,2,0,0,2,116,13920,4.8,4.8,4.8,5,4.8,4.8,4.4,f,4,4,0,0,0.16
7.31582E+17,100%,96%,f,5084,5865,t,t,Downtown,42.3511858,-71.064017,Entire rental unit,Entire home/apt,4,2,2,2,$410.00 ,32,1125,t,0,0,9,284,1,0,0,18,0,0,0,5,5,5,5,5,5,5,t,343,343,0,0,0.04
7.3172E+17,N/A,N/A,f,1,1,t,t,Brighton,42.35581,-71.15674,Entire guest suite,Entire home/apt,3,1,1,2,$136.00 ,2,28,t,7,26,49,228,88,25,2,58,31,150,20400,4.95,4.93,4.98,4.97,4.97,4.93,4.85,f,1,1,0,0,2.56
7.32337E+17,100%,96%,f,5084,5865,t,t,Downtown,42.365947,-71.063473,Entire rental unit,Entire home/apt,4,2,2,2,$397.00 ,32,1125,t,0,0,5,280,1,0,0,14,1,0,0,5,5,5,5,5,5,5,t,343,343,0,0,0.06
7.3241E+17,89%,99%,f,54,112,t,f,Downtown,42.35038,-71.06412,Entire loft,Entire home/apt,2,,1,,,29,1125,t,0,0,0,0,22,0,0,0,0,0,,3.82,4.27,4,3.64,4.18,4.68,4,t,31,8,23,0,0.61
7.33386E+17,100%,98%,t,1,1,t,t,East Boston,42.3781512,-71.03183519,Entire rental unit,Entire home/apt,4,1,1,1,$150.00 ,2,30,t,1,22,52,322,137,44,6,62,48,255,38250,4.8,4.89,4.91,4.86,4.83,4.7,4.66,f,1,1,0,0,4.61
7.35591E+17,100%,69%,f,13,20,t,t,Dorchester,42.3206,-71.05697,Private room in rental unit,Private room,2,1,1,1,$66.00 ,29,365,t,0,1,31,306,98,11,1,41,37,255,16830,4.8,4.89,4.6,4.92,4.96,4.6,4.66,f,13,0,13,0,2.74
7.36997E+17,100%,69%,f,13,20,t,t,Dorchester,42.32233,-71.05546,Private room in rental unit,Private room,1,1,1,1,$54.00 ,29,365,t,0,22,52,327,98,8,0,62,44,255,13770,4.8,4.87,4.71,4.91,4.97,4.67,4.74,f,13,0,13,0,2.73
7.37065E+17,100%,99%,t,1,1,t,t,Hyde Park,42.25809,-71.12244,Entire rental unit,Entire home/apt,6,1,3,3,$142.00 ,2,1125,t,0,10,15,197,128,45,3,16,52,255,36210,4.89,4.88,4.95,4.92,4.97,4.58,4.87,f,1,1,0,0,3.86
7.39615E+17,100%,N/A,f,2,4,t,t,Roxbury,42.31123,-71.08625,Entire vacation home,Entire home/apt,10,2,4,4,$550.00 ,29,1125,t,30,60,90,364,0,0,0,99,0,0,0,,,,,,,,f,2,2,0,0,
7.404E+17,100%,83%,f,1,1,t,t,South End,42.34406,-71.07557,Entire condo,Entire home/apt,4,2,2,2,$893.00 ,3,4,t,0,0,0,265,9,6,0,0,4,36,32148,5,5,5,5,5,5,4.89,f,1,1,0,0,0.3
7.41919E+17,100%,N/A,f,1,1,t,t,Charlestown,42.3775,-71.05864,Entire home,Entire home/apt,4,,2,,,29,365,t,0,0,0,0,0,0,0,0,0,0,,,,,,,,,f,1,1,0,0,
7.42761E+17,100%,100%,t,1,1,t,t,East Boston,42.37859,-71.03479,Private room in townhouse,Private room,2,1,1,1,$142.00 ,1,28,t,5,25,55,330,280,69,8,65,100,255,36210,4.96,4.98,5,4.97,4.98,4.73,4.82,f,1,0,1,0,8.43
7.43329E+17,100%,76%,t,2,4,t,t,Fenway,42.34248,-71.08748,Entire condo,Entire home/apt,5,2.5,3,3,$610.00 ,3,365,t,2,4,18,18,115,47,5,18,45,255,155550,4.9,4.89,4.98,4.82,4.98,4.91,4.75,f,1,1,0,0,3.36
7.45758E+17,89%,99%,f,54,112,t,f,Brighton,42.35999,-71.14328,Private room in rental unit,Private room,2,2,1,1,$47.00 ,29,1125,t,5,25,53,307,15,4,0,62,5,232,10904,4.73,4.53,4.67,4.67,4.67,4.67,4.67,t,31,8,23,0,0.44
7.46388E+17,0%,0%,f,3,10,t,t,Hyde Park,42.2611332,-71.1158162,Private room in hostel,Private room,3,1,3,3,$74.00 ,91,365,t,30,60,90,365,1,0,0,100,0,0,0,5,5,5,5,5,5,5,f,3,1,2,0,0.04
7.46894E+17,0%,0%,f,3,10,t,t,Hyde Park,42.26222,-71.11491,Private room in rental unit,Private room,3,1,3,3,$250.00 ,29,365,t,30,60,90,365,0,0,0,100,0,0,0,,,,,,,,f,3,1,2,0,
7.47055E+17,100%,97%,t,1,1,t,t,Roslindale,42.28509,-71.14088,Entire condo,Entire home/apt,6,1,2,3,$198.00 ,2,60,t,3,16,41,41,118,37,1,41,46,222,43956,4.89,4.95,4.92,4.9,4.96,4.74,4.88,f,1,1,0,0,3.42
7.48361E+17,100%,98%,t,2,3,t,t,Jamaica Plain,42.30837,-71.11098,Entire guest suite,Entire home/apt,4,2,1,2,$209.00 ,3,30,t,9,24,40,231,91,17,1,40,34,102,21318,4.96,4.95,4.93,4.99,4.99,4.99,4.85,f,2,2,0,0,3.19
7.49935E+17,100%,100%,t,35,76,t,t,North End,42.36536,-71.05187,Entire rental unit,Entire home/apt,3,1,1,2,$232.00 ,1,365,t,5,14,35,300,111,21,2,35,37,126,29232,4.85,4.86,4.81,4.91,4.9,4.97,4.64,f,23,23,0,0,3.25
7.49958E+17,100%,100%,t,130,133,t,t,Back Bay,42.3491,-71.08513,Entire rental unit,Entire home/apt,4,1.5,2,2,$725.00 ,1,365,t,19,45,75,297,132,38,0,84,52,228,165300,4.75,4.8,4.7,4.93,4.9,4.92,4.64,f,36,36,0,0,3.78
7.51256E+17,100%,96%,f,5084,5865,t,t,Downtown,42.3650387,-71.0602864,Entire rental unit,Entire home/apt,4,2,2,2,$383.00 ,32,1125,t,5,5,5,208,0,0,0,5,0,0,0,,,,,,,,t,343,343,0,0,
7.51489E+17,100%,N/A,f,1,1,t,f,East Boston,42.36599,-71.03674,Entire condo,Entire home/apt,2,1,1,1,$191.00 ,7,120,t,0,0,0,81,1,0,0,0,1,0,0,5,5,5,5,5,5,5,f,1,1,0,0,0.06
7.53004E+17,87%,76%,f,102,193,t,t,Jamaica Plain,42.32821,-71.11177,Entire rental unit,Entire home/apt,4,2,2,3,$499.00 ,29,365,t,30,60,90,365,1,0,0,100,0,0,0,5,4,3,5,5,5,4,f,72,72,0,0,0.03
7.53865E+17,89%,99%,f,54,112,t,f,Beacon Hill,42.35935,-71.06354,Entire loft,Entire home/apt,2,,1,,,29,1125,t,5,13,19,290,24,0,0,24,0,0,,4.04,4.38,4,3.63,3.92,4.71,3.83,t,31,8,23,0,0.69
7.53866E+17,89%,99%,f,54,112,t,f,Brighton,42.35147,-71.16237,Private room in rental unit,Private room,2,,1,,,1,1125,t,0,0,5,280,12,3,0,14,4,18,,3.92,4,4.25,4.5,4.58,4.42,4.08,t,31,8,23,0,0.37
7.54224E+17,100%,98%,t,35,36,t,t,Dorchester,42.31798,-71.05273,Entire rental unit,Entire home/apt,4,1,2,2,$240.00 ,3,120,t,18,24,24,24,45,15,0,24,14,90,21600,4.53,4.67,4.6,4.2,4.64,4.58,4.42,f,9,9,0,0,1.31
7.54299E+17,87%,76%,f,102,193,t,t,South Boston Waterfront,42.34921,-71.04141,Entire rental unit,Entire home/apt,6,2,2,3,$448.00 ,29,365,t,30,60,90,365,1,0,0,100,0,0,0,5,5,5,5,5,5,5,f,72,72,0,0,0.03
7.54334E+17,87%,76%,f,102,193,t,t,Jamaica Plain,42.32862,-71.11265,Entire rental unit,Entire home/apt,5,2,2,3,$699.00 ,29,365,t,30,60,90,365,8,0,0,99,0,0,0,4.75,5,4.88,4.75,4.75,4.88,4.5,t,72,72,0,0,0.28
7.54343E+17,87%,76%,f,102,193,t,t,Jamaica Plain,42.32869,-71.11064,Entire rental unit,Entire home/apt,6,2,3,4,$499.00 ,30,365,t,30,60,90,365,9,1,0,99,0,60,29940,4.56,4.44,4.44,4.56,4.78,4.67,4.33,t,72,72,0,0,0.26
7.54921E+17,100%,96%,f,5084,5865,t,t,Chinatown,42.3522851,-71.0591088,Entire rental unit,Entire home/apt,2,1,1,1,$314.00 ,32,1125,t,0,0,0,116,0,0,0,0,0,0,0,,,,,,,,t,343,343,0,0,
7.55533E+17,100%,100%,t,1,1,t,t,South Boston,42.33769998,-71.04779206,Entire condo,Entire home/apt,5,2.5,3,3,$425.00 ,3,89,t,11,31,54,144,105,54,4,64,50,255,108375,4.94,4.93,4.95,4.99,5,4.89,4.88,f,1,1,0,0,4.22
7.5555E+17,100%,96%,f,5084,5865,t,t,Back Bay,42.3496611,-71.0814631,Entire rental unit,Entire home/apt,2,1,0,1,$286.00 ,32,1125,t,0,0,0,205,0,0,0,1,0,0,0,,,,,,,,t,343,343,0,0,
7.5555E+17,100%,96%,f,5084,5865,t,t,Allston,42.3474674,-71.1332006,Entire rental unit,Entire home/apt,2,1,1,1,$236.00 ,32,1125,t,0,0,2,277,0,0,0,12,0,0,0,,,,,,,,t,343,343,0,0,
7.5555E+17,100%,96%,f,5084,5865,t,t,Back Bay,42.3496453,-71.0813703,Entire rental unit,Entire home/apt,2,1,1,1,$325.00 ,32,1125,t,0,1,29,304,2,0,0,38,2,0,0,5,4,4.5,5,4.5,5,4.5,t,343,343,0,0,0.13
7.55624E+17,100%,56%,t,7,10,t,t,South Boston,42.33349,-71.04808,Entire condo,Entire home/apt,4,2,2,2,$518.00 ,1,1125,t,0,0,4,276,17,5,0,14,7,30,15540,4.88,4.82,4.82,4.94,4.94,4.82,4.71,f,7,3,4,0,0.57
7.55773E+17,87%,76%,f,102,193,t,t,South Boston Waterfront,42.3477,-71.04169,Entire rental unit,Entire home/apt,3,1,1,1,$399.00 ,29,365,t,21,51,81,356,0,0,0,91,0,0,0,,,,,,,,f,72,72,0,0,
7.56324E+17,100%,96%,f,5084,5865,t,t,Chinatown,42.3522851,-71.0591088,Entire rental unit,Entire home/apt,2,1,1,1,$295.00 ,32,1125,t,0,0,0,0,0,0,0,0,0,0,0,,,,,,,,t,343,343,0,0,
7.57022E+17,100%,96%,f,5084,5865,t,t,Allston,42.3474674,-71.1332006,Entire rental unit,Entire home/apt,2,1,1,1,$245.00 ,32,1125,t,0,0,0,187,1,0,0,0,0,0,0,1,3,2,2,4,1,1,t,343,343,0,0,0.03
7.57022E+17,100%,96%,f,5084,5865,t,t,Back Bay,42.3491652,-71.0807758,Entire rental unit,Entire home/apt,4,2,2,2,$479.00 ,32,1125,t,0,0,0,268,0,0,0,2,0,0,0,,,,,,,,t,343,343,0,0,
7.5723E+17,100%,100%,t,1,1,t,t,East Boston,42.37040592,-71.03423446,Private room in rental unit,Private room,2,1,1,1,$80.00 ,2,50,t,1,14,44,85,50,32,9,54,0,192,15360,4.92,4.94,4.9,4.96,4.92,4.74,4.74,f,1,0,1,0,1.45
7.5825E+17,100%,95%,f,1,1,t,t,Dorchester,42.30159,-71.07647,Entire home,Entire home/apt,10,3,4,6,$444.00 ,2,14,t,19,44,74,250,31,9,0,83,3,54,23976,4.71,4.71,4.81,4.97,4.9,4.39,4.65,t,1,1,0,0,0.89
7.58654E+17,100%,99%,t,1,1,t,t,South End,42.34609703,-71.0725609,Entire condo,Entire home/apt,8,1,3,5,$497.00 ,1,1125,t,8,17,34,273,153,46,5,35,59,255,126735,4.98,4.95,4.97,4.98,4.99,4.95,4.77,f,1,1,0,0,4.54
7.59893E+17,100%,96%,f,5084,5865,t,t,Downtown,42.3511858,-71.064017,Entire rental unit,Entire home/apt,4,2,2,2,$416.00 ,32,1125,t,0,1,1,68,0,0,0,1,0,0,0,,,,,,,,t,343,343,0,0,
7.59894E+17,100%,96%,f,5084,5865,t,t,Allston,42.347766,-71.1336229,Entire rental unit,Entire home/apt,2,,1,,,32,1125,t,0,0,0,133,0,0,0,0,0,0,,,,,,,,,t,343,343,0,0,
7.60403E+17,N/A,N/A,f,1,1,t,t,Roxbury,42.32449994,-71.08217905,Private room in home,Private room,2,1,1,2,$148.00 ,1,28,t,29,59,89,364,30,0,0,98,4,0,0,4.77,4.8,4.97,4.93,4.93,4.6,4.77,f,1,0,1,0,1
7.6102E+17,100%,100%,t,1,2,t,t,East Boston,42.3846216,-71.0016506,Entire condo,Entire home/apt,6,1,2,3,$193.00 ,4,1125,t,10,26,56,325,68,34,1,66,37,255,49215,4.84,4.81,4.79,4.96,4.97,4.76,4.72,t,1,1,0,0,2.72
7.61353E+17,100%,96%,f,5084,5865,t,t,Beacon Hill,42.359547,-71.0634099,Entire rental unit,Entire home/apt,4,1,2,2,$329.00 ,32,1125,t,0,0,0,83,1,0,0,0,1,0,0,3,4,2,3,3,4,2,t,343,343,0,0,0.07
7.61463E+17,100%,100%,t,130,133,t,t,Beacon Hill,42.35931,-71.06947,Entire rental unit,Entire home/apt,2,1,2,2,$363.00 ,1,365,t,12,39,64,132,72,38,5,73,26,228,82764,4.67,4.72,4.76,4.82,4.8,4.9,4.62,t,36,36,0,0,2.1
7.62302E+17,100%,93%,f,4,11,t,t,Charlestown,42.3775,-71.06687,Entire condo,Entire home/apt,5,1.5,3,3,$435.00 ,3,365,t,8,28,52,307,59,20,0,62,23,120,52200,4.97,4.98,4.98,4.98,4.98,4.88,4.73,f,1,1,0,0,1.93
7.62385E+17,100%,100%,f,1,1,t,t,Jamaica Plain,42.31346,-71.1084,Private room in rental unit,Private room,1,1,1,1,$80.00 ,29,150,t,0,21,51,326,7,2,1,61,2,116,9280,4.86,5,4.86,5,5,5,5,f,1,0,1,0,0.24
7.62582E+17,100%,81%,t,21,26,t,f,West Roxbury,42.27947914,-71.15932763,Private room in rental unit,Private room,2,1,1,1,$86.00 ,1,365,t,26,56,86,266,53,16,0,96,18,96,8256,4.94,4.98,4.96,4.94,4.98,4.96,4.81,f,16,4,12,0,1.75
7.63011E+17,100%,62%,f,184,251,t,t,South Boston Waterfront,42.34988,-71.04433,Entire rental unit,Entire home/apt,5,2,2,2,$451.00 ,30,730,t,20,50,80,355,1,0,0,90,0,0,0,5,5,5,5,5,5,5,t,55,55,0,0,0.05
7.63073E+17,99%,100%,,19,19,t,t,South End,42.33977,-71.07719,Entire rental unit,Entire home/apt,2,1,0,1,$212.00 ,1,365,t,17,47,77,145,62,27,1,86,25,162,34344,4.76,4.79,4.81,4.98,4.98,4.94,4.63,t,12,12,0,0,1.81
7.64379E+17,100%,68%,t,10,11,t,t,East Boston,42.36716,-71.03568,Entire condo,Entire home/apt,2,1,0,1,$169.00 ,1,1125,t,5,12,40,85,120,34,2,50,39,204,34476,4.91,4.92,4.89,4.92,4.99,4.93,4.83,f,3,3,0,0,4.03
7.65006E+17,100%,96%,f,5084,5865,t,t,Downtown,42.3511858,-71.064017,Entire rental unit,Entire home/apt,2,,1,,,32,1125,t,0,23,53,328,0,0,0,62,0,0,,,,,,,,,t,343,343,0,0,
7.65007E+17,100%,96%,f,5084,5865,t,t,Beacon Hill,42.359547,-71.0634099,Entire rental unit,Entire home/apt,4,1,2,2,$334.00 ,32,1125,t,0,0,8,283,0,0,0,17,0,0,0,,,,,,,,t,343,343,0,0,
7.6512E+17,100%,57%,t,3,3,t,t,Dorchester,42.29318,-71.06116,Private room in rental unit,Private room,1,1,1,1,$70.00 ,32,365,t,0,0,16,196,7,3,1,26,2,192,13440,4.71,4.86,4.57,4.86,5,4.14,4.57,f,3,0,3,0,0.25
7.65269E+17,100%,100%,f,79,112,t,t,Fenway,42.34450253,-71.08865586,Entire rental unit,Entire home/apt,2,1,1,1,$213.00 ,1,1000,t,11,32,38,38,24,23,4,38,4,138,29394,4.92,4.88,4.88,5,4.96,4.92,4.54,t,57,27,30,0,1.94
7.65842E+17,100%,96%,f,5084,5865,t,t,Downtown,42.3511858,-71.064017,Entire rental unit,Entire home/apt,2,1,1,1,$315.00 ,32,1125,t,0,0,0,237,0,0,0,0,0,0,0,,,,,,,,t,343,343,0,0,
7.65842E+17,100%,96%,f,5084,5865,t,t,Beacon Hill,42.359547,-71.0634099,Entire rental unit,Entire home/apt,4,1,2,2,$344.00 ,32,1125,t,14,44,74,349,0,0,0,83,0,0,0,,,,,,,,t,343,343,0,0,
7.66443E+17,100%,96%,f,5084,5865,t,t,Allston,42.3527433,-71.1218741,Entire rental unit,Entire home/apt,2,1,1,1,$237.00 ,32,1125,t,0,0,1,276,0,0,0,11,0,0,0,,,,,,,,t,343,343,0,0,
7.67352E+17,100%,96%,f,5084,5865,t,t,Allston,42.3527433,-71.1218741,Entire rental unit,Entire home/apt,2,1,1,1,$253.00 ,32,1125,t,0,0,29,304,1,0,0,39,0,0,0,5,5,5,5,5,5,4,t,343,343,0,0,0.04
7.67352E+17,100%,96%,f,5084,5865,t,t,Allston,42.3527433,-71.1218741,Entire rental unit,Entire home/apt,2,1,1,1,$254.00 ,32,1125,t,1,1,1,267,0,0,0,2,0,0,0,,,,,,,,t,343,343,0,0,
7.68024E+17,100%,100%,t,2,2,t,t,Roslindale,42.28212,-71.13348,Entire rental unit,Entire home/apt,4,1,1,2,$248.00 ,2,730,t,11,37,63,338,112,22,0,73,31,132,32736,4.93,4.95,4.97,4.95,4.96,4.71,4.88,t,2,2,0,0,3.3
7.68249E+17,N/A,N/A,f,1,1,t,f,Dorchester,42.29651684,-71.08035518,Entire rental unit,Entire home/apt,8,,4,,,2,1125,t,0,0,0,0,5,0,0,0,0,0,,5,5,5,5,5,4.8,5,f,1,1,0,0,0.16
7.69614E+17,N/A,N/A,f,3,5,t,t,Beacon Hill,42.3585533,-71.0661426,Entire townhouse,Entire home/apt,8,4.5,4,4,"$1,000.00 ",29,90,t,9,39,69,285,6,0,0,78,1,0,0,5,5,5,5,5,5,5,f,1,1,0,0,0.23
7.70558E+17,100%,93%,,280,445,t,t,Beacon Hill,42.35936741,-71.06949859,Entire rental unit,Entire home/apt,2,1,1,1,$122.00 ,29,365,t,15,17,40,219,6,1,0,49,4,58,7076,4.83,4.83,4.5,5,5,5,4.5,f,115,52,63,0,0.24
7.71118E+17,100%,100%,t,35,76,t,t,North End,42.36667,-71.05215,Entire rental unit,Entire home/apt,2,1,0,1,$221.00 ,1,365,t,4,27,57,332,141,39,3,67,42,234,51714,4.89,4.94,4.83,4.95,4.89,4.94,4.69,f,23,23,0,0,4.12
7.71691E+17,100%,99%,t,42,50,t,t,Downtown,42.35249944,-71.06422369,Entire condo,Entire home/apt,8,,3,,,29,1125,t,0,0,0,0,9,0,0,0,0,0,,5,4.67,5,4.67,4.89,5,4.78,t,9,9,0,0,0.28
7.71714E+17,100%,98%,t,4,4,t,t,Bay Village,42.34822,-71.0692,Entire home,Entire home/apt,8,3.5,4,5,"$1,558.00 ",2,365,t,7,24,44,282,21,14,0,50,12,84,130872,5,5,5,5,5,5,4.67,f,2,2,0,0,1.14
7.72148E+17,100%,93%,,280,445,t,t,Beacon Hill,42.36017967,-71.06712182,Entire rental unit,Entire home/apt,3,1,1,1,$123.00 ,29,365,t,5,10,40,219,4,3,1,49,2,174,21402,5,4.75,4.75,5,5,5,4.5,f,115,52,63,0,0.21
7.72246E+17,100%,99%,t,4,7,t,t,Hyde Park,42.27013,-71.10741,Entire home,Entire home/apt,13,2.5,3,6,$283.00 ,29,365,t,23,53,83,262,137,17,0,92,53,255,72165,4.91,4.88,4.87,4.99,4.97,4.58,4.88,f,1,1,0,0,4.03
7.7249E+17,100%,93%,,280,445,t,t,Beacon Hill,42.35853434,-71.06795589,Entire rental unit,Entire home/apt,3,1,2,2,$129.00 ,29,365,t,15,45,75,254,4,1,0,84,3,58,7482,4.25,4.25,4,4.75,4.25,4.5,4.25,f,115,52,63,0,0.14
7.7399E+17,100%,79%,f,5,5,t,t,Mattapan,42.27713,-71.08175,Private room in home,Private room,1,1,1,1,$26.00 ,30,180,t,22,29,29,282,7,3,0,29,4,180,4680,4.86,4.71,4.86,4.86,4.86,4.43,5,f,4,1,3,0,0.23
7.73994E+17,87%,76%,f,102,193,t,t,Leather District,42.35112,-71.0584,Entire rental unit,Entire home/apt,3,1,1,1,$299.00 ,29,365,t,30,60,90,365,0,0,0,99,0,0,0,,,,,,,,f,72,72,0,0,
7.74612E+17,100%,98%,t,1,1,t,f,Roxbury,42.32428,-71.07315,Entire rental unit,Entire home/apt,6,1,2,2,$327.00 ,1,28,t,9,29,59,307,164,41,2,69,64,246,80442,4.97,4.94,4.99,4.98,4.96,4.4,4.88,f,1,1,0,0,5.31
7.74891E+17,100%,93%,,280,445,t,t,Beacon Hill,42.36079886,-71.06740891,Entire rental unit,Entire home/apt,3,1,1,1,$130.00 ,29,365,t,6,27,57,236,10,3,0,66,7,174,22620,5,5,4.9,5,5,5,4.7,f,115,52,63,0,0.43
7.75262E+17,100%,96%,f,5084,5865,t,t,Chinatown,42.3522851,-71.0591088,Entire rental unit,Entire home/apt,2,,1,,,32,1125,t,0,0,0,267,0,0,0,1,0,0,,,,,,,,,t,343,343,0,0,
7.75659E+17,100%,93%,,280,445,t,t,Beacon Hill,42.35927181,-71.0649632,Entire rental unit,Entire home/apt,4,1,3,3,$150.00 ,29,365,t,0,0,0,171,0,0,0,1,0,0,0,,,,,,,,f,115,52,63,0,
7.75968E+17,100%,58%,f,21,29,t,t,Dorchester,42.31971,-71.05937,Entire home,Entire home/apt,2,1,0,1,$92.00 ,31,722,t,30,60,90,365,2,1,0,99,1,62,5704,3,3,3,5,5,5,3,f,9,9,0,0,0.11
7.76039E+17,100%,62%,f,184,251,t,t,South Boston Waterfront,42.35035,-71.0455,Entire rental unit,Entire home/apt,5,,2,,,29,365,t,0,0,0,0,2,0,0,0,1,0,,5,5,5,4.5,4.5,5,4,f,55,55,0,0,0.06
7.76171E+17,84%,95%,f,60,97,t,t,Brighton,42.34031766,-71.15183288,Entire rental unit,Entire home/apt,4,2,2,1,$137.00 ,30,365,t,0,0,2,277,3,2,0,12,2,120,16440,4,4.67,5,4,4,4.67,4.67,f,58,18,40,0,0.22
7.7642E+17,89%,71%,t,2,2,t,t,Back Bay,42.34925,-71.0841,Entire condo,Entire home/apt,7,2.5,3,5,"$1,350.00 ",2,365,t,7,31,54,321,26,6,0,63,15,36,48600,4.85,4.85,4.96,4.81,4.96,4.96,4.46,f,1,1,0,0,0.85
7.76611E+17,100%,96%,f,5084,5865,t,t,Chinatown,42.3522851,-71.0591088,Entire rental unit,Entire home/apt,2,1,1,1,$342.00 ,32,1125,t,0,0,16,291,0,0,0,25,0,0,0,,,,,,,,t,343,343,0,0,
7.76972E+17,100%,90%,t,2,2,t,t,East Boston,42.36593455,-71.03557139,Entire rental unit,Entire home/apt,2,1,1,2,$180.00 ,29,300,t,3,19,49,289,10,3,1,59,3,174,31320,5,4.9,4.8,5,5,4.9,4.7,f,2,2,0,0,0.32
7.77789E+17,100%,81%,t,21,26,t,f,West Roxbury,42.2777815,-71.16086592,Private room in rental unit,Private room,1,1,1,1,$71.00 ,1,365,t,26,56,86,266,32,12,3,96,9,72,5112,4.88,4.94,4.97,4.84,4.97,4.88,4.63,f,16,4,12,0,1.05
7.77801E+17,100%,81%,t,21,26,t,f,West Roxbury,42.27934864,-71.16129037,Private room in rental unit,Private room,2,1,1,2,$127.00 ,1,365,t,20,50,80,90,41,16,0,90,19,96,12192,5,4.98,5,4.93,4.98,4.9,4.83,f,16,4,12,0,1.39
7.78447E+17,87%,76%,f,102,193,t,t,Jamaica Plain,42.32835,-71.11039,Entire rental unit,Entire home/apt,4,2,2,3,$528.00 ,29,365,t,29,59,89,364,2,0,0,99,1,0,0,5,5,5,5,5,5,4.5,f,72,72,0,0,0.07
7.78888E+17,100%,100%,t,2,2,t,t,Dorchester,42.28967849,-71.0800464,Entire home,Entire home/apt,4,1,2,2,$225.00 ,2,30,t,20,50,80,352,49,13,0,89,18,78,17550,4.94,4.94,4.96,4.86,4.98,4.49,4.78,t,2,2,0,0,1.61
7.79815E+17,100%,93%,,280,445,t,t,Beacon Hill,42.36024,-71.06741,Entire rental unit,Entire home/apt,2,1,1,1,$117.00 ,29,365,t,1,23,53,213,4,1,0,62,2,58,6786,5,5,5,5,5,5,5,f,115,52,63,0,0.14
7.79875E+17,100%,93%,,280,445,t,t,Beacon Hill,42.35824312,-71.06601636,Entire rental unit,Entire home/apt,3,1,2,2,$95.00 ,29,365,t,17,17,45,205,5,4,1,54,2,232,22040,4.2,4.4,4.4,5,4.8,5,4,f,115,52,63,0,0.36
7.80665E+17,100%,0%,f,2,2,t,t,Hyde Park,42.26668,-71.12718,Entire home,Entire home/apt,4,1,3,3,$168.00 ,91,1125,t,30,60,90,364,1,0,0,99,1,0,0,5,5,5,5,5,5,5,f,1,1,0,0,0.05
7.80711E+17,100%,100%,f,1,4,t,t,Roxbury,42.3227007,-71.09304891,Entire home,Entire home/apt,9,2.5,3,5,$300.00 ,29,365,t,29,59,89,269,40,1,0,99,0,58,17400,4.63,4.7,4.88,4.85,4.83,4.25,4.68,f,1,1,0,0,1.22
7.81002E+17,100%,96%,f,5084,5865,t,t,Downtown,42.3650387,-71.0602864,Entire rental unit,Entire home/apt,4,2,2,2,$432.00 ,32,1125,t,0,0,3,278,0,0,0,12,0,0,0,,,,,,,,t,343,343,0,0,
7.81058E+17,100%,100%,t,32,32,t,t,Fenway,42.34997,-71.09586,Entire rental unit,Entire home/apt,2,1,0,1,$184.00 ,2,365,t,0,17,47,299,132,45,3,56,50,255,46920,4.95,4.93,4.88,4.98,4.99,4.95,4.7,f,30,28,2,0,4.23
7.81698E+17,100%,96%,f,5084,5865,t,t,Bay Village,42.3504464,-71.0681866,Entire rental unit,Entire home/apt,2,1,1,1,$395.00 ,32,1125,t,0,0,0,116,0,0,0,0,0,0,0,,,,,,,,t,343,343,0,0,
7.82675E+17,100%,100%,t,1,1,t,t,Jamaica Plain,42.31948,-71.10599,Entire rental unit,Entire home/apt,6,1,2,3,$242.00 ,2,1125,t,6,18,45,315,142,46,3,55,54,255,61710,4.88,4.89,4.81,4.99,4.97,4.81,4.75,t,1,1,0,0,4.5
7.83392E+17,100%,100%,t,8,10,t,t,Charlestown,42.37175,-71.05956,Private room in bed and breakfast,Private room,4,1.5,1,1,$336.00 ,1,1125,t,4,4,4,159,13,10,1,4,4,60,20160,4.85,4.77,4.85,4.85,4.92,4.85,4.69,t,8,1,7,0,0.79
7.86807E+17,100%,96%,f,5084,5865,t,t,Chinatown,42.3522851,-71.0591088,Entire rental unit,Entire home/apt,2,1,1,1,$321.00 ,32,1125,t,0,0,0,115,0,0,0,0,0,0,0,,,,,,,,t,343,343,0,0,
7.87548E+17,100%,96%,f,5084,5865,t,t,Chinatown,42.3522851,-71.0591088,Entire rental unit,Entire home/apt,2,1,1,1,$343.00 ,32,1125,t,0,0,0,17,0,0,0,0,0,0,0,,,,,,,,t,343,343,0,0,
7.87569E+17,87%,76%,f,102,193,t,t,Fenway,42.34750372,-71.10035733,Entire rental unit,Entire home/apt,4,,2,,,4,365,t,25,55,85,360,3,0,0,94,0,0,,4.33,5,4.67,5,5,5,4.67,f,72,72,0,0,0.1
7.88431E+17,100%,60%,t,2,4,t,t,Brighton,42.34670877,-71.15158383,Entire rental unit,Entire home/apt,6,1.5,3,3,$231.00 ,91,365,t,0,0,0,265,3,1,0,0,1,182,42042,5,5,4.67,5,5,5,5,f,1,1,0,0,0.12
7.88927E+17,100%,100%,t,7,7,t,t,Dorchester,42.29714,-71.08037,Entire rental unit,Entire home/apt,3,1,1,2,$155.00 ,1,28,t,14,34,64,336,190,65,5,74,81,255,39525,4.94,4.91,4.9,4.97,4.97,4.5,4.78,f,7,7,0,0,5.68
7.90042E+17,100%,100%,t,3,3,t,t,Roslindale,42.2879258,-71.1399203,Private room in home,Private room,4,1,2,2,$265.00 ,3,1125,t,19,49,79,354,4,1,0,89,1,6,1590,4.75,5,5,5,4.75,5,4.75,f,3,0,3,0,0.15
7.91468E+17,100%,93%,,280,445,t,t,Beacon Hill,42.35882959,-71.06726796,Entire rental unit,Entire home/apt,3,1,2,2,$125.00 ,29,365,t,0,21,51,211,10,3,0,60,6,174,21750,4.8,4.7,4.6,5,5,5,4.3,f,115,52,63,0,0.36
7.91873E+17,100%,96%,f,5084,5865,t,t,Downtown,42.365947,-71.063473,Entire rental unit,Entire home/apt,2,1,0,1,$244.00 ,32,1125,t,0,0,6,281,0,0,0,15,0,0,0,,,,,,,,t,343,343,0,0,
7.93443E+17,100%,98%,t,4,4,t,t,Bay Village,42.34846902,-71.06763538,Entire home,Entire home/apt,8,3.5,4,7,"$1,614.00 ",29,365,t,0,0,22,297,0,0,0,31,0,0,0,,,,,,,,f,2,2,0,0,
7.94004E+17,100%,100%,t,7,7,t,t,Dorchester,42.295936,-71.080832,Entire rental unit,Entire home/apt,7,3,3,4,$358.00 ,1,28,t,14,37,67,340,205,72,3,77,66,255,91290,4.92,4.92,4.94,4.96,4.97,4.38,4.85,f,7,7,0,0,6.2
7.94843E+17,100%,83%,,4,5,t,t,Jamaica Plain,42.31651,-71.09984,Entire home,Entire home/apt,11,2.5,5,7,$719.00 ,3,365,t,0,0,0,50,6,1,0,0,2,6,4314,5,5,4.83,5,5,4.83,4.83,f,2,2,0,0,0.2
7.94844E+17,100%,83%,,4,5,t,t,Jamaica Plain,42.3178558,-71.09964725,Entire rental unit,Entire home/apt,4,,1,,,3,365,t,0,0,0,0,16,0,0,0,6,0,,5,4.94,4.94,5,4.94,4.88,4.69,t,2,2,0,0,0.53
7.97634E+17,100%,96%,f,5084,5865,t,t,Allston,42.3527433,-71.1218741,Entire rental unit,Entire home/apt,4,1,2,2,$346.00 ,32,1125,t,0,0,0,274,2,1,0,8,1,64,22144,3.5,4.5,4.5,4,3.5,5,4,t,343,343,0,0,0.1
7.97635E+17,100%,96%,f,5084,5865,t,t,Allston,42.3527433,-71.1218741,Entire rental unit,Entire home/apt,4,,2,,,32,1125,t,0,0,0,86,0,0,0,0,0,0,,,,,,,,,t,343,343,0,0,
7.97635E+17,100%,96%,f,5084,5865,t,t,Allston,42.3527433,-71.1218741,Entire rental unit,Entire home/apt,4,1,2,2,$351.00 ,32,1125,t,30,60,90,365,4,0,0,99,1,0,0,4.75,5,4.75,4.5,4,4.75,4.25,t,343,343,0,0,0.15
7.9774E+17,100%,100%,t,130,133,t,t,Back Bay,42.35386019,-71.07630672,Entire rental unit,Entire home/apt,2,1,0,1,$289.00 ,1,365,t,6,30,55,273,157,52,5,59,67,255,73695,4.79,4.79,4.76,4.96,4.93,4.98,4.59,t,36,36,0,0,4.92
7.98534E+17,100%,100%,t,2,2,t,f,East Boston,42.39019715,-71.00069295,Entire rental unit,Entire home/apt,2,1,1,1,$140.00 ,1,60,t,7,27,36,36,104,45,5,36,33,255,35700,4.75,4.73,4.81,4.95,4.9,4.69,4.52,t,2,2,0,0,3.27
7.99786E+17,100%,34%,f,21,32,t,t,Hyde Park,42.25012043,-71.13245537,Entire rental unit,Entire home/apt,4,1,2,2,$139.00 ,30,365,t,0,0,0,262,1,0,0,0,1,0,0,5,5,5,5,5,5,5,f,11,11,0,0,0.06
8.02781E+17,100%,96%,f,5084,5865,t,t,Downtown,42.365947,-71.063473,Entire rental unit,Entire home/apt,2,1,0,1,$327.00 ,32,1125,t,0,0,0,54,1,0,0,0,1,0,0,5,5,4,5,5,5,5,t,343,343,0,0,0.06
8.02781E+17,100%,96%,f,5084,5865,t,t,Downtown,42.3511858,-71.064017,Entire rental unit,Entire home/apt,4,2,2,2,$387.00 ,32,1125,t,0,0,0,116,0,0,0,0,0,0,0,,,,,,,,t,343,343,0,0,
8.03367E+17,100%,96%,f,5084,5865,t,t,Downtown,42.365947,-71.063473,Entire rental unit,Entire home/apt,4,2,2,2,$452.00 ,32,1125,t,0,0,0,275,1,1,1,10,0,64,28928,5,5,5,5,5,5,5,t,343,343,0,0,1
8.0359E+17,93%,93%,f,12,32,t,f,Roslindale,42.27776,-71.11733,Entire home,Entire home/apt,6,1,3,3,$500.00 ,29,365,t,30,60,90,364,10,0,0,99,0,0,0,4.5,4.7,4.2,4.6,4.7,4.4,4.2,f,12,12,0,0,0.33
8.04299E+17,100%,56%,t,7,10,t,t,South Boston,42.333198,-71.04787415,Private room in condo,Private room,3,1,1,1,$180.00 ,29,1125,t,30,60,90,365,5,0,0,100,1,0,0,4,3.8,4.6,4.6,4.4,4.6,3.4,f,7,3,4,0,0.17
8.04445E+17,100%,96%,t,17,57,t,t,Allston,42.3607929,-71.1262631,Entire home,Entire home/apt,2,1,0,1,$116.00 ,45,270,t,0,1,1,169,7,3,1,1,2,255,29580,5,5,5,5,5,5,4.71,f,12,2,10,0,0.24
8.05804E+17,100%,74%,t,1,1,t,t,Charlestown,42.37856,-71.05927,Entire home,Entire home/apt,2,,1,,,2,7,t,0,0,0,0,21,11,1,0,13,66,,5,5,5,5,5,5,5,f,1,1,0,0,1.13
8.05849E+17,100%,100%,t,2,2,t,f,East Boston,42.38982826,-71.00259027,Entire rental unit,Entire home/apt,2,1,1,1,$140.00 ,1,60,t,10,28,58,67,127,44,0,67,50,255,35700,4.75,4.82,4.86,4.94,4.94,4.79,4.59,t,2,2,0,0,4.13
8.05985E+17,N/A,N/A,f,1,1,t,t,South End,42.34233259,-71.06790635,Entire rental unit,Entire home/apt,2,,1,,,3,1125,t,0,0,0,0,12,0,0,0,0,0,,4.83,4.92,4.67,5,4.92,4.92,4.58,f,1,1,0,0,0.4
8.06399E+17,100%,98%,t,1,1,t,t,Dorchester,42.31201,-71.06022,Entire condo,Entire home/apt,2,1,1,1,$246.00 ,1,5,t,7,23,50,324,90,32,1,59,42,192,47232,4.94,4.94,4.93,4.96,4.96,4.9,4.81,f,1,1,0,0,2.98
8.071E+17,89%,99%,f,54,112,t,f,South Boston,42.33217055,-71.03590369,Private room in rental unit,Private room,2,,1,,,29,1125,t,0,0,0,0,5,0,0,0,2,0,,4.6,4.8,4.6,4.8,4.8,4.8,4.6,t,31,8,23,0,0.17
8.071E+17,89%,99%,f,54,112,t,f,South Boston,42.33356815,-71.03459423,Private room in rental unit,Private room,2,,1,,,29,1125,t,25,47,71,346,4,2,1,80,0,116,,3.5,3.5,4,3.5,4.25,4.75,3.5,t,31,8,23,0,0.13
8.0772E+17,100%,96%,f,5084,5865,t,t,Downtown,42.365947,-71.063473,Entire rental unit,Entire home/apt,2,1,1,1,$326.00 ,32,1125,t,0,0,0,263,0,0,0,0,0,0,0,,,,,,,,t,343,343,0,0,
8.07831E+17,N/A,100%,f,3,3,f,t,Dorchester,42.28358,-71.07115,Entire rental unit,Entire home/apt,4,,2,,,29,365,t,0,0,0,7,10,0,0,0,0,0,,4.9,5,5,4.8,4.9,4.6,4.6,f,3,1,2,0,0.35
8.08605E+17,100%,100%,t,14,14,t,t,Allston,42.36003796,-71.12327507,Entire home,Entire home/apt,14,2.5,7,7,$770.00 ,1,1125,t,19,48,78,345,67,30,2,88,25,180,138600,4.88,4.91,4.91,4.97,4.97,4.81,4.76,t,2,2,0,0,2.1
8.0885E+17,100%,100%,t,7,7,t,t,Dorchester,42.295945,-71.080569,Entire condo,Entire home/apt,7,2.5,3,4,$429.00 ,1,28,t,3,22,42,303,260,106,4,51,102,255,109395,4.94,4.95,4.95,4.98,4.97,4.41,4.86,f,7,7,0,0,7.98
8.09294E+17,100%,100%,t,7,7,t,t,Dorchester,42.2958734,-71.0805465,Entire rental unit,Entire home/apt,7,2.5,3,4,$323.00 ,1,28,t,10,37,67,339,191,68,4,77,60,255,82365,4.94,4.92,4.93,4.95,4.98,4.41,4.88,f,7,7,0,0,5.91
8.10755E+17,100%,96%,f,5084,5865,t,t,Downtown,42.365947,-71.063473,Entire rental unit,Entire home/apt,2,1,1,1,$348.00 ,32,1125,t,3,33,63,338,0,0,0,72,0,0,0,,,,,,,,t,343,343,0,0,
8.10755E+17,100%,96%,f,5084,5865,t,t,Downtown,42.3511858,-71.064017,Entire rental unit,Entire home/apt,4,2,2,2,$368.00 ,32,1125,t,0,0,11,286,0,0,0,20,0,0,0,,,,,,,,t,343,343,0,0,
8.11115E+17,N/A,N/A,f,1,1,t,t,Roxbury,42.32430524,-71.0680442,Entire rental unit,Entire home/apt,6,1,2,3,$162.00 ,1,14,t,5,19,46,283,127,30,2,53,38,180,29160,4.87,4.91,4.94,4.94,4.91,4.03,4.72,f,1,1,0,0,4.02
8.13504E+17,0%,0%,f,1,9,t,t,West Roxbury,42.301319,-71.165781,Private room in rental unit,Private room,2,1,1,1,$50.00 ,1,1125,t,0,0,6,6,53,0,0,6,0,0,0,4.91,4.81,4.91,4.87,4.89,4.68,4.87,f,1,0,1,0,1.7
8.16819E+17,87%,76%,f,102,193,t,t,Fenway,42.34264,-71.10107,Entire rental unit,Entire home/apt,3,1,1,1,$399.00 ,29,365,t,30,60,90,365,1,0,0,100,0,0,0,5,5,5,5,5,5,5,f,72,72,0,0,0.03
8.19773E+17,100%,81%,t,21,26,t,f,West Roxbury,42.27785368,-71.16010427,Private room in rental unit,Private room,1,1,1,1,$65.00 ,1,365,t,29,59,89,99,17,9,1,99,8,54,3510,4.82,4.88,4.94,4.94,5,5,4.88,f,16,4,12,0,0.69
8.198E+17,100%,81%,t,21,26,t,f,West Roxbury,42.27818335,-71.16146609,Entire rental unit,Entire home/apt,4,1,2,3,$251.00 ,1,365,t,23,53,83,93,3,2,0,93,0,12,3012,4.67,4.67,5,5,4.67,5,4.33,f,16,4,12,0,0.1
8.20388E+17,100%,93%,,280,445,t,t,Beacon Hill,42.35902,-71.06542,Entire rental unit,Entire home/apt,4,1,3,3,$130.00 ,29,365,t,3,16,46,225,5,1,0,55,3,58,7540,4.6,4.8,4.8,5,5,4.8,4.4,f,115,52,63,0,0.2
8.2103E+17,75%,100%,f,18,1596,t,t,Allston,42.36020122,-71.1315106,Private room in rental unit,Private room,1,0,4,1,$59.00 ,91,180,t,0,0,0,250,0,0,0,0,0,0,0,,,,,,,,f,9,0,9,0,
8.21501E+17,100%,96%,f,5084,5865,t,t,Downtown,42.3511858,-71.064017,Entire rental unit,Entire home/apt,4,2,2,2,$412.00 ,32,1125,t,0,0,0,141,0,0,0,0,0,0,0,,,,,,,,t,343,343,0,0,
8.21893E+17,100%,100%,t,1,1,t,t,South Boston,42.335234,-71.054872,Entire home,Entire home/apt,6,2.5,3,3,$551.00 ,3,365,t,7,22,52,284,62,21,2,61,27,126,69426,4.97,4.95,4.95,4.97,5,4.74,4.82,f,1,1,0,0,2.15
8.23053E+17,100%,99%,t,2,2,t,t,Jamaica Plain,42.297686,-71.113484,Entire rental unit,Entire home/apt,7,1,3,6,$252.00 ,3,1125,t,2,11,26,229,74,29,5,35,28,174,43848,4.96,4.93,4.86,4.99,4.96,4.82,4.76,f,2,2,0,0,2.41
8.25809E+17,100%,34%,f,21,32,t,t,Jamaica Plain,42.30897348,-71.10486996,Entire rental unit,Entire home/apt,4,1,2,2,$135.00 ,90,365,t,0,8,38,313,0,0,0,47,0,0,0,,,,,,,,f,11,11,0,0,
8.25848E+17,100%,96%,f,5084,5865,t,t,Brighton,42.3477738,-71.1460998,Entire rental unit,Entire home/apt,2,1,0,1,$212.00 ,32,1125,t,0,0,0,115,1,0,0,0,1,0,0,5,5,5,5,5,5,5,t,343,343,0,0,0.06
8.26154E+17,100%,100%,t,35,76,t,t,North End,42.36517739,-71.05263341,Entire rental unit,Entire home/apt,3,1,1,2,$227.00 ,1,365,t,5,22,52,327,120,38,2,61,39,228,51756,4.83,4.9,4.83,4.98,4.9,4.96,4.68,f,23,23,0,0,3.8
8.26177E+17,100%,100%,t,35,76,t,t,North End,42.36726277,-71.05232352,Entire rental unit,Entire home/apt,2,1,0,1,$220.00 ,1,365,t,3,15,42,317,151,39,1,52,63,234,51480,4.91,4.94,4.91,4.94,4.94,4.98,4.79,f,23,23,0,0,4.79
8.26915E+17,100%,100%,t,3,3,t,t,Roslindale,42.28793,-71.13991,Private room in home,Private room,2,1,1,1,$107.00 ,1,730,t,19,49,79,354,11,2,1,89,2,12,1284,5,4.73,4.73,5,5,4.91,4.64,f,3,0,3,0,0.35
8.2699E+17,100%,100%,t,3,3,t,t,Roslindale,42.28793,-71.13992,Private room in home,Private room,2,1,1,1,$108.00 ,1,730,t,24,54,84,359,4,0,0,94,1,0,0,4.75,5,5,5,4.75,5,5,f,3,0,3,0,0.13
8.27003E+17,N/A,100%,f,3,3,f,t,Dorchester,42.28544,-71.0721,Private room in rental unit,Private room,1,,,,,29,365,t,0,0,0,7,0,0,0,0,0,0,,,,,,,,,f,3,1,2,0,
8.27013E+17,N/A,100%,f,3,3,f,t,Dorchester,42.2837,-71.07307,Private room in rental unit,Private room,1,,,,,29,365,t,0,0,0,7,0,0,0,0,0,0,,,,,,,,,f,3,1,2,0,
8.27764E+17,100%,79%,f,5,5,t,t,Mattapan,42.2778739,-71.0824847,Private room in home,Private room,1,1,1,1,$26.00 ,30,180,t,0,0,6,242,9,5,0,15,1,255,6630,5,4.89,4.89,5,5,4.22,4.89,f,4,1,3,0,0.31
8.27764E+17,100%,79%,f,5,5,t,t,Mattapan,42.27865667,-71.08178761,Entire rental unit,Entire home/apt,4,1,2,2,$64.00 ,30,180,t,0,0,22,296,2,0,0,31,1,0,0,3.5,4,4,4,4.5,3.5,3,f,4,1,3,0,0.08
8.28014E+17,100%,96%,f,5084,5865,t,t,Chinatown,42.3522851,-71.0591088,Entire rental unit,Entire home/apt,2,1,1,1,$297.00 ,32,1125,t,0,0,0,39,1,0,0,0,0,0,0,5,5,5,5,5,5,5,t,343,343,0,0,0.03
8.28194E+17,100%,100%,f,59,74,t,t,Downtown,42.35730177,-71.05326282,Entire rental unit,Entire home/apt,2,1,1,1,$226.00 ,1,365,t,6,33,63,276,100,27,0,73,43,162,36612,4.64,4.69,4.7,4.8,4.91,4.79,4.57,f,59,59,0,0,3.3
8.28387E+17,100%,100%,f,59,74,t,t,Back Bay,42.3486,-71.08625,Entire rental unit,Entire home/apt,2,1,1,1,$235.00 ,1,365,t,0,14,41,216,87,44,2,50,50,255,59925,4.56,4.69,4.63,4.75,4.85,4.92,4.48,f,59,59,0,0,3.85
8.28387E+17,100%,100%,f,59,74,t,t,Back Bay,42.34830115,-71.0844696,Entire rental unit,Entire home/apt,2,1,1,1,$253.00 ,1,365,t,2,3,27,180,65,19,0,36,62,114,28842,4.68,4.6,4.8,4.8,4.85,4.97,4.6,f,59,59,0,0,3.07
8.28415E+17,100%,100%,f,59,74,t,t,Back Bay,42.35106435,-71.08198395,Entire rental unit,Entire home/apt,3,1,1,1,$272.00 ,11,365,t,0,13,20,181,90,26,1,20,44,255,69360,4.7,4.74,4.79,4.74,4.83,4.93,4.61,f,59,59,0,0,2.95
8.28416E+17,100%,100%,f,59,74,t,t,Back Bay,42.34819948,-71.08644008,Entire rental unit,Entire home/apt,2,0,1,1,$266.00 ,1,365,t,4,15,44,223,82,23,1,53,38,138,36708,4.76,4.78,4.84,4.74,4.89,4.94,4.6,f,59,59,0,0,2.73
8.28424E+17,100%,100%,f,59,74,t,t,Back Bay,42.34870643,-71.08644606,Entire rental unit,Entire home/apt,2,1,1,1,$327.00 ,1,365,t,4,17,47,226,64,22,0,56,39,132,43164,4.59,4.66,4.73,4.78,4.81,4.97,4.41,f,59,59,0,0,2.04
8.28431E+17,100%,100%,f,59,74,t,t,Back Bay,42.34844,-71.08605,Entire rental unit,Entire home/apt,2,1,1,1,$275.00 ,1,365,t,6,18,42,225,102,36,0,51,49,216,59400,4.74,4.72,4.81,4.86,4.92,4.97,4.54,f,59,59,0,0,3.27
8.28888E+17,50%,29%,f,4,6,t,t,Dorchester,42.30271149,-71.06850565,Private room in rental unit,Private room,1,1,1,1,$48.00 ,30,365,t,0,0,1,276,2,0,0,11,0,0,0,5,5,5,5,5,5,5,f,4,0,4,0,0.07
8.30646E+17,100%,100%,t,7,7,t,t,Dorchester,42.2958734,-71.0805465,Entire rental unit,Entire home/apt,3,1,1,2,$169.00 ,1,28,t,14,34,58,331,146,57,6,68,74,255,43095,4.9,4.89,4.88,4.97,4.94,4.62,4.79,t,7,7,0,0,4.67
8.31006E+17,100%,64%,f,3,4,t,f,Beacon Hill,42.359362,-71.0682975,Entire rental unit,Entire home/apt,2,1,1,1,$200.00 ,2,365,t,1,17,39,256,9,9,4,43,2,54,10800,5,5,4.89,5,5,5,5,f,2,2,0,0,0.77
8.31013E+17,100%,64%,f,3,4,t,f,Beacon Hill,42.359362,-71.0682975,Entire rental unit,Entire home/apt,2,1,1,1,$220.00 ,29,365,t,27,57,87,355,2,1,0,92,1,58,12760,4.5,4.5,5,5,5,5,4.5,f,2,2,0,0,0.07
8.31051E+17,100%,100%,t,1,1,t,t,Jamaica Plain,42.32289973,-71.1136327,Entire rental unit,Entire home/apt,5,1,2,3,$181.00 ,29,183,t,11,41,71,254,10,4,0,81,3,232,41992,4.9,5,4.7,5,5,4.9,4.8,f,1,1,0,0,0.38
8.31097E+17,100%,99%,t,1,1,t,t,Jamaica Plain,42.3117713,-71.1152712,Entire rental unit,Entire home/apt,3,1,1,1,$107.00 ,1,365,t,4,5,5,5,105,60,5,5,48,255,27285,4.73,4.87,4.81,4.83,4.89,4.9,4.65,t,1,1,0,0,3.45
8.31477E+17,100%,89%,f,7,36,t,t,Allston,42.3560237,-71.1368711,Entire rental unit,Entire home/apt,6,1,2,3,$287.00 ,2,365,t,3,24,54,143,19,7,0,63,2,42,12054,4,4.26,4.11,4.74,4.26,3.84,4,t,4,4,0,0,0.61
8.31735E+17,100%,96%,f,5084,5865,t,t,Brighton,42.3477738,-71.1460998,Entire rental unit,Entire home/apt,2,1,1,1,$286.00 ,32,1125,t,8,38,68,343,0,0,0,78,0,0,0,,,,,,,,t,343,343,0,0,
8.31838E+17,100%,100%,f,59,74,t,t,Mission Hill,42.33287,-71.09857,Entire rental unit,Entire home/apt,2,1,1,1,$264.00 ,1,365,t,2,23,53,237,12,8,1,63,0,48,12672,4.83,4.92,4.83,5,5,4.75,4.33,f,59,59,0,0,0.44
8.31914E+17,100%,100%,f,59,74,t,t,Mission Hill,42.33155405,-71.09869749,Entire rental unit,Entire home/apt,2,1,1,1,$300.00 ,1,365,t,0,29,47,139,22,14,0,52,0,84,25200,4.91,4.95,5,4.64,4.95,4.59,4.5,f,59,59,0,0,0.72
8.3192E+17,100%,100%,f,59,74,t,t,Mission Hill,42.33238914,-71.10074119,Entire rental unit,Entire home/apt,2,1,1,1,$239.00 ,1,365,t,3,26,47,181,28,9,1,47,0,54,12906,4.82,4.96,4.89,4.54,4.79,4.75,4.64,f,59,59,0,0,0.91
8.31929E+17,100%,100%,f,59,74,t,t,Mission Hill,42.33107907,-71.10018509,Entire rental unit,Entire home/apt,4,2,2,2,$441.00 ,1,365,t,8,30,51,224,104,44,0,57,63,255,112455,4.88,4.89,4.95,4.83,4.93,4.75,4.72,f,59,59,0,0,3.39
8.31961E+17,100%,80%,t,1,1,t,f,Mattapan,42.27294409,-71.09918409,Entire home,Entire home/apt,4,1,2,2,$230.00 ,29,365,t,30,60,90,365,39,4,0,99,24,232,53360,4.85,4.9,4.74,4.87,4.95,4.67,4.67,t,1,1,0,0,1.27
8.32013E+17,87%,89%,,11,14,t,t,Brighton,42.35044,-71.14829,Entire condo,Entire home/apt,4,1,2,3,$311.00 ,5,365,t,8,35,65,245,46,19,5,75,24,190,59090,4.93,4.96,4.85,5,4.93,4.91,4.76,f,4,4,0,0,1.54
8.32114E+17,89%,92%,f,25,86,t,t,Fenway,42.34671938,-71.10177412,Entire rental unit,Entire home/apt,4,2,2,2,$515.00 ,30,1125,t,0,0,0,257,7,0,0,0,0,0,0,5,5,4.86,4.57,5,5,4.86,f,9,9,0,0,0.23
8.32227E+17,88%,96%,t,1,1,t,t,Roxbury,42.31355843,-71.08467057,Entire rental unit,Entire home/apt,8,2,4,4,$314.00 ,2,365,t,14,20,20,96,168,29,1,20,68,174,54636,4.86,4.86,4.92,4.92,4.95,4.52,4.8,t,1,1,0,0,5.47
8.32514E+17,100%,34%,f,21,32,t,t,Jamaica Plain,42.31059,-71.1056,Entire rental unit,Entire home/apt,4,,2,,,30,365,t,0,0,3,278,3,0,0,12,2,0,,5,5,5,5,5,5,5,f,11,11,0,0,0.13
8.33415E+17,100%,100%,f,79,112,t,t,South Boston,42.34183,-71.0558,Private room in rental unit,Private room,4,1,1,4,$242.00 ,2,365,t,15,42,63,63,29,8,0,63,10,48,11616,4.41,4.55,4.48,4.55,4.79,4.79,4.31,t,57,27,30,0,0.96
8.33503E+17,N/A,N/A,f,1,1,t,t,Dorchester,42.302495,-71.0819227,Entire rental unit,Entire home/apt,4,,1,,,29,730,t,10,36,63,298,4,0,0,72,1,0,,4,4.5,5,4.75,4.25,3.5,4.5,t,1,1,0,0,0.14
8.34817E+17,N/A,N/A,f,1,3,t,t,Roxbury,42.3174703,-71.0801929,Entire rental unit,Entire home/apt,4,1,2,2,$262.00 ,1,30,t,9,34,64,336,87,32,4,74,32,192,50304,4.94,4.98,5,4.98,5,4.41,4.79,f,1,1,0,0,2.93
8.35026E+17,90%,50%,f,1,1,t,t,Mattapan,42.2716784,-71.0727197,Private room in rental unit,Private room,1,1,1,1,$76.00 ,1,60,t,0,0,28,265,3,3,2,28,0,18,1368,5,5,5,5,5,5,5,f,1,0,1,0,0.97
8.35419E+17,100%,64%,t,24,26,t,f,Dorchester,42.31921,-71.05955,Entire home,Entire home/apt,2,1,0,1,$93.00 ,31,365,t,27,57,87,362,4,0,0,97,3,0,0,4.75,4.75,4.75,4.5,5,4.75,4.5,f,7,7,0,0,0.15
8.35891E+17,50%,29%,f,4,6,t,t,Dorchester,42.30246097,-71.06631313,Private room in rental unit,Private room,1,,,,,30,365,t,0,22,52,326,1,0,0,61,0,0,,5,5,5,5,5,5,5,f,4,0,4,0,0.04
8.36154E+17,100%,94%,f,5,5,t,t,Roxbury,42.33033,-71.07118,Entire rental unit,Entire home/apt,5,,2,,,3,365,t,0,0,0,0,13,1,0,0,8,6,,4.69,4.77,4.85,5,4.54,3.54,4.46,t,1,1,0,0,0.51
8.3744E+17,100%,96%,f,5084,5865,t,t,Fenway,42.3472723,-71.1013094,Entire rental unit,Entire home/apt,2,1,1,1,$348.00 ,32,1125,t,0,0,7,282,0,0,0,17,0,0,0,,,,,,,,t,343,343,0,0,
8.3744E+17,100%,96%,f,5084,5865,t,t,Fenway,42.3475057,-71.1010258,Entire rental unit,Entire home/apt,2,1,0,1,$272.00 ,32,1125,t,0,0,0,121,2,0,0,0,1,0,0,5,4.5,4.5,5,5,4.5,4.5,t,343,343,0,0,0.09
8.38761E+17,N/A,N/A,f,15,30,t,t,South End,42.3468,-71.07111,Room in hotel,Private room,2,,1,,,1,28,,0,0,0,0,20,0,0,0,0,0,,4.85,4.9,4.95,5,4.95,4.95,4.9,f,15,0,15,0,0.29
8.38764E+17,N/A,N/A,f,15,30,t,t,South End,42.34637,-71.06979,Room in hotel,Private room,2,,1,,,1,28,,0,0,0,0,89,0,0,0,0,0,,4.67,4.69,4.76,4.87,4.79,4.83,4.52,f,15,0,15,0,1.3
8.38765E+17,N/A,N/A,f,15,30,t,t,South End,42.34707865,-71.07116013,Room in hotel,Private room,2,,1,,,1,28,,0,0,0,0,33,0,0,0,1,0,,4.55,4.55,4.55,4.58,4.36,4.64,4.03,f,15,0,15,0,0.47
8.38766E+17,N/A,N/A,f,15,30,t,t,South End,42.34621,-71.07197,Room in hotel,Private room,2,,1,,,1,28,,0,0,0,0,383,0,0,0,0,0,,4.57,4.61,4.63,4.84,4.73,4.79,4.41,f,15,0,15,0,5.4
8.38768E+17,N/A,N/A,f,15,30,t,t,South End,42.34635,-71.07183,Room in hotel,Private room,2,,1,,,1,28,,0,0,0,0,153,0,0,0,0,0,,4.8,4.78,4.84,4.96,4.92,4.92,4.61,f,15,0,15,0,2.19
8.38771E+17,N/A,N/A,f,15,30,t,t,South End,42.34539075,-71.0699882,Room in hotel,Private room,4,,1,,,1,28,,0,0,0,0,300,0,0,0,1,0,,4.86,4.83,4.84,4.91,4.85,4.85,4.76,f,15,0,15,0,4.23
8.38772E+17,N/A,N/A,f,15,30,t,t,South End,42.34502783,-71.0705708,Room in hotel,Private room,2,,1,,,1,28,,0,0,0,0,210,0,0,0,0,0,,4.77,4.71,4.88,4.95,4.96,4.94,4.73,f,15,0,15,0,2.99
8.38773E+17,N/A,N/A,f,15,30,t,t,South End,42.3468,-71.07205,Room in hotel,Private room,3,,1,,,1,28,,0,0,0,0,313,0,0,0,2,0,,4.77,4.78,4.73,4.93,4.87,4.85,4.59,f,15,0,15,0,4.44
8.38775E+17,N/A,N/A,f,15,30,t,t,South End,42.34708,-71.07122,Room in hotel,Private room,2,,1,,,1,28,,0,0,0,0,1,0,0,0,0,0,,4,4,5,5,5,5,4,f,15,0,15,0,0.01
8.38777E+17,N/A,N/A,f,15,30,t,t,South End,42.34532,-71.07016,Room in hotel,Private room,4,,1,,,1,28,,0,0,0,0,6,0,0,0,0,0,,4.67,5,4.67,5,5,4.83,4.83,f,15,0,15,0,0.11
8.38782E+17,N/A,N/A,f,15,30,t,t,South End,42.34692,-71.07184,Room in hotel,Private room,2,,1,,,1,28,,0,0,0,0,16,0,0,0,0,0,,5,4.81,4.94,5,4.94,4.94,4.63,f,15,0,15,0,0.23
8.38785E+17,N/A,N/A,f,15,30,t,t,South End,42.34640429,-71.06976257,Room in hotel,Private room,4,,1,,,1,28,,0,0,0,0,6,0,0,0,0,0,,4.83,4.67,4,5,5,5,5,f,15,0,15,0,0.12
8.38786E+17,N/A,N/A,f,15,30,t,t,South End,42.34483522,-71.07153939,Room in hotel,Private room,2,,1,,,1,28,,0,0,0,0,13,0,0,0,0,0,,4.69,4.77,4.54,4.92,5,4.85,4.62,f,15,0,15,0,0.19
8.38791E+17,N/A,N/A,f,15,30,t,t,South End,42.34704,-71.07,Room in hotel,Private room,4,,1,,,1,28,,0,0,0,0,15,0,0,0,0,0,,4.33,4.47,4.47,4.87,4.6,4.6,4.13,f,15,0,15,0,0.21
8.38793E+17,N/A,N/A,f,15,30,t,t,South End,42.34527892,-71.06977163,Room in hotel,Private room,2,,1,,,1,28,,0,0,0,0,7,0,0,0,0,0,,4.86,4.86,4.86,5,5,4.86,4.86,f,15,0,15,0,0.12
8.39054E+17,100%,98%,f,2,7,t,t,Jamaica Plain,42.32197993,-71.10271492,Private room in rental unit,Private room,1,1,1,1,$58.00 ,1,365,t,0,3,33,123,17,6,0,43,7,36,2088,4.24,4.35,4.12,3.94,4.47,4.06,4.24,t,2,0,2,0,0.59
8.40056E+17,87%,76%,f,102,193,t,t,Back Bay,42.34777027,-71.07940927,Entire rental unit,Entire home/apt,6,2,2,4,$321.00 ,4,365,t,11,19,46,166,14,0,0,50,4,0,0,4.93,5,5,5,5,4.86,4.79,t,72,72,0,0,0.46
8.40519E+17,100%,90%,t,2,2,t,t,East Boston,42.36517571,-71.03671754,Entire rental unit,Entire home/apt,4,1,2,4,$235.00 ,2,365,t,12,38,57,231,172,54,7,61,75,255,59925,4.96,4.94,4.98,4.94,4.97,4.88,4.86,f,2,2,0,0,5.66
8.4134E+17,100%,100%,t,1,1,f,f,Mattapan,42.27585997,-71.07228685,Entire home,Entire home/apt,10,2,5,6,$455.00 ,4,28,t,7,31,61,329,25,11,0,71,13,88,40040,4.92,4.8,4.92,4.96,5,4.76,4.76,t,1,1,0,0,0.87
8.42083E+17,100%,100%,f,5,8,t,t,Mattapan,42.27382,-71.07947,Entire rental unit,Entire home/apt,9,2.5,4,4,$741.00 ,1,365,t,22,52,82,258,0,0,0,92,0,0,0,,,,,,,,t,5,4,1,0,
8.44268E+17,100%,100%,f,59,74,t,t,Fenway,42.34950702,-71.09329788,Entire rental unit,Entire home/apt,6,2,3,3,$536.00 ,1,365,t,3,19,49,221,140,60,4,58,53,255,136680,4.72,4.8,4.88,4.71,4.91,4.9,4.61,t,59,59,0,0,4.64
8.45726E+17,100%,100%,t,1,2,t,t,Roslindale,42.289883,-71.1394402,Entire rental unit,Entire home/apt,6,1,3,5,$218.00 ,2,1125,t,9,34,59,149,86,31,3,69,35,186,40548,4.95,4.95,4.99,5,4.94,4.78,4.74,t,1,1,0,0,2.81
8.46239E+17,100%,100%,f,59,74,t,t,Fenway,42.35063833,-71.09297187,Entire rental unit,Entire home/apt,2,1,0,1,$319.00 ,1,365,t,0,0,3,156,21,21,2,12,0,126,40194,4.71,4.81,4.81,4.95,5,4.9,4.38,f,59,59,0,0,3.5
8.4645E+17,100%,82%,t,1,1,t,f,Jamaica Plain,42.31643722,-71.10064384,Private room in townhouse,Private room,2,,,,,3,3,t,0,0,0,0,78,34,0,0,52,204,,4.97,4.92,4.96,4.96,5,4.92,4.77,f,1,0,1,0,3.56
8.46872E+17,100%,96%,f,5084,5865,t,t,Fenway,42.3472723,-71.1013094,Entire rental unit,Entire home/apt,2,1,0,1,$307.00 ,32,1125,t,0,0,0,28,0,0,0,0,0,0,0,,,,,,,,t,343,343,0,0,
8.46942E+17,100%,100%,f,59,74,t,t,Downtown,42.35546,-71.06294,Entire rental unit,Entire home/apt,8,2,4,4,$537.00 ,3,180,t,5,24,50,212,132,69,3,55,51,255,136935,4.79,4.83,4.83,4.86,4.89,4.86,4.58,f,59,59,0,0,4.57
8.4719E+17,100%,100%,t,10,37,t,t,Jamaica Plain,42.2941174,-71.1170464,Entire condo,Entire home/apt,12,2.5,5,7,$406.00 ,30,365,t,10,30,57,332,56,12,2,66,33,255,103530,4.88,4.84,4.84,4.95,4.91,4.59,4.79,t,5,5,0,0,1.9
8.47347E+17,89%,99%,f,54,112,t,f,South Boston,42.33136393,-71.05325525,Private room in rental unit,Private room,2,,1,,,29,1125,t,0,0,0,0,3,0,0,0,1,0,,3,3,3.67,4,3.33,3.67,2.67,t,31,8,23,0,0.1
8.47998E+17,100%,100%,t,1,1,t,t,Mattapan,42.27900715,-71.09426341,Entire home,Entire home/apt,8,2,3,6,$394.00 ,2,1125,t,21,51,77,257,29,11,0,87,13,66,26004,5,5,5,5,5,4.79,5,t,1,1,0,0,1.1
8.49316E+17,100%,100%,f,59,74,t,t,Bay Village,42.34974,-71.06737,Entire rental unit,Entire home/apt,2,1,1,1,$271.00 ,29,365,t,10,39,69,340,39,0,0,78,0,0,0,4.79,4.77,4.97,4.95,4.97,4.74,4.64,f,59,59,0,0,1.28
8.49336E+17,100%,100%,f,59,74,t,t,Downtown,42.35918177,-71.05380097,Entire rental unit,Entire home/apt,2,1,1,1,$267.00 ,1,1125,t,7,20,50,284,95,36,2,60,43,216,57672,4.63,4.61,4.69,4.92,4.99,4.85,4.61,f,59,59,0,0,3.19
8.50766E+17,60%,18%,f,1,1,t,t,Dorchester,42.3149182,-71.05567446,Entire condo,Entire home/apt,2,1,1,1,$110.00 ,29,120,t,0,28,58,188,2,1,0,68,1,58,6380,5,5,5,5,5,5,5,f,1,1,0,0,0.12
8.51605E+17,N/A,100%,f,1,1,t,t,Dorchester,42.31121252,-71.06428633,Entire rental unit,Entire home/apt,9,,3,,,2,28,t,0,0,0,0,26,0,0,0,20,0,,4.88,5,4.96,4.92,5,4.35,4.62,t,1,1,0,0,0.95
8.51622E+17,100%,100%,f,2,2,t,f,South Boston,42.33647,-71.04719,Entire rental unit,Entire home/apt,7,,3,,,2,365,t,0,0,0,0,69,0,0,0,21,0,,4.94,4.97,4.94,4.99,5,4.93,4.84,t,2,2,0,0,2.4
8.52057E+17,100%,99%,t,1,1,t,t,Roxbury,42.31381,-71.08926,Entire rental unit,Entire home/apt,8,4,4,4,$282.00 ,1,1125,t,15,30,60,288,59,45,6,70,23,255,71910,5,5,5,4.98,5,4.68,4.97,f,1,1,0,0,3.66
8.52167E+17,87%,76%,f,102,193,t,t,Jamaica Plain,42.32853,-71.11256,Entire rental unit,Entire home/apt,4,2,2,0,$339.00 ,29,365,t,30,60,90,341,4,0,0,100,0,0,0,4.5,4.5,4.25,5,5,5,4.25,f,72,72,0,0,0.13
8.53392E+17,100%,96%,f,5084,5865,t,t,Fenway,42.3475057,-71.1010258,Entire rental unit,Entire home/apt,2,1,1,1,$435.00 ,32,1125,t,0,0,0,125,0,0,0,0,0,0,0,,,,,,,,t,343,343,0,0,
8.55178E+17,80%,92%,t,1,1,t,t,Mattapan,42.28312,-71.09187,Private room in rental unit,Private room,2,1,1,1,$88.00 ,1,1125,t,9,31,40,40,65,15,0,40,24,90,7920,4.86,4.89,4.97,4.86,4.89,4.45,4.83,f,1,0,1,0,2.41
8.57175E+17,100%,100%,f,3,4,t,t,Dorchester,42.3140755,-71.0571589,Private room in home,Private room,1,1,1,1,$55.00 ,29,1125,t,0,23,53,328,4,1,0,62,1,58,3190,4,4,4,4,4,4,4,t,3,0,3,0,0.14
8.58659E+17,100%,100%,t,2,2,t,t,West Roxbury,42.29362,-71.13868,Entire home,Entire home/apt,5,1,2,2,$340.00 ,2,28,t,15,39,69,344,79,25,0,79,32,150,51000,4.99,4.96,4.96,4.97,4.97,4.89,4.86,f,1,1,0,0,2.64
8.59566E+17,100%,100%,t,1,1,t,t,East Boston,42.36971098,-71.04019015,Entire home,Entire home/apt,6,2,3,3,$300.00 ,2,1125,t,3,18,42,270,50,12,1,50,18,72,21600,4.78,4.76,4.94,4.94,4.96,4.68,4.7,f,1,1,0,0,1.79
8.59693E+17,100%,100%,f,1,1,f,t,Roxbury,42.3263693,-71.0918622,Entire home,Entire home/apt,6,1.5,3,6,$250.00 ,29,1125,t,0,0,22,297,2,2,0,31,1,116,29000,5,5,5,5,5,4.5,4.5,f,1,1,0,0,0.19
8.60164E+17,75%,69%,f,2,2,t,t,Charlestown,42.37930141,-71.06538014,Entire home,Entire home/apt,8,3,4,5,$836.00 ,29,365,t,28,58,88,88,1,0,0,88,0,0,0,5,5,5,5,5,5,5,f,1,1,0,0,0.04
8.61596E+17,100%,100%,f,5,8,t,t,Dorchester,42.28368295,-71.07296703,Entire rental unit,Entire home/apt,6,2,3,3,$367.00 ,1,365,t,16,43,73,348,41,11,1,83,14,66,24222,4.8,4.78,4.68,4.93,4.93,4.34,4.54,t,5,4,1,0,1.39
8.61746E+17,100%,98%,t,4,8,t,t,South Boston,42.3349257,-71.0449714,Entire home,Entire home/apt,13,2.5,4,7,$569.00 ,2,45,t,20,31,55,317,92,34,2,61,37,204,116076,4.96,4.98,4.91,5,5,4.96,4.84,f,1,1,0,0,3.31
8.61789E+17,100%,95%,t,1,1,t,t,Roslindale,42.2786954,-71.1178624,Entire condo,Entire home/apt,4,1.5,2,2,$180.00 ,3,1125,t,4,19,45,304,45,7,0,55,18,42,7560,4.89,4.96,4.93,4.93,4.96,4.44,4.82,f,1,1,0,0,1.6
8.62442E+17,N/A,N/A,f,1,1,t,t,Dorchester,42.31914891,-71.05435938,Entire rental unit,Entire home/apt,2,1,1,1,$158.00 ,29,365,t,29,59,89,364,1,0,0,99,0,0,0,5,5,5,5,5,5,5,f,1,1,0,0,0.03
8.63829E+17,N/A,N/A,f,1,1,f,t,Jamaica Plain,42.30589,-71.10483,Private room in rental unit,Private room,1,,,,,29,365,t,0,0,0,0,3,0,0,0,0,0,,5,5,5,5,5,5,5,f,1,0,1,0,0.11
8.64022E+17,100%,100%,f,5,8,t,t,Dorchester,42.28307,-71.07269,Private room in rental unit,Private room,2,1,1,1,$630.00 ,1,365,t,30,60,90,365,0,0,0,100,0,0,0,,,,,,,,t,5,4,1,0,
8.64291E+17,N/A,80%,f,1,1,t,t,Dorchester,42.28877,-71.05672,Entire rental unit,Entire home/apt,5,,2,,,2,29,t,0,0,0,0,45,3,0,0,20,18,,4.8,4.78,4.84,4.87,4.96,4.56,4.71,f,1,1,0,0,1.55
8.65065E+17,99%,98%,f,17,17,t,t,Dorchester,42.30792252,-71.06957951,Entire home,Entire home/apt,14,2,5,8,$437.00 ,2,28,t,13,41,71,72,78,23,0,72,27,138,60306,4.65,4.69,4.65,4.86,4.87,4.35,4.62,f,3,3,0,0,2.64
8.65212E+17,100%,100%,t,3,3,t,t,Dorchester,42.292908,-71.0629855,Private room in bed and breakfast,Private room,2,,,,,1,10,t,0,0,0,0,236,77,7,0,107,255,,4.98,4.98,4.85,4.99,4.99,4.78,4.95,f,3,0,3,0,7.95
8.65458E+17,100%,96%,f,10,22,t,t,Jamaica Plain,42.32263153,-71.10684266,Private room in home,Private room,2,,,,,29,1125,t,0,0,0,0,7,0,0,0,0,0,,4.86,4.86,4.57,4.86,5,4.57,4.29,f,10,1,9,0,0.24
8.65492E+17,100%,96%,f,10,22,t,t,Jamaica Plain,42.32426,-71.10649,Private room in home,Private room,2,,,,,2,90,t,1,1,1,1,20,7,0,1,11,42,,4.8,4.85,4.8,4.95,4.95,4.9,4.7,f,10,1,9,0,0.67
8.65495E+17,100%,96%,f,10,22,t,t,Jamaica Plain,42.32406084,-71.10620077,Private room in home,Private room,2,1,1,1,$125.00 ,2,1125,t,12,17,17,17,11,2,0,17,4,12,1500,4.64,4.55,4.36,4.82,4.82,4.36,4.36,t,10,1,9,0,0.39
8.65503E+17,100%,96%,f,10,22,t,t,Jamaica Plain,42.32283188,-71.10689356,Private room in home,Private room,2,,,,,29,1125,t,2,5,5,5,9,1,0,5,2,58,,4.89,4.89,4.67,4.89,4.78,4.78,4.44,t,10,1,9,0,0.3
8.65786E+17,100%,100%,t,1,1,t,t,South End,42.34111233,-71.07471588,Private room in condo,Private room,1,1,1,1,$100.00 ,30,77,t,1,23,53,232,13,6,0,62,5,255,25500,4.92,5,5,4.92,5,5,4.92,f,1,0,1,0,0.48
8.66575E+17,100%,100%,f,59,74,t,t,Fenway,42.34081347,-71.10125878,Entire rental unit,Entire home/apt,2,1,0,1,$282.00 ,1,365,t,5,28,53,232,9,9,1,62,0,54,15228,4.89,5,4.89,4.89,5,5,4.33,f,59,59,0,0,1.93
8.66648E+17,N/A,N/A,f,2,3,t,t,Brighton,42.34629089,-71.13905866,Entire rental unit,Entire home/apt,4,1,2,4,$185.00 ,91,365,t,29,59,89,364,0,0,0,99,0,0,0,,,,,,,,f,1,1,0,0,
8.67584E+17,100%,58%,f,21,29,t,t,Dorchester,42.32136235,-71.05950817,Entire home,Entire home/apt,2,1,1,1,$109.00 ,31,365,t,29,58,87,362,2,1,0,96,0,62,6758,5,5,5,5,5,5,5,f,9,9,0,0,0.09
8.691E+17,100%,100%,t,1,1,t,t,East Boston,42.3672321,-71.0383392,Entire rental unit,Entire home/apt,4,1,2,2,$286.00 ,1,365,t,3,19,45,293,154,60,3,52,71,255,72930,4.95,4.93,4.89,4.98,4.98,4.93,4.84,f,1,1,0,0,5.22
8.69665E+17,100%,100%,t,3,4,t,t,Dorchester,42.3177103,-71.05689193,Private room in rental unit,Private room,1,1,1,1,$90.00 ,29,59,t,0,27,57,237,9,3,0,67,3,174,15660,4.89,5,5,4.89,5,4.78,4.78,f,3,1,2,0,0.32
8.70197E+17,100%,58%,f,21,29,t,t,Dorchester,42.32121928,-71.05758895,Entire home,Entire home/apt,2,1,1,1,$109.00 ,30,365,t,26,55,85,360,2,0,0,95,1,0,0,5,5,5,5,5,5,5,f,9,9,0,0,0.08
8.709E+17,100%,98%,t,1,1,t,t,Allston,42.3509,-71.14514,Entire rental unit,Entire home/apt,6,2,3,4,$550.00 ,1,62,t,13,34,55,200,107,42,3,56,42,252,138600,4.99,5,5,4.98,4.99,4.9,4.91,f,1,1,0,0,3.75
8.72334E+17,100%,58%,f,21,29,t,t,Dorchester,42.31936111,-71.05769352,Entire home,Entire home/apt,3,1,0,1,$119.00 ,31,365,t,0,0,2,277,4,0,0,12,1,0,0,4.75,4.75,4.75,4.75,5,4.75,4.5,f,9,9,0,0,0.14
8.72453E+17,N/A,N/A,f,1,5,t,f,Fenway,42.34737,-71.10376,Entire rental unit,Entire home/apt,2,1,1,1,$355.00 ,91,730,t,0,0,9,284,0,0,0,19,0,0,0,,,,,,,,f,1,1,0,0,
8.72961E+17,100%,96%,f,5084,5865,t,t,South End,42.3439382,-71.0638329,Entire rental unit,Entire home/apt,2,1,1,1,$321.00 ,32,1125,t,0,0,0,245,0,0,0,0,0,0,0,,,,,,,,t,343,343,0,0,
8.73477E+17,N/A,N/A,t,1,2,f,t,Dorchester,42.30335,-71.07435,Entire home,Entire home/apt,2,,1,,,1,365,t,0,0,0,0,73,0,0,0,32,0,,4.92,4.9,4.88,4.9,4.84,4.48,4.77,f,1,1,0,0,2.85
8.73655E+17,100%,96%,f,5084,5865,t,t,South End,42.3452369,-71.0639399,Entire rental unit,Entire home/apt,2,1,1,1,$381.00 ,32,1125,t,13,43,73,348,0,0,0,82,0,0,0,,,,,,,,t,343,343,0,0,
8.73658E+17,100%,96%,f,5084,5865,t,t,South Boston,42.3311374,-71.0469214,Entire rental unit,Entire home/apt,2,1,1,1,$265.00 ,32,1125,t,0,0,0,207,1,0,0,0,0,0,0,3,1,1,1,4,5,3,t,343,343,0,0,0.04
8.73911E+17,100%,100%,t,6,6,t,t,South End,42.3426862,-71.07805606,Entire rental unit,Entire home/apt,6,2.5,3,3,"$1,020.00 ",3,365,t,19,48,73,336,23,8,0,82,9,48,48960,5,5,5,5,5,5,4.83,t,1,1,0,0,0.89
8.74158E+17,100%,100%,t,39,40,t,t,Brighton,42.3469948,-71.1452694,Entire rental unit,Entire home/apt,5,1,1,2,$171.00 ,1,365,t,12,41,71,139,65,56,3,80,18,255,43605,4.75,4.85,4.89,4.83,4.83,4.83,4.66,t,39,39,0,0,2.24
8.74695E+17,N/A,100%,f,1,1,t,t,Dorchester,42.31741288,-71.0531595,Entire home,Entire home/apt,9,,4,,,2,27,t,0,0,0,0,47,1,0,0,19,6,,4.68,4.74,4.77,4.85,4.87,4.7,4.57,f,1,1,0,0,1.65
8.75617E+17,100%,98%,t,3,3,t,t,Beacon Hill,42.36017771,-71.06564076,Private room in condo,Private room,4,1,1,2,$160.00 ,2,27,t,18,42,72,343,123,39,3,81,62,234,37440,4.72,4.81,4.58,4.75,4.82,4.91,4.65,f,3,0,2,1,4.3
8.75622E+17,100%,98%,t,3,3,t,t,Beacon Hill,42.36003164,-71.06746992,Private room in condo,Private room,2,1,1,1,$76.00 ,2,27,t,3,16,38,288,168,62,3,47,80,255,19380,4.85,4.9,4.65,4.85,4.93,4.95,4.73,f,3,0,2,1,5.81
8.75636E+17,100%,98%,t,3,3,t,t,Beacon Hill,42.35817368,-71.06559135,Shared room in condo,Shared room,1,1,1,1,$68.00 ,2,27,t,16,43,73,345,113,40,3,82,55,240,16320,4.81,4.91,4.8,4.84,4.8,4.97,4.71,f,3,0,2,1,3.91
8.75929E+17,100%,100%,t,32,32,t,t,Fenway,42.35039487,-71.09370636,Entire rental unit,Entire home/apt,2,1,0,1,$140.00 ,2,365,t,3,21,51,298,92,40,4,60,35,240,33600,4.79,4.85,4.85,4.97,4.9,4.92,4.72,f,30,28,2,0,3.22
8.76342E+17,100%,100%,f,18,163,t,t,South End,42.34083,-71.0799,Entire rental unit,Entire home/apt,2,1,1,1,$323.00 ,1,14,t,20,43,73,343,14,11,1,82,4,66,21318,4.64,4.86,4.64,4.79,4.79,5,4.71,t,18,18,0,0,0.67
8.76996E+17,100%,100%,t,39,40,t,t,Brighton,42.34786,-71.14511,Entire rental unit,Entire home/apt,2,1,1,2,$247.00 ,1,1125,t,19,44,74,143,95,29,3,84,42,174,42978,4.85,4.81,4.93,4.78,4.93,4.87,4.69,t,39,39,0,0,3.37
8.78795E+17,100%,100%,t,5,5,t,t,Roxbury,42.33467152,-71.08334666,Entire home,Entire home/apt,7,2.5,3,4,$434.00 ,2,365,t,10,25,47,283,161,62,1,49,67,255,110670,4.96,4.94,4.94,4.99,4.98,4.6,4.81,f,5,5,0,0,5.5
8.79147E+17,100%,100%,f,19,19,t,t,Mission Hill,42.33389135,-71.10644747,Entire rental unit,Entire home/apt,2,1,0,1,$183.00 ,2,60,t,1,23,53,185,44,17,1,63,35,102,18666,4.75,4.73,4.82,4.95,4.84,4.75,4.48,f,19,19,0,0,2.09
8.79147E+17,100%,100%,f,19,19,t,t,Mission Hill,42.33285,-71.10488,Entire rental unit,Entire home/apt,2,1,0,1,$122.00 ,2,60,t,0,19,49,176,98,44,5,59,45,255,31110,4.83,4.85,4.85,4.93,4.94,4.79,4.49,f,19,19,0,0,3.65
8.81256E+17,N/A,100%,f,1,1,t,t,Roslindale,42.29281338,-71.13442632,Entire home,Entire home/apt,10,,4,,,3,1125,t,0,0,0,0,2,1,0,0,1,6,,5,5,5,5,5,5,5,f,1,1,0,0,0.07
8.82839E+17,100%,0%,f,1,1,f,t,South Boston,42.3295,-71.05785,Entire condo,Entire home/apt,2,1,1,1,$161.00 ,30,365,t,23,53,83,263,0,0,0,93,0,0,0,,,,,,,,f,1,1,0,0,
8.83552E+17,100%,58%,f,21,29,t,t,Dorchester,42.31941974,-71.0579171,Entire home,Entire home/apt,2,1,1,1,$109.00 ,31,365,t,29,58,87,362,0,0,0,96,0,0,0,,,,,,,,f,9,9,0,0,
8.83863E+17,100%,100%,t,1,4,t,t,East Boston,42.37885437,-71.03192744,Entire condo,Entire home/apt,2,1,1,1,$197.00 ,1,29,t,3,26,56,125,45,16,2,66,21,96,18912,4.89,4.89,4.91,4.86,4.93,4.7,4.84,f,1,1,0,0,1.55
8.83927E+17,100%,44%,t,2,6,t,t,South Boston,42.3361801,-71.02861689,Private room in condo,Private room,2,1,1,1,$179.00 ,1,60,t,20,46,75,85,37,9,0,85,37,54,9666,5,5,5,5,5,4.97,4.92,f,2,0,2,0,1.98
8.86121E+17,100%,64%,t,24,26,t,f,Dorchester,42.31940042,-71.05758102,Entire home,Entire home/apt,2,1,1,1,$101.00 ,29,365,t,27,55,83,357,1,0,0,92,0,0,0,5,5,5,5,5,5,5,f,7,7,0,0,0.04
8.86282E+17,50%,21%,f,1,2,t,t,Jamaica Plain,42.31445,-71.09751,Entire home,Entire home/apt,5,2,3,3,$251.00 ,2,7,t,18,48,78,353,11,3,0,88,4,18,4518,4.91,4.91,4.36,5,5,4.64,4.64,f,1,1,0,0,0.4
8.86762E+17,100%,96%,f,5084,5865,t,t,Back Bay,42.348645,-71.0793489,Entire rental unit,Entire home/apt,2,,,,,32,1125,t,0,0,0,267,0,0,0,1,0,0,,,,,,,,,t,343,343,0,0,
8.87652E+17,92%,98%,f,1,1,t,f,Dorchester,42.2905563,-71.0523528,Entire rental unit,Entire home/apt,6,1,2,3,$138.00 ,2,1125,t,4,8,8,24,82,43,3,8,17,255,35190,4.7,4.7,4.59,4.86,4.82,4.67,4.67,f,1,1,0,0,2.87
8.89356E+17,89%,99%,f,54,112,t,f,Downtown,42.3507,-71.06544,Entire loft,Entire home/apt,2,1,1,1,$206.00 ,29,1125,t,0,0,0,207,1,0,0,0,0,0,0,5,5,5,5,5,5,5,t,31,8,23,0,0.04
8.89981E+17,95%,91%,f,117,207,t,t,Roxbury,42.33726387,-71.08354304,Entire rental unit,Entire home/apt,4,2,2,2,$278.00 ,30,1125,t,20,20,50,308,4,0,0,59,0,0,0,5,5,5,4.75,5,4,4.75,f,33,33,0,0,0.15
8.90809E+17,100%,100%,t,1,1,t,t,Brighton,42.35666,-71.16563,Private room in home,Private room,2,1,1,1,$123.00 ,1,1125,t,11,37,62,337,51,19,0,72,27,114,14022,4.96,4.96,4.94,4.98,4.98,4.86,4.8,f,1,0,1,0,1.87
8.91562E+17,N/A,N/A,f,1,1,t,t,Jamaica Plain,42.3101345,-71.0990554,Entire rental unit,Entire home/apt,2,1,1,1,$153.00 ,91,365,,24,54,84,358,0,0,0,93,0,0,0,,,,,,,,f,1,1,0,0,
8.92196E+17,87%,76%,f,102,193,t,t,South Boston Waterfront,42.3496,-71.04379,Entire rental unit,Entire home/apt,8,2,3,7,$699.00 ,29,365,t,25,55,83,353,3,0,0,88,0,0,0,4.33,4,5,4.33,4.67,5,4.33,f,72,72,0,0,0.11
8.92245E+17,87%,76%,f,102,193,t,t,South Boston Waterfront,42.34869994,-71.04051557,Entire rental unit,Entire home/apt,6,,2,,,4,365,t,7,29,59,330,4,1,1,68,0,8,,5,5,5,5,5,4.25,5,t,72,72,0,0,0.14
8.92823E+17,N/A,92%,t,1,1,t,f,East Boston,42.36601492,-71.03041349,Entire rental unit,Entire home/apt,4,,2,,,2,1125,t,0,0,0,0,28,6,0,0,17,36,,5,4.96,4.93,4.96,5,4.82,4.86,f,1,1,0,0,1.15
8.92869E+17,100%,100%,f,8,10,t,t,Brighton,42.34677,-71.14316,Entire rental unit,Entire home/apt,4,2,2,2,$165.00 ,29,60,t,0,22,52,62,3,1,0,62,0,58,9570,5,4.67,4.67,5,5,4.67,4.33,t,8,8,0,0,0.11
8.93355E+17,100%,100%,f,40,74,t,t,Downtown,42.35758,-71.0556,Entire rental unit,Entire home/apt,4,2,2,2,$494.00 ,1,365,t,0,7,37,204,112,47,1,47,49,255,125970,4.72,4.77,4.85,4.88,4.88,4.87,4.67,f,40,40,0,0,3.97
8.93705E+17,87%,76%,f,102,193,t,t,Brighton,42.35924345,-71.15026073,Entire rental unit,Entire home/apt,6,2,2,5,$399.00 ,29,365,t,29,59,89,364,3,0,0,99,0,0,0,5,5,5,5,5,4.33,5,f,72,72,0,0,0.11
8.95844E+17,100%,100%,t,1,1,t,t,East Boston,42.39006728,-71.0059777,Entire rental unit,Entire home/apt,2,1,1,1,$209.00 ,3,1125,t,8,25,55,64,28,14,3,64,15,84,17556,5,4.96,4.89,4.96,5,4.86,4.89,f,1,1,0,0,1.06
8.9617E+17,100%,92%,t,3,3,t,t,Roslindale,42.28593804,-71.14666343,Entire rental unit,Entire home/apt,4,1,2,2,$207.00 ,29,365,t,30,60,90,180,12,4,0,100,6,232,48024,5,5,5,5,5,5,5,f,2,2,0,0,0.44
8.96498E+17,100%,34%,f,21,32,t,t,Hyde Park,42.25103653,-71.13272659,Entire rental unit,Entire home/apt,6,2,4,6,$189.00 ,30,365,t,0,0,0,212,4,2,0,0,4,120,22680,5,5,4.75,5,5,4.75,4.75,f,11,11,0,0,0.25
8.97901E+17,100%,98%,f,1,3,t,t,Roxbury,42.3150924,-71.085883,Private room in home,Private room,2,1,1,1,$56.00 ,2,14,t,3,18,22,193,57,27,3,22,28,162,9072,4.74,4.75,4.58,4.91,4.82,4.47,4.65,t,1,0,1,0,2.25
8.98508E+17,87%,89%,,11,14,t,t,Allston,42.3515002,-71.1408802,Entire home,Entire home/apt,5,1,2,2,$175.00 ,29,365,t,0,22,52,326,19,3,0,61,15,174,30450,4.89,4.95,4.84,4.95,4.84,4.74,4.74,f,4,4,0,0,0.79
8.99217E+17,100%,100%,f,1,1,t,t,Roxbury,42.32249307,-71.0836586,Entire rental unit,Entire home/apt,5,,2,,,180,213,t,0,0,0,0,8,0,0,0,4,0,,4.88,5,4.75,5,5,4.75,4.88,f,1,1,0,0,0.3
8.99258E+17,100%,97%,t,2,2,t,t,Beacon Hill,42.359189,-71.0672568,Entire rental unit,Entire home/apt,4,,2,,,91,365,t,4,4,4,20,2,1,0,4,0,182,,5,5,5,5,5,5,5,f,1,1,0,0,0.08
8.99769E+17,100%,96%,f,5084,5865,t,t,Chinatown,42.3522851,-71.0591088,Entire rental unit,Entire home/apt,4,2,2,2,$441.00 ,32,1125,t,0,0,0,191,0,0,0,0,0,0,0,,,,,,,,t,343,343,0,0,
9.00019E+17,N/A,80%,f,1,1,t,t,South End,42.34344683,-71.07304532,Entire rental unit,Entire home/apt,4,2.5,2,2,$547.00 ,3,365,t,0,0,0,4,19,3,0,0,6,18,9846,4.89,4.95,4.79,4.95,5,5,4.74,f,1,1,0,0,0.69
9.00761E+17,100%,100%,f,3,4,t,t,Dorchester,42.31315656,-71.05738075,Private room in home,Private room,1,1.5,1,1,$58.00 ,29,365,t,0,0,6,281,9,1,0,16,1,58,3364,4.78,4.89,4.78,5,5,4.56,5,f,3,0,3,0,0.33
9.01694E+17,100%,96%,f,10,22,t,t,Jamaica Plain,42.32367209,-71.10681705,Private room in home,Private room,2,1,1,1,$96.00 ,2,1125,t,10,10,21,110,3,0,0,30,0,0,0,4.67,5,4.67,5,5,4,4.33,f,10,1,9,0,0.11
9.01705E+17,100%,96%,f,10,22,t,t,Jamaica Plain,42.32423,-71.10498,Private room in home,Private room,2,1,1,1,$100.00 ,29,1125,t,0,0,7,281,4,0,0,16,1,0,0,5,5,4.75,5,5,5,4.75,f,10,1,9,0,0.15
9.01711E+17,100%,93%,,280,445,t,t,Beacon Hill,42.35916,-71.06762,Entire rental unit,Entire home/apt,3,1,1,1,$121.00 ,29,365,t,0,0,23,183,4,3,0,32,2,174,21054,5,4.75,4.75,5,5,5,4.25,f,115,52,63,0,0.3
9.03125E+17,91%,99%,f,2,2,t,f,Dorchester,42.28487357,-71.04756586,Entire guest suite,Entire home/apt,4,1,1,0,$143.00 ,2,1125,t,16,30,60,176,89,26,2,70,43,156,22308,4.78,4.85,4.75,4.93,4.76,4.8,4.62,f,2,2,0,0,3.22
9.03925E+17,87%,76%,f,102,193,t,t,Jamaica Plain,42.3284,-71.11054,Entire rental unit,Entire home/apt,5,2,2,5,$961.00 ,29,365,t,29,59,89,364,6,1,0,99,1,58,55738,4.83,5,5,5,4.83,4.67,4.5,f,72,72,0,0,0.22
9.04194E+17,100%,96%,f,5084,5865,t,t,Bay Village,42.34992,-71.06943,Entire rental unit,Entire home/apt,2,1,1,1,$355.00 ,32,1125,t,0,0,0,100,1,0,0,0,1,0,0,5,5,5,5,5,5,5,t,343,343,0,0,0.06
9.04496E+17,100%,57%,t,3,3,t,t,Dorchester,42.29326606,-71.05967808,Private room in rental unit,Private room,1,1,1,1,$66.00 ,32,365,t,0,0,11,191,6,2,0,21,2,128,8448,4.83,4.67,4.67,4.83,5,4.5,4.67,f,3,0,3,0,0.23
9.0497E+17,N/A,100%,f,1,1,t,t,Roxbury,42.32559287,-71.08601091,Private room in condo,Private room,2,,,,,1,7,t,0,0,0,0,63,1,0,0,22,6,,4.92,4.84,4.57,4.94,4.98,4.68,4.78,f,1,0,1,0,2.36
9.05626E+17,N/A,N/A,f,1,3,t,t,Mattapan,42.28164158,-71.09436312,Entire rental unit,Entire home/apt,8,1,3,3,$279.00 ,29,365,t,30,60,90,364,4,0,0,99,0,0,0,4.75,4.75,5,5,5,4.5,4.5,f,1,1,0,0,0.14
9.07907E+17,100%,97%,t,5,5,t,t,West Roxbury,42.27966723,-71.16040287,Entire rental unit,Entire home/apt,1,1,1,1,$140.00 ,5,365,t,7,15,15,241,28,14,3,15,16,140,19600,4.96,4.96,5,5,5,4.93,4.93,f,5,1,4,0,1.06
9.08672E+17,87%,76%,f,102,193,t,t,Brighton,42.36033,-71.14863,Entire rental unit,Entire home/apt,6,2,2,5,$499.00 ,29,365,t,29,59,89,364,8,0,0,99,0,0,0,4.75,4.75,4.88,4.88,5,4.13,4.63,f,72,72,0,0,0.3
9.0964E+17,100%,90%,t,5,11,t,t,Bay Village,42.3498155,-71.068324,Entire condo,Entire home/apt,8,3,3,5,$979.00 ,1,365,t,0,8,18,264,108,42,0,20,47,252,246708,4.95,4.95,4.97,4.9,4.95,4.97,4.8,f,3,3,0,0,3.96
9.09739E+17,100%,90%,t,5,11,t,t,Bay Village,42.349815,-71.068324,Entire condo,Entire home/apt,8,3,3,5,"$1,260.00 ",10,365,t,0,23,53,327,3,1,0,62,2,20,25200,5,4.67,4.67,5,5,4.67,4.33,f,3,3,0,0,0.15
9.09901E+17,100%,34%,f,21,32,t,t,Hyde Park,42.24348,-71.13853,Entire home,Entire home/apt,6,1,3,3,$143.00 ,30,365,t,6,23,53,327,0,0,0,62,0,0,0,,,,,,,,f,11,11,0,0,
9.12804E+17,100%,96%,f,5084,5865,t,t,Fenway,42.3465132,-71.1032136,Entire rental unit,Entire home/apt,2,1,1,1,$307.00 ,32,1125,t,0,0,0,130,1,0,0,0,1,0,0,5,5,5,5,5,5,5,t,343,343,0,0,0.08
9.12805E+17,100%,96%,f,5084,5865,t,t,Fenway,42.3465132,-71.1032136,Entire rental unit,Entire home/apt,4,1,2,2,$461.00 ,32,1125,t,24,54,84,359,0,0,0,93,0,0,0,,,,,,,,t,343,343,0,0,
9.12837E+17,90%,99%,t,2,2,t,t,Allston,42.3556715,-71.1375296,Entire rental unit,Entire home/apt,4,1,2,2,$321.00 ,2,30,t,15,39,69,159,62,22,1,79,31,132,42372,4.82,4.85,4.82,5,5,4.6,4.66,f,2,2,0,0,2.28
9.13146E+17,100%,100%,f,12,83,t,t,Dorchester,42.3172101,-71.0598517,Entire townhouse,Entire home/apt,16,4,6,10,$745.00 ,30,365,t,12,28,50,325,23,11,1,60,16,255,189975,4.91,4.74,4.96,4.96,5,4.78,4.87,t,2,2,0,0,1.15
9.13604E+17,N/A,N/A,f,1,2,t,t,Dorchester,42.28485,-71.05648,Private room in rental unit,Private room,2,1,1,1,$240.00 ,29,365,t,29,59,89,364,0,0,0,99,0,0,0,,,,,,,,f,1,0,1,0,
9.13634E+17,100%,29%,f,3,3,t,t,Dorchester,42.31611407,-71.0617305,Entire rental unit,Entire home/apt,3,1,2,2,$196.00 ,60,365,t,26,56,86,361,0,0,0,95,0,0,0,,,,,,,,f,3,3,0,0,
9.14458E+17,100%,100%,f,8,10,t,t,Brighton,42.34851754,-71.14247548,Entire rental unit,Entire home/apt,4,2,2,2,$170.00 ,29,60,t,0,22,52,61,2,1,1,61,0,58,9860,5,5,5,5,5,5,4.5,t,8,8,0,0,0.08
9.14541E+17,99%,100%,,19,19,t,t,South End,42.33779,-71.07638,Entire rental unit,Entire home/apt,2,,,,,1,365,t,21,51,81,149,78,31,4,90,30,186,,4.74,4.79,4.58,4.94,4.94,4.9,4.49,t,12,12,0,0,2.86
9.14595E+17,99%,100%,,19,19,t,t,South End,42.33833,-71.07799,Entire rental unit,Entire home/apt,2,1,0,1,$167.00 ,1,365,t,15,43,73,141,100,46,5,82,41,255,42585,4.78,4.73,4.84,4.96,4.94,4.88,4.6,t,12,12,0,0,3.64
9.14597E+17,99%,100%,,19,19,t,t,South End,42.33771319,-71.07617774,Entire rental unit,Entire home/apt,2,1,0,1,$201.00 ,1,365,t,21,51,81,149,59,24,3,90,21,144,28944,4.58,4.68,4.63,4.85,4.9,4.92,4.47,t,12,12,0,0,2.15
9.14621E+17,99%,100%,,19,19,t,t,South End,42.3397,-71.0766,Entire rental unit,Entire home/apt,4,1,0,2,$235.00 ,1,365,t,20,47,71,139,57,34,5,80,27,204,47940,4.75,4.82,4.8,4.93,4.91,4.73,4.57,t,12,12,0,0,2.08
9.15095E+17,99%,100%,,19,19,t,t,South End,42.33972579,-71.07632252,Entire rental unit,Entire home/apt,2,1,0,1,$201.00 ,1,365,t,16,42,72,140,69,35,5,81,25,210,42210,4.8,4.85,4.75,4.94,4.96,4.87,4.59,t,12,12,0,0,2.52
9.16759E+17,100%,100%,t,1,1,t,t,South Boston,42.3308789,-71.0371873,Entire rental unit,Entire home/apt,3,1,1,2,$206.00 ,2,1125,t,5,18,35,296,97,38,6,41,47,228,46968,5,4.98,5,5,5,4.98,4.92,f,1,1,0,0,3.7
9.1734E+17,100%,100%,f,59,74,t,t,Downtown,42.35145242,-71.0650514,Entire rental unit,Entire home/apt,4,1,2,2,$326.00 ,1,365,t,4,25,55,234,94,45,2,64,50,255,83130,4.59,4.65,4.78,4.87,4.86,4.41,4.43,f,59,59,0,0,3.48
9.17656E+17,100%,100%,t,39,40,t,t,Brighton,42.34673,-71.14722,Entire rental unit,Entire home/apt,3,1,1,2,$163.00 ,1,365,t,21,41,67,136,80,37,0,77,41,222,36186,4.76,4.74,4.8,4.73,4.73,4.79,4.6,t,39,39,0,0,3.05
9.18199E+17,99%,100%,,19,19,t,t,South End,42.33971421,-71.07785276,Entire rental unit,Entire home/apt,2,1,0,1,$210.00 ,1,365,t,16,40,70,138,96,43,6,79,36,255,53550,4.78,4.85,4.86,4.94,4.91,4.94,4.51,t,12,12,0,0,3.5
9.18372E+17,100%,93%,t,2,2,t,t,East Boston,42.36766147,-71.03295247,Entire rental unit,Entire home/apt,4,1,2,2,$142.00 ,1,28,t,8,29,57,147,197,69,5,67,96,255,36210,4.83,4.82,4.8,4.94,4.98,4.76,4.7,t,2,2,0,0,7.28
9.18851E+17,100%,100%,f,59,74,t,t,Downtown,42.35111033,-71.06699304,Entire rental unit,Entire home/apt,2,1,1,1,$303.00 ,5,365,t,3,6,23,133,113,49,1,24,50,255,77265,4.5,4.57,4.78,4.89,4.88,4.49,4.32,f,59,59,0,0,4.15
9.18905E+17,100%,100%,t,5,8,t,t,Dorchester,42.28846,-71.0393,Entire rental unit,Entire home/apt,10,6,5,6,$624.00 ,1,365,t,30,60,90,334,58,29,1,94,24,174,108576,4.83,4.86,4.71,4.95,4.84,4.69,4.78,t,4,4,0,0,2.2
9.20273E+17,99%,100%,t,18,48,t,t,Dorchester,42.3204372,-71.0560214,Entire townhouse,Entire home/apt,12,2,4,8,$420.00 ,30,365,t,12,32,62,337,29,3,2,71,16,180,75600,4.9,4.9,4.86,5,5,4.62,4.83,t,1,1,0,0,1.1
9.20305E+17,99%,98%,f,25,194,t,t,Downtown,42.35092673,-71.06553081,Entire rental unit,Entire home/apt,4,,1,,,1,365,t,12,37,67,336,109,35,2,76,46,210,,4.49,4.5,4.51,4.82,4.73,4.87,4.44,t,60,60,0,0,4.01
9.2185E+17,100%,100%,f,10,10,t,t,Roxbury,42.32193,-71.08004,Private room in home,Private room,1,1,1,1,$66.00 ,2,365,t,8,38,68,335,34,14,1,78,19,84,5544,4.62,4.76,4.62,4.97,4.88,4.29,4.5,f,7,0,7,0,1.26
9.22409E+17,100%,62%,f,184,251,t,t,South Boston Waterfront,42.34988,-71.04433,Entire rental unit,Entire home/apt,3,1,1,1,$239.00 ,30,730,t,4,17,47,322,1,1,0,57,1,60,14340,5,5,5,5,5,5,5,t,55,55,0,0,0.11
9.23066E+17,100%,100%,f,10,10,t,t,Roxbury,42.32125,-71.07801,Private room in home,Private room,2,1,1,1,$78.00 ,2,365,t,0,0,0,269,33,9,1,10,20,54,4212,4.61,4.73,4.67,4.94,4.76,4.06,4.45,f,7,0,7,0,1.22
9.24145E+17,100%,94%,f,1,1,t,t,Brighton,42.3472763,-71.1514285,Entire guest suite,Entire home/apt,3,1,1,3,$173.00 ,2,28,t,15,38,47,47,23,8,0,47,10,48,8304,4.74,4.74,4.96,4.96,4.96,4.91,4.7,t,1,1,0,0,0.92
9.24596E+17,100%,100%,f,10,10,t,t,Roxbury,42.32184601,-71.07909028,Private room in home,Private room,2,1,1,1,$88.00 ,2,365,t,10,36,66,334,34,11,0,76,15,66,5808,4.68,4.59,4.53,4.94,4.82,4.18,4.47,f,7,0,7,0,1.26
9.25489E+17,33%,28%,f,33,75,t,t,Fenway,42.34864,-71.10181,Entire rental unit,Entire home/apt,5,,2,,,4,365,t,30,60,90,360,1,1,0,99,1,8,,5,5,5,5,5,5,5,f,16,16,0,0,0.1
9.26773E+17,33%,28%,f,33,75,t,t,Back Bay,42.34936257,-71.08028036,Entire rental unit,Entire home/apt,5,2,2,3,$839.00 ,29,365,t,30,60,90,364,0,0,0,99,0,0,0,,,,,,,,f,16,16,0,0,
9.26795E+17,33%,28%,f,33,75,t,t,Back Bay,42.34965319,-71.07855747,Entire rental unit,Entire home/apt,5,2,2,3,$839.00 ,29,365,t,30,60,90,364,0,0,0,99,0,0,0,,,,,,,,f,16,16,0,0,
9.26892E+17,33%,28%,f,33,75,t,t,Fenway,42.34813705,-71.10059263,Entire rental unit,Entire home/apt,4,,2,,,4,365,t,12,20,20,20,0,0,0,20,0,0,,,,,,,,,f,16,16,0,0,
9.26898E+17,100%,100%,t,9,9,t,t,Fenway,42.34983,-71.09379,Entire rental unit,Entire home/apt,4,1,1,3,$357.00 ,3,120,t,9,32,62,336,10,4,0,71,4,24,8568,4.9,5,5,4.9,4.9,4.9,4.6,f,9,9,0,0,0.38
9.26907E+17,33%,28%,f,33,75,t,t,Fenway,42.34614,-71.10188,Entire rental unit,Entire home/apt,5,,2,,,4,365,t,30,60,90,358,1,0,0,99,1,0,,3,3,3,3,3,3,2,f,16,16,0,0,0.08
9.26909E+17,100%,100%,t,9,9,t,t,Fenway,42.34983,-71.09379,Entire rental unit,Entire home/apt,4,1,0,2,$255.00 ,3,120,t,13,36,66,328,22,6,1,75,12,36,9180,4.77,4.77,4.77,4.95,4.91,4.86,4.43,t,9,9,0,0,0.84
9.26909E+17,100%,100%,t,9,9,t,t,Fenway,42.34983,-71.09379,Entire rental unit,Entire home/apt,4,1,0,2,$230.00 ,3,120,t,6,17,47,287,35,20,2,56,17,120,27600,4.8,4.91,4.8,4.86,4.91,4.94,4.66,t,9,9,0,0,1.39
9.26909E+17,100%,100%,t,9,9,t,t,Fenway,42.34983,-71.09379,Entire rental unit,Entire home/apt,4,1,0,2,$287.00 ,3,120,t,5,28,58,332,37,24,6,67,11,144,41328,4.95,4.97,4.95,4.81,4.89,4.89,4.65,t,9,9,0,0,1.41
9.26909E+17,100%,100%,t,9,9,t,t,Fenway,42.34983,-71.09379,Entire rental unit,Entire home/apt,4,1,0,2,$291.00 ,3,120,t,11,31,61,331,25,13,0,70,14,78,22698,4.76,4.92,5,4.6,4.8,4.92,4.76,t,9,9,0,0,0.93
9.26909E+17,100%,100%,t,9,9,t,t,Fenway,42.34983,-71.09379,Entire rental unit,Entire home/apt,4,1,0,2,$265.00 ,3,120,t,12,35,61,327,22,9,1,70,11,54,14310,4.77,4.86,4.95,4.77,4.86,4.95,4.68,t,9,9,0,0,0.82
9.26909E+17,100%,100%,t,9,9,t,t,Fenway,42.34983,-71.09379,Entire rental unit,Entire home/apt,4,1,1,2,$287.00 ,3,120,t,13,38,68,334,22,8,0,77,9,48,13776,4.77,4.95,4.95,4.95,4.86,4.91,4.68,t,9,9,0,0,0.87
9.2691E+17,100%,100%,t,9,9,t,t,Fenway,42.34983,-71.09379,Entire rental unit,Entire home/apt,4,1,0,2,$265.00 ,3,120,t,9,31,61,330,43,30,2,70,14,180,47700,4.84,4.91,4.93,4.98,4.91,4.95,4.65,t,9,9,0,0,1.59
9.2691E+17,100%,100%,t,9,9,t,t,Fenway,42.34983,-71.09379,Entire rental unit,Entire home/apt,4,1,0,2,$265.00 ,3,120,t,7,25,55,325,42,20,2,64,18,120,31800,4.9,4.95,4.95,4.9,5,4.95,4.79,t,9,9,0,0,1.58
9.26912E+17,33%,28%,f,33,75,t,t,Jamaica Plain,42.32835667,-71.11241573,Entire rental unit,Entire home/apt,6,2,2,5,$839.00 ,29,365,t,30,60,90,365,0,0,0,100,0,0,0,,,,,,,,f,16,16,0,0,
9.26917E+17,33%,28%,f,33,75,t,t,Jamaica Plain,42.32842,-71.11211,Entire rental unit,Entire home/apt,5,,2,,,29,365,t,30,60,90,364,4,2,0,99,4,116,,4,3.75,4.25,4.75,3.75,4,3.75,f,16,16,0,0,0.29
9.2695E+17,100%,100%,f,2,6,t,t,Allston,42.34916723,-71.13388876,Entire condo,Entire home/apt,4,1,2,2,$223.00 ,91,365,t,0,0,3,278,4,2,1,12,2,255,56865,4.75,5,4.75,5,5,5,4.75,t,1,1,0,0,0.22
9.27476E+17,100%,100%,f,59,74,t,t,Fenway,42.34818,-71.09326,Entire rental unit,Entire home/apt,2,1,1,1,$330.00 ,1,365,t,0,0,0,110,0,0,0,0,0,0,0,,,,,,,,f,59,59,0,0,
9.27505E+17,100%,100%,f,59,74,t,t,Fenway,42.34751,-71.09374,Entire rental unit,Entire home/apt,2,1,1,1,$154.00 ,29,365,t,10,22,22,210,5,0,0,22,0,0,0,4.8,5,5,5,5,5,5,f,59,59,0,0,0.19
9.27569E+17,100%,100%,f,52,57,t,t,Back Bay,42.34327,-71.08405,Entire rental unit,Entire home/apt,2,1,0,1,$170.00 ,1,365,t,0,14,41,219,27,22,1,50,1,132,22440,4.48,4.5,4.31,4.81,4.77,4.77,4.31,t,52,52,0,0,1
9.27751E+17,90%,63%,f,9,9,t,t,Allston,42.35706021,-71.12911637,Private room in home,Private room,1,1,1,1,$57.00 ,91,200,t,0,0,0,266,2,1,0,1,1,182,10374,5,5,4.5,5,5,5,4.5,f,9,0,9,0,0.13
9.28349E+17,100%,83%,f,1,1,f,f,Dorchester,42.29902922,-71.0677662,Entire rental unit,Entire home/apt,4,1,3,3,$299.00 ,29,91,t,30,60,90,269,3,2,0,99,2,116,34684,4.67,4.67,4.67,5,5,4,4.33,f,1,1,0,0,0.18
9.29274E+17,100%,100%,f,52,57,t,t,South End,42.34167,-71.08246,Entire rental unit,Entire home/apt,2,1,0,1,$188.00 ,29,365,t,0,19,49,228,31,14,0,58,0,255,47940,4.52,4.71,4.52,5,4.94,4.94,4.39,t,52,52,0,0,1.16
9.29286E+17,100%,100%,f,52,57,t,t,South End,42.34149086,-71.08211337,Entire rental unit,Entire home/apt,2,1,0,1,$190.00 ,29,365,t,0,18,48,226,29,15,0,57,1,255,48450,4.55,4.66,4.55,4.86,4.86,4.97,4.38,f,52,52,0,0,1.08
9.29296E+17,100%,100%,f,52,57,t,t,South End,42.34183239,-71.08212673,Entire rental unit,Entire home/apt,2,1,0,1,$199.00 ,29,365,t,0,26,56,235,46,30,1,65,1,255,50745,4.87,4.96,4.89,4.98,4.93,4.98,4.59,f,52,52,0,0,1.71
9.29308E+17,100%,100%,f,52,57,t,t,Back Bay,42.34243899,-71.08212529,Entire rental unit,Entire home/apt,2,1,0,1,$189.00 ,29,365,t,1,21,51,230,26,20,2,60,1,255,48195,4.73,4.73,4.65,4.96,4.92,4.88,4.46,f,52,52,0,0,0.97
9.29534E+17,100%,100%,f,52,57,t,t,Roxbury,42.3415,-71.08347,Entire rental unit,Entire home/apt,2,1,0,1,$232.00 ,29,365,t,1,9,39,218,27,13,0,48,0,255,59160,4.7,4.85,4.78,4.89,5,4.96,4.67,t,52,52,0,0,1.01
9.29571E+17,100%,100%,f,52,57,t,t,Fenway,42.3420088,-71.08411851,Entire rental unit,Entire home/apt,2,1,0,1,$425.00 ,29,365,t,0,0,9,273,11,4,0,18,2,232,98600,4.55,4.64,4.64,5,4.73,5,4,f,52,52,0,0,0.42
9.29654E+17,100%,100%,f,52,57,t,t,Back Bay,42.34437403,-71.0825744,Entire rental unit,Entire home/apt,2,1,0,1,$182.00 ,29,365,t,5,29,59,237,16,4,0,68,0,232,42224,4.38,4.63,4.44,4.94,4.88,4.88,4.25,t,52,52,0,0,0.59
9.2971E+17,100%,100%,f,52,57,t,t,Back Bay,42.3438266,-71.08222209,Entire rental unit,Entire home/apt,2,1,0,1,$175.00 ,29,365,t,9,14,37,216,16,2,1,46,0,116,20300,4.69,4.38,4.75,4.94,4.81,4.88,4.44,f,52,52,0,0,0.59
9.29722E+17,100%,100%,f,52,57,t,t,Back Bay,42.3451,-71.08007,Entire rental unit,Entire home/apt,2,1,0,1,$247.00 ,29,365,t,0,5,30,210,19,13,1,39,0,255,62985,4.89,4.95,4.95,4.95,5,5,4.84,t,52,52,0,0,0.75
9.29763E+17,100%,100%,f,52,57,t,t,South End,42.34214,-71.08206,Entire rental unit,Entire home/apt,2,1,0,1,$195.00 ,29,365,t,0,19,49,229,14,8,1,58,1,255,49725,4.79,4.69,4.54,5,4.92,5,4.62,t,52,52,0,0,0.52
9.2977E+17,100%,100%,f,52,57,t,t,Back Bay,42.34436,-71.0821,Entire rental unit,Entire home/apt,2,1,0,1,$203.00 ,29,365,t,0,6,36,216,26,11,2,45,0,255,51765,4.46,4.69,4.77,4.88,4.85,4.92,4.27,t,52,52,0,0,0.98
9.29778E+17,100%,100%,f,52,57,t,t,Back Bay,42.34443888,-71.08347546,Entire rental unit,Entire home/apt,2,1,0,1,$222.00 ,29,365,t,5,24,54,233,20,6,0,63,0,255,56610,4.6,4.8,4.9,5,4.8,5,4.45,t,52,52,0,0,0.75
9.29785E+17,100%,100%,f,52,57,t,t,Back Bay,42.34364,-71.08199,Entire rental unit,Entire home/apt,2,1,0,1,$186.00 ,29,365,t,1,18,41,220,14,4,0,50,1,232,43152,4.36,4.57,4.5,4.93,4.86,4.86,4.07,t,52,52,0,0,0.52
9.29789E+17,100%,100%,f,52,57,t,t,Back Bay,42.34240934,-71.08281844,Entire rental unit,Entire home/apt,2,1,0,1,$189.00 ,29,365,t,2,6,36,215,23,7,0,45,10,255,48195,4.43,4.52,4.7,4.96,5,4.96,4.39,t,52,52,0,0,0.87
9.29791E+17,100%,100%,t,1,1,t,t,South Boston,42.3313364,-71.0548846,Entire rental unit,Entire home/apt,6,1,2,3,$321.00 ,1,1125,t,18,44,74,346,119,57,3,83,51,255,81855,4.94,4.96,5,4.97,4.98,4.82,4.83,f,1,1,0,0,4.49
9.30389E+17,100%,98%,t,2,2,t,t,East Boston,42.37091,-71.03928,Private room in townhouse,Private room,1,1,1,1,$83.00 ,1,28,t,5,30,60,331,126,45,7,70,99,255,21165,4.92,4.94,4.85,4.91,4.94,4.82,4.81,f,2,0,2,0,6.46
9.31895E+17,100%,62%,f,1,2,t,t,Jamaica Plain,42.30782,-71.11265,Entire home,Entire home/apt,6,1.5,4,4,$360.00 ,2,365,t,0,0,2,98,5,5,0,2,0,30,10800,5,5,5,5,5,5,5,f,1,1,0,0,1.1
9.32668E+17,100%,100%,f,52,57,t,t,South End,42.34153,-71.0828,Entire rental unit,Entire home/apt,2,1,0,1,$362.00 ,1,365,t,2,14,44,306,62,32,1,53,27,192,69504,4.73,4.85,4.76,4.94,4.92,4.97,4.61,t,52,52,0,0,2.32
9.32671E+17,100%,100%,f,52,57,t,t,Back Bay,42.34348986,-71.08423328,Entire rental unit,Entire home/apt,2,1,0,1,$238.00 ,1,365,t,5,18,48,318,69,29,2,57,42,174,41412,4.78,4.77,4.81,4.94,4.9,4.93,4.58,t,52,52,0,0,2.58
9.33238E+17,100%,100%,f,52,57,t,t,Back Bay,42.34300085,-71.08404904,Entire rental unit,Entire home/apt,2,1,0,1,$152.00 ,29,365,t,2,28,52,227,18,2,0,61,0,116,17632,4.56,4.72,4.67,4.89,5,4.94,4.44,t,52,52,0,0,0.68
9.33342E+17,100%,100%,f,52,57,t,t,Back Bay,42.34353,-71.08219,Entire rental unit,Entire home/apt,2,1,0,1,$171.00 ,29,365,t,0,6,36,300,24,17,1,45,1,255,43605,4.42,4.58,4.75,4.92,4.79,4.83,4.33,t,52,52,0,0,0.9
9.33354E+17,100%,100%,f,52,57,t,t,Back Bay,42.34366673,-71.08386692,Entire rental unit,Entire home/apt,2,1,0,1,$173.00 ,1,365,t,0,12,34,211,54,17,1,43,28,102,17646,4.65,4.67,4.57,4.89,4.91,4.96,4.39,t,52,52,0,0,2.05
9.33362E+17,100%,100%,f,52,57,t,t,South End,42.34192427,-71.08239343,Entire rental unit,Entire home/apt,2,1,0,1,$183.00 ,29,365,t,0,17,47,226,20,13,1,56,0,255,46665,4.65,4.75,4.65,4.9,5,4.95,4.6,f,52,52,0,0,0.75
9.33387E+17,100%,100%,f,52,57,t,t,Back Bay,42.34378414,-71.08290023,Entire rental unit,Entire home/apt,2,1,0,1,$233.00 ,1,365,t,2,21,51,230,29,16,1,60,1,96,22368,4.9,4.86,4.83,4.97,4.86,5,4.66,f,52,52,0,0,1.11
9.33906E+17,100%,64%,t,2,3,t,t,Jamaica Plain,42.3203345,-71.105348,Entire home,Entire home/apt,2,1,1,1,$140.00 ,1,26,t,4,21,47,53,96,39,4,53,49,234,32760,4.93,4.95,4.97,4.96,4.93,4.89,4.81,f,1,1,0,0,3.61
9.34013E+17,100%,98%,t,2,3,t,f,Brighton,42.34607,-71.1618,Private room in townhouse,Private room,2,1,1,1,$98.00 ,2,180,t,4,10,16,19,78,31,2,19,39,186,18228,4.96,4.94,4.97,4.91,4.99,4.96,4.91,f,2,0,2,0,2.94
9.34064E+17,100%,100%,f,52,57,t,t,Fenway,42.3421559,-71.08435806,Entire rental unit,Entire home/apt,2,1,0,1,$150.00 ,29,365,t,0,0,18,184,18,8,0,26,0,255,38250,4.78,4.83,4.89,4.94,4.83,4.94,4.56,f,52,52,0,0,0.69
9.34068E+17,100%,100%,f,52,57,t,t,Back Bay,42.34425,-71.08264,Entire rental unit,Entire home/apt,2,1,0,1,$211.00 ,29,365,t,0,6,36,214,22,7,1,45,0,255,53805,4.91,4.86,4.82,5,4.95,5,4.82,t,52,52,0,0,0.84
9.34079E+17,100%,100%,f,52,57,t,t,Fenway,42.34204961,-71.08451059,Entire rental unit,Entire home/apt,2,1,0,1,$200.00 ,29,365,t,1,26,56,325,16,7,1,65,0,255,51000,4.75,4.69,4.69,4.88,4.88,4.94,4.56,t,52,52,0,0,0.6
9.34091E+17,100%,100%,f,52,57,t,t,Back Bay,42.34431,-71.08278,Entire rental unit,Entire home/apt,2,1,0,1,$182.00 ,29,365,t,1,8,29,183,10,0,0,31,1,0,0,3.8,4.4,4.2,4.7,4.6,4.7,3.5,t,52,52,0,0,0.38
9.34107E+17,100%,100%,f,52,57,t,t,Back Bay,42.34266083,-71.08216116,Entire rental unit,Entire home/apt,2,1,0,1,$197.00 ,29,365,t,0,18,48,226,8,5,1,57,0,255,50235,4.75,4.75,4.5,5,5,4.75,4.5,t,52,52,0,0,0.34
9.34126E+17,100%,100%,f,52,57,t,t,Back Bay,42.34350158,-71.08454095,Entire rental unit,Entire home/apt,2,1,0,1,$214.00 ,29,365,t,0,18,43,223,16,8,0,52,0,255,54570,4.06,4.13,4.44,4.88,4.69,4.69,3.69,f,52,52,0,0,0.64
9.34129E+17,100%,100%,f,52,57,t,t,Back Bay,42.34238,-71.0837,Entire rental unit,Entire home/apt,2,1,0,1,$179.00 ,29,365,t,0,7,37,308,34,16,2,46,0,255,45645,4.62,4.73,4.79,4.97,4.94,4.91,4.27,f,52,52,0,0,1.29
9.34144E+17,100%,100%,f,52,57,t,t,Back Bay,42.34398236,-71.08253819,Entire rental unit,Entire home/apt,2,1,0,1,$177.00 ,29,365,t,0,0,22,201,25,14,4,31,0,255,45135,4.92,4.92,4.92,4.92,4.92,4.96,4.83,t,52,52,0,0,0.95
9.34549E+17,99%,100%,f,897,1539,t,t,Dorchester,42.29612796,-71.05413084,Entire home,Entire home/apt,6,3,3,3,$191.00 ,2,1125,t,30,60,90,365,13,5,0,100,8,30,5730,4.54,4.62,4.46,4.85,4.38,4.38,4.15,t,2,2,0,0,0.53
9.34606E+17,100%,98%,f,4,7,t,f,East Boston,42.3683239,-71.0368926,Entire condo,Entire home/apt,4,1,2,4,$194.00 ,2,365,t,3,16,38,275,122,51,6,46,57,255,49470,4.7,4.7,4.75,4.96,4.84,4.83,4.61,f,1,1,0,0,4.6
9.34796E+17,100%,100%,f,52,57,t,t,Back Bay,42.34387394,-71.08387143,Entire rental unit,Entire home/apt,2,1,0,1,$212.00 ,29,365,t,1,25,55,326,23,9,0,64,1,255,54060,4.52,4.61,4.65,4.78,4.7,4.74,4.48,f,52,52,0,0,0.88
9.34814E+17,100%,100%,f,52,57,t,t,South End,42.3419608,-71.08244916,Entire rental unit,Entire home/apt,2,1,0,1,$186.00 ,29,365,t,2,18,48,227,28,15,0,57,0,255,47430,4.57,4.64,4.46,4.75,4.79,4.86,4.36,f,52,52,0,0,1.09
9.34847E+17,100%,100%,f,52,57,t,t,Back Bay,42.34378,-71.08451,Entire rental unit,Entire home/apt,2,1,0,1,$208.00 ,29,365,t,2,25,55,327,12,3,1,64,0,174,36192,4.75,4.75,4.92,5,5,4.75,4.75,t,52,52,0,0,0.49
9.34851E+17,100%,100%,f,52,57,t,t,Back Bay,42.34221,-71.08316,Entire rental unit,Entire home/apt,2,1,0,1,$231.00 ,29,365,t,0,11,41,221,15,6,0,50,1,255,58905,4.4,4.27,4.6,4.87,4.73,4.93,4.13,f,52,52,0,0,0.58
9.34867E+17,100%,100%,f,52,57,t,t,Back Bay,42.34211705,-71.0839447,Entire rental unit,Entire home/apt,2,1,0,1,$177.00 ,1,365,t,10,28,58,329,14,6,0,67,4,36,6372,4.5,4.14,4.5,4.93,4.71,4.86,3.79,f,52,52,0,0,0.53
9.35428E+17,100%,100%,f,52,57,t,t,Back Bay,42.34369,-71.08373,Entire rental unit,Entire home/apt,2,1,0,1,$187.00 ,29,365,t,0,5,32,271,14,10,2,41,0,255,47685,4.5,4.57,4.64,4.93,4.79,4.86,3.93,f,52,52,0,0,0.53
9.35449E+17,100%,100%,f,52,57,t,t,South End,42.34174,-71.08232,Entire rental unit,Entire home/apt,2,1,0,1,$197.00 ,1,365,t,4,6,36,306,32,11,1,43,17,66,13002,4.47,4.59,4.5,4.88,4.94,4.94,4.34,f,52,52,0,0,1.22
9.35481E+17,100%,100%,f,52,57,t,t,Fenway,42.34188,-71.08378,Entire rental unit,Entire home/apt,2,1,0,1,$144.00 ,29,365,t,0,14,37,216,26,15,0,46,2,255,36720,4.54,4.81,4.92,5,4.92,4.96,4.46,f,52,52,0,0,0.98
9.35546E+17,100%,100%,f,52,57,t,t,Back Bay,42.34283,-71.08414,Entire rental unit,Entire home/apt,2,1,0,1,$181.00 ,29,365,t,1,23,53,317,19,11,0,62,1,255,46155,4.68,4.68,4.74,4.89,4.95,5,4.42,f,52,52,0,0,0.72
9.37183E+17,50%,29%,f,4,6,t,t,Dorchester,42.30451,-71.06783,Private room in rental unit,Private room,1,1,1,1,$65.00 ,31,365,t,28,58,88,267,1,0,0,97,0,0,0,5,4,4,5,5,5,5,f,4,0,4,0,0.04
9.3748E+17,100%,100%,t,1,1,t,t,Hyde Park,42.2622,-71.11584,Entire condo,Entire home/apt,6,1,3,3,$209.00 ,1,365,t,19,49,79,354,50,21,2,89,22,126,26334,4.86,4.9,4.92,4.98,4.92,4.72,4.68,t,1,1,0,0,2.13
9.37614E+17,100%,92%,t,9,9,t,t,West Roxbury,42.2727582,-71.1636271,Entire rental unit,Entire home/apt,2,1,1,1,$100.00 ,91,365,t,0,0,26,161,2,2,1,36,0,255,25500,5,5,5,5,5,5,4.5,t,3,3,0,0,0.47
9.37706E+17,100%,100%,t,1,3,f,t,Back Bay,42.34957527,-71.07428162,Entire rental unit,Entire home/apt,2,1,1,1,$195.00 ,29,365,t,14,24,54,328,2,1,0,63,2,58,11310,5,5,5,5,5,5,5,f,1,1,0,0,0.12
9.37828E+17,N/A,N/A,f,1,1,t,t,West Roxbury,42.28961167,-71.15869374,Entire home,Entire home/apt,8,2.5,4,5,$299.00 ,29,90,t,0,0,0,265,0,0,0,0,0,0,0,,,,,,,,t,1,1,0,0,
9.37866E+17,N/A,N/A,f,1,1,f,t,Charlestown,42.37792,-71.06236,Entire home,Entire home/apt,4,,2,,,180,180,t,0,0,0,0,5,0,0,0,0,0,,5,5,5,5,4.8,4.8,4.8,f,1,1,0,0,0.19
9.39133E+17,100%,90%,t,1,1,t,t,South Boston,42.33248449,-71.0314113,Entire home,Entire home/apt,10,3,5,7,$634.00 ,3,28,t,15,34,57,222,72,29,2,66,40,174,110316,4.96,4.9,4.9,4.93,4.97,4.94,4.75,f,1,1,0,0,2.91
9.39167E+17,100%,100%,t,1,1,t,f,West Roxbury,42.2842416,-71.167526,Entire home,Entire home/apt,10,3.5,5,5,$421.00 ,1,365,t,11,37,60,324,41,23,2,70,11,138,58098,4.88,4.93,4.98,5,4.9,4.83,4.78,f,1,1,0,0,1.65
9.3998E+17,N/A,N/A,f,2,2,t,t,Roxbury,42.31911,-71.09099,Entire rental unit,Entire home/apt,2,,1,,,1,1125,t,0,0,0,0,1,0,0,0,0,0,,5,5,5,5,5,5,5,f,2,1,1,0,0.04
9.40288E+17,100%,96%,f,5084,5865,t,t,Brighton,42.346069,-71.145748,Entire rental unit,Entire home/apt,4,2,2,2,$348.00 ,32,1125,t,0,0,2,277,0,0,0,12,0,0,0,,,,,,,,t,343,343,0,0,
9.40621E+17,87%,76%,f,102,193,t,t,Back Bay,42.34823,-71.08041,Entire rental unit,Entire home/apt,6,2,2,5,$399.00 ,29,365,t,30,60,90,365,1,0,0,99,1,0,0,5,5,5,5,5,5,4,f,72,72,0,0,0.05
9.40636E+17,100%,93%,t,2,2,t,t,East Boston,42.36748895,-71.03160281,Entire rental unit,Entire home/apt,4,1,2,2,$250.00 ,90,500,t,0,0,0,266,3,1,0,1,2,180,45000,4.67,4,4.33,5,5,4,4.33,f,2,2,0,0,0.14
9.41411E+17,100%,N/A,f,2,3,t,t,Beacon Hill,42.3603,-71.0661,Entire rental unit,Entire home/apt,2,1,0,1,$300.00 ,183,365,t,0,0,0,54,0,0,0,0,0,0,0,,,,,,,,f,1,1,0,0,
9.42637E+17,100%,62%,f,184,251,t,t,South Boston Waterfront,42.35012531,-71.04326351,Entire serviced apartment,Entire home/apt,3,1,1,2,$250.00 ,9,365,t,1,5,8,8,11,3,1,8,2,54,13500,4.91,4.91,5,5,4.91,4.91,4.91,f,55,55,0,0,0.43
9.42773E+17,100%,100%,t,32,32,t,t,Fenway,42.3495528,-71.09576617,Entire rental unit,Entire home/apt,2,1,1,1,$235.00 ,2,365,t,0,12,40,293,94,37,3,50,39,222,52170,4.89,4.96,4.91,4.99,4.98,4.99,4.73,f,30,28,2,0,3.6
9.42775E+17,100%,100%,t,1,1,t,t,Mattapan,42.28136,-71.09466,Private room in condo,Private room,2,1,1,1,$88.00 ,1,1125,t,18,48,78,353,17,10,1,88,2,60,5280,5,5,5,5,5,4.88,4.94,f,1,0,1,0,0.71
9.42794E+17,87%,76%,f,102,193,t,t,Jamaica Plain,42.32872593,-71.11223614,Entire rental unit,Entire home/apt,4,2,2,3,$382.00 ,29,365,t,0,15,45,296,3,0,0,54,0,0,0,3.67,3.67,4,3.33,2.67,4,2.67,t,72,72,0,0,0.12
9.43924E+17,100%,96%,f,5084,5865,t,t,Bay Village,42.34992,-71.06943,Entire rental unit,Entire home/apt,2,1,1,1,$431.00 ,32,1125,t,0,0,0,127,0,0,0,0,0,0,0,,,,,,,,t,343,343,0,0,
9.44176E+17,100%,64%,t,24,26,t,f,Dorchester,42.32155,-71.05724,Entire rental unit,Entire home/apt,2,1,0,1,$90.00 ,31,730,t,0,22,52,327,1,1,0,61,0,62,5580,4,4,5,5,5,5,3,f,7,7,0,0,0.13
9.44854E+17,100%,100%,f,39,74,t,t,Downtown,42.35595,-71.06036,Entire rental unit,Entire home/apt,4,,2,,,4,365,t,0,0,0,0,18,0,0,0,0,0,,4.89,4.94,4.94,4.72,4.89,4.83,4.78,t,39,39,0,0,0.7
9.44891E+17,100%,84%,t,1,1,t,f,Charlestown,42.38045,-71.07001,Entire rental unit,Entire home/apt,6,3,3,4,$455.00 ,2,365,t,3,24,42,137,62,36,3,49,24,216,98280,4.97,4.98,5,4.98,4.95,4.94,4.9,f,1,1,0,0,2.62
9.45007E+17,100%,100%,f,52,57,t,t,Back Bay,42.3434,-71.08432,Entire rental unit,Entire home/apt,2,1,0,1,$167.00 ,1,365,t,0,19,49,228,15,6,0,58,11,36,6012,4,3.87,4.27,4.93,4.8,4.73,3.73,t,52,52,0,0,0.79
9.46042E+17,95%,91%,f,117,207,t,t,Brighton,42.33579393,-71.15038081,Entire rental unit,Entire home/apt,4,,1,,,29,1125,t,0,0,0,0,2,1,0,0,0,58,,5,5,4.5,5,5,5,4.5,f,33,33,0,0,0.08
9.46503E+17,100%,100%,f,52,57,t,t,Back Bay,42.34399414,-71.08190358,Entire rental unit,Entire home/apt,2,1,0,1,$150.00 ,29,365,t,0,10,40,215,29,18,0,49,0,255,38250,4.76,4.93,4.9,5,5,5,4.66,t,52,52,0,0,1.13
9.47048E+17,N/A,0%,f,1,3,t,t,Beacon Hill,42.3600668,-71.0667461,Entire rental unit,Entire home/apt,4,,2,,,365,365,t,29,59,89,363,2,0,0,98,0,0,,5,5,5,5,5,5,4.5,f,1,1,0,0,0.08
9.47324E+17,100%,69%,f,13,20,t,t,Dorchester,42.32189709,-71.05528192,Private room in rental unit,Private room,2,1,1,1,$57.00 ,29,365,t,0,29,59,334,38,8,0,69,30,255,14535,4.68,4.74,4.45,4.87,4.97,4.68,4.55,f,13,0,13,0,1.59
9.47324E+17,100%,69%,f,13,20,t,t,Dorchester,42.32087407,-71.05568977,Private room in rental unit,Private room,2,1,1,1,$52.00 ,29,365,t,26,56,86,361,40,6,0,96,32,255,13260,4.88,4.88,4.58,4.95,4.98,4.6,4.63,f,13,0,13,0,1.64
9.47324E+17,100%,69%,f,13,20,t,t,Dorchester,42.32252,-71.05746,Private room in rental unit,Private room,2,1,1,1,$57.00 ,29,365,t,1,28,58,333,33,10,0,68,22,255,14535,4.82,4.91,4.67,4.88,4.97,4.64,4.67,f,13,0,13,0,1.36
9.47768E+17,100%,100%,f,52,57,t,t,Back Bay,42.34376175,-71.0819979,Entire rental unit,Entire home/apt,2,1,0,1,$196.00 ,1,365,t,3,23,53,231,45,22,0,62,18,132,25872,4.6,4.6,4.71,4.84,4.67,4.84,4.38,t,52,52,0,0,1.73
9.47786E+17,100%,100%,f,52,57,t,t,Back Bay,42.34321571,-71.08403996,Entire rental unit,Entire home/apt,2,1,0,1,$222.00 ,1,365,t,4,14,41,220,53,27,1,50,25,162,35964,4.68,4.79,4.81,4.92,4.89,4.87,4.53,t,52,52,0,0,2.09
9.47814E+17,100%,100%,f,52,57,t,t,Back Bay,42.34398524,-71.08242295,Entire rental unit,Entire home/apt,2,1,0,1,$119.00 ,1,365,t,0,10,39,303,30,9,0,48,11,54,6426,4.4,4.43,4.4,4.83,4.8,4.93,4.3,t,52,52,0,0,1.18
9.47826E+17,100%,100%,f,52,57,t,t,Back Bay,42.34376,-71.08188,Entire rental unit,Entire home/apt,2,1,0,1,$165.00 ,1,365,t,1,9,39,299,71,44,0,48,34,255,42075,4.56,4.66,4.8,4.89,4.9,4.9,4.41,t,52,52,0,0,2.77
9.4783E+17,100%,100%,f,52,57,t,t,Back Bay,42.34336,-71.08395,Entire rental unit,Entire home/apt,2,1,0,1,$207.00 ,1,365,t,0,16,46,226,15,3,1,55,4,18,3726,4.6,4.73,5,5,5,4.93,4.67,t,52,52,0,0,0.6
9.47846E+17,100%,100%,f,52,57,t,t,Back Bay,42.34211322,-71.08355797,Entire rental unit,Entire home/apt,2,1,0,1,$139.00 ,29,365,t,9,23,53,229,22,7,0,62,13,255,35445,4.77,4.82,4.73,4.95,4.86,5,4.5,t,52,52,0,0,0.87
9.47863E+17,100%,100%,f,52,57,t,t,Back Bay,42.34259,-71.08393,Entire rental unit,Entire home/apt,2,1,0,1,$208.00 ,1,365,t,0,17,42,310,47,18,1,51,22,108,22464,4.64,4.74,4.8,4.98,4.98,4.93,4.59,t,52,52,0,0,1.81
9.47884E+17,100%,100%,f,52,57,t,t,Back Bay,42.3418,-71.08347,Entire rental unit,Entire home/apt,2,1,0,1,$174.00 ,1,365,t,3,20,50,230,42,15,1,59,20,90,15660,4.57,4.74,4.79,4.95,4.86,4.86,4.26,t,52,52,0,0,1.64
9.48028E+17,N/A,N/A,f,2,2,t,t,Roxbury,42.31712,-71.09048,Private room in condo,Private room,2,,,,,29,1125,t,0,0,0,0,34,0,0,0,20,0,,4.85,4.88,4.91,4.97,4.97,4.5,4.74,f,2,1,1,0,1.34
9.48524E+17,100%,62%,f,184,251,t,t,South Boston Waterfront,42.35357005,-71.04748256,Entire rental unit,Entire home/apt,3,,1,,,30,730,t,0,0,0,0,0,0,0,0,0,0,,,,,,,,,t,55,55,0,0,
9.49155E+17,100%,62%,f,184,251,t,t,Back Bay,42.3459685,-71.0847361,Entire rental unit,Entire home/apt,3,,1,,,30,730,t,0,0,0,0,1,0,0,0,1,0,,5,5,5,5,5,4,4,f,55,55,0,0,0.06
9.49251E+17,91%,100%,f,17,17,t,t,Brighton,42.3417319,-71.1431193,Room in hotel,Private room,4,1,1,2,$303.00 ,1,365,t,26,56,86,361,77,2,0,95,9,12,3636,4.22,4.32,3.97,4.62,4.42,4.35,3.93,t,3,0,3,0,2.95
9.50058E+17,87%,76%,f,102,193,t,t,Brighton,42.35947,-71.1486,Entire rental unit,Entire home/apt,6,2,2,5,$399.00 ,29,365,t,29,59,89,364,4,0,0,99,0,0,0,4.75,4.75,5,5,4.75,4,4,f,72,72,0,0,0.16
9.50079E+17,87%,76%,f,102,193,t,t,Brighton,42.35899,-71.14921,Entire rental unit,Entire home/apt,6,2,2,5,$399.00 ,29,365,t,29,59,89,364,0,0,0,99,0,0,0,,,,,,,,f,72,72,0,0,
9.5025E+17,100%,95%,t,8,8,t,t,Roslindale,42.29276688,-71.12202441,Private room in home,Private room,1,1,1,1,$37.00 ,29,365,t,0,4,4,72,12,6,0,6,5,255,9435,4.58,4.75,4.67,4.92,4.92,4.42,4.58,f,8,2,6,0,0.48
9.50573E+17,100%,98%,t,1,2,t,t,Dorchester,42.28633806,-71.04252835,Entire home,Entire home/apt,6,1.5,3,4,$228.00 ,3,365,t,4,31,36,55,38,27,3,36,21,162,36936,4.71,4.71,4.55,4.89,4.95,4.55,4.58,f,1,1,0,0,2.32
9.50604E+17,100%,64%,t,24,26,t,f,Dorchester,42.3211291,-71.0592764,Entire rental unit,Entire home/apt,2,1,1,1,$125.00 ,30,365,t,29,58,86,361,0,0,0,95,0,0,0,,,,,,,,f,7,7,0,0,
9.50827E+17,91%,100%,f,17,17,t,t,Brighton,42.34261,-71.14372,Room in hotel,Private room,4,1,1,2,$406.00 ,1,365,t,28,58,88,363,7,0,0,97,1,0,0,3.57,3.29,3.43,4,3.71,4.43,3.14,t,3,0,3,0,0.27
9.51413E+17,100%,20%,f,1,1,t,t,South Boston,42.32851223,-71.05345238,Private room in condo,Private room,2,1,1,1,$250.00 ,1,30,t,12,42,72,72,6,0,0,72,1,0,0,5,5,5,5,5,4.67,5,f,1,0,1,0,0.24
9.51533E+17,100%,100%,t,1,1,t,t,Dorchester,42.2907089,-71.0461607,Entire rental unit,Entire home/apt,15,2,4,9,$269.00 ,1,28,t,13,38,68,339,80,29,3,78,38,174,46806,4.73,4.71,4.95,4.91,4.95,4.6,4.66,t,1,1,0,0,3.11
9.52103E+17,100%,81%,t,21,26,t,f,West Roxbury,42.27770002,-71.16073795,Private room in rental unit,Private room,2,1,1,1,$69.00 ,1,365,t,28,58,88,98,40,12,2,98,18,72,4968,4.85,4.78,4.83,4.85,4.88,4.8,4.7,f,16,4,12,0,1.58
9.53751E+17,90%,90%,f,2,5,t,t,Brighton,42.3558532,-71.1638648,Entire home,Entire home/apt,4,1,1,1,$147.00 ,29,90,t,29,59,89,364,0,0,0,98,0,0,0,,,,,,,,f,2,2,0,0,
9.54909E+17,100%,100%,f,5,8,t,t,Chinatown,42.34873,-71.06069,Entire rental unit,Entire home/apt,5,1,2,2,$212.00 ,91,365,t,0,0,0,146,19,14,1,0,5,255,54060,4.32,4.53,4.11,4.95,4.89,4.58,4.16,f,4,2,2,0,0.9
9.5531E+17,99%,100%,f,17,18,t,t,Bay Village,42.3483657,-71.0698862,Entire rental unit,Entire home/apt,2,1,1,1,$198.00 ,3,500,t,11,30,60,269,50,21,2,69,24,126,24948,3.98,4.02,4.14,4.72,4.72,4.44,3.9,t,17,8,8,1,1.95
9.55747E+17,100%,100%,f,59,74,t,t,Back Bay,42.35202977,-71.08161956,Entire rental unit,Entire home/apt,2,1,0,1,$305.00 ,1,365,t,2,10,26,218,103,40,3,35,60,240,73200,4.79,4.84,4.83,4.7,4.91,4.98,4.62,f,59,59,0,0,4.15
9.56601E+17,83%,100%,f,1,2,t,t,Allston,42.35284739,-71.13352083,Entire rental unit,Entire home/apt,2,1,1,1,$101.00 ,91,720,t,0,0,22,297,2,0,0,32,1,0,0,4.5,5,5,4.5,4.5,5,4.5,f,1,1,0,0,0.09
9.57168E+17,100%,93%,t,3,3,t,f,Brighton,42.34524271,-71.15029424,Entire home,Entire home/apt,4,1,2,2,$164.00 ,2,365,t,15,30,58,148,44,34,2,68,14,204,33456,4.89,4.95,4.93,4.95,4.93,4.95,4.8,f,3,3,0,0,2.02
9.57865E+17,100%,74%,t,4,4,t,t,Jamaica Plain,42.31597,-71.10642,Entire condo,Entire home/apt,2,1,1,1,$130.00 ,29,365,t,7,37,67,67,8,5,1,67,5,255,33150,4.88,4.88,5,4.88,4.5,5,4.38,f,4,4,0,0,0.42
9.5806E+17,100%,100%,t,130,133,t,t,South End,42.34234746,-71.07732179,Entire rental unit,Entire home/apt,2,1,0,2,$195.00 ,1,365,t,23,51,81,149,60,25,3,90,35,150,29250,4.78,4.82,4.7,4.92,4.87,4.97,4.65,t,36,36,0,0,2.41
9.58063E+17,100%,100%,t,130,133,t,t,South End,42.34214779,-71.07909587,Entire rental unit,Entire home/apt,2,1,0,1,$218.00 ,1,365,t,12,39,69,137,91,37,4,78,47,222,48396,4.78,4.78,4.75,4.96,4.93,4.98,4.67,t,36,36,0,0,3.63
9.58065E+17,100%,100%,t,130,133,t,t,South End,42.34226,-71.07925,Entire rental unit,Entire home/apt,2,1,0,1,$188.00 ,1,1125,t,12,29,59,127,85,41,6,68,38,246,46248,4.86,4.87,4.76,4.96,4.96,4.98,4.61,t,36,36,0,0,3.39
9.5874E+17,100%,100%,t,1,1,t,t,East Boston,42.36743,-71.03544,Entire rental unit,Entire home/apt,4,1,2,2,$227.00 ,3,90,t,6,25,25,25,52,19,3,25,23,114,25878,4.98,4.98,4.9,4.96,4.96,4.79,4.81,f,1,1,0,0,2.08
9.58944E+17,67%,95%,f,3,4,t,f,Hyde Park,42.25749571,-71.11875653,Entire rental unit,Entire home/apt,4,1,3,3,$349.00 ,2,365,t,30,60,90,365,7,3,0,100,7,18,6282,3.29,3.29,2.86,2.86,3.14,3.14,3.14,t,3,3,0,0,0.38
9.60243E+17,100%,87%,f,8,16,t,t,South Boston,42.33707889,-71.03337548,Private room in rental unit,Private room,1,1,1,1,$72.00 ,91,365,t,0,0,0,249,1,0,0,0,1,0,0,5,5,3,5,5,5,5,f,7,2,5,0,0.07
9.60243E+17,100%,87%,f,8,16,t,t,South Boston,42.33724621,-71.03525755,Entire rental unit,Entire home/apt,10,2,5,5,$388.00 ,91,365,t,29,59,89,364,0,0,0,99,0,0,0,,,,,,,,f,7,2,5,0,
9.60244E+17,100%,100%,f,7,9,t,f,Fenway,42.34696,-71.10332,Entire rental unit,Entire home/apt,2,1,0,1,$190.00 ,1,365,t,16,43,73,142,100,34,5,83,60,204,38760,4.68,4.64,4.53,4.89,4.89,4.86,4.52,t,7,7,0,0,3.98
9.60442E+17,95%,91%,f,117,207,t,t,Back Bay,42.3520126,-71.0823029,Entire rental unit,Entire home/apt,2,,,,,29,1125,t,0,0,0,0,8,0,0,0,1,0,,5,5,5,5,5,5,5,f,33,33,0,0,0.32
9.60649E+17,100%,100%,f,10,29,t,t,Allston,42.35012,-71.13541,Private room in rental unit,Private room,2,,,,,29,365,t,0,20,50,324,10,6,0,59,7,255,,4,4.1,3.6,4.3,4.2,4.2,3.7,t,4,0,4,0,0.4
9.60686E+17,100%,100%,t,32,32,t,t,Back Bay,42.34445218,-71.08105166,Entire rental unit,Entire home/apt,2,1,1,1,$248.00 ,2,365,t,0,6,34,286,99,51,6,43,48,255,63240,4.96,4.94,4.95,4.99,4.98,4.98,4.77,f,30,28,2,0,3.95
9.60815E+17,87%,76%,f,102,193,t,t,Jamaica Plain,42.32852903,-71.11188998,Entire rental unit,Entire home/apt,4,2,2,3,$469.00 ,29,365,t,29,59,89,364,0,0,0,99,0,0,0,,,,,,,,f,72,72,0,0,
9.60827E+17,100%,68%,f,2,2,t,t,Dorchester,42.27987,-71.05947,Entire home,Entire home/apt,4,1.5,3,4,$148.00 ,91,365,t,0,0,0,176,0,0,0,0,0,0,0,,,,,,,,f,1,1,0,0,
9.61843E+17,100%,98%,t,2,2,t,t,East Boston,42.37103788,-71.04006198,Private room in home,Private room,1,1,1,1,$75.00 ,1,365,t,8,25,54,229,100,49,7,64,70,255,19125,4.94,4.96,4.89,4.9,4.98,4.93,4.86,f,2,0,2,0,5.32
9.62459E+17,100%,99%,t,42,50,t,t,Bay Village,42.35044642,-71.06818657,Entire rental unit,Entire home/apt,6,2,2,5,$495.00 ,29,365,t,0,0,25,204,16,0,0,34,10,0,0,5,4.94,5,5,5,5,5,t,9,9,0,0,0.64
9.62828E+17,100%,96%,f,5084,5865,t,t,Back Bay,42.3530815,-71.0721938,Entire rental unit,Entire home/apt,2,1,0,1,$341.00 ,32,1125,t,0,14,44,319,0,0,0,53,0,0,0,,,,,,,,t,343,343,0,0,
9.6326E+17,100%,100%,t,32,32,t,t,Fenway,42.34922,-71.09505,Entire rental unit,Entire home/apt,4,1,2,2,$316.00 ,2,365,t,4,22,47,300,98,46,5,57,42,255,80580,4.84,4.9,4.81,4.97,4.96,4.95,4.74,f,30,28,2,0,3.94
9.63638E+17,100%,100%,f,59,74,t,t,Fenway,42.34909022,-71.09523337,Entire rental unit,Entire home/apt,2,1,1,1,$255.00 ,1,365,t,3,10,34,309,63,19,2,43,36,114,29070,4.67,4.66,4.63,4.82,4.85,4.89,4.44,f,59,59,0,0,2.48
9.63713E+17,98%,100%,,16,18,t,t,Downtown,42.36624,-71.06325,Entire rental unit,Entire home/apt,4,1,1,3,$229.00 ,1,365,t,17,31,57,120,102,39,4,67,57,234,53586,4.74,4.8,4.74,4.82,4.92,4.91,4.69,t,5,5,0,0,4.19
9.63783E+17,98%,100%,,16,18,t,t,West End,42.36454398,-71.06485248,Entire rental unit,Entire home/apt,4,1,1,3,$249.00 ,1,365,t,19,49,79,147,99,43,7,88,53,255,63495,4.7,4.74,4.66,4.79,4.83,4.75,4.52,t,5,5,0,0,4
9.64946E+17,100%,96%,f,5084,5865,t,t,Back Bay,42.34603,-71.0786776,Entire rental unit,Entire home/apt,2,1,1,1,$349.00 ,32,1125,t,0,0,8,283,0,0,0,17,0,0,0,,,,,,,,t,343,343,0,0,
9.6577E+17,67%,65%,f,4,4,t,t,Roxbury,42.3240913,-71.0907016,Entire rental unit,Entire home/apt,2,2,2,2,$115.00 ,91,365,t,0,6,36,216,1,0,0,46,1,0,0,5,5,5,5,5,5,5,f,4,4,0,0,0.06
9.65927E+17,100%,96%,f,5084,5865,t,t,Back Bay,42.3530815,-71.0721938,Entire rental unit,Entire home/apt,2,1,0,1,$287.00 ,32,1125,t,0,0,0,134,0,0,0,0,0,0,0,,,,,,,,t,343,343,0,0,
9.66033E+17,100%,100%,t,1,1,t,t,Roslindale,42.27659185,-71.11711644,Entire condo,Entire home/apt,4,1,2,2,$217.00 ,1,1125,t,18,46,75,75,45,27,3,75,28,162,35154,4.98,4.93,4.96,4.98,4.98,4.71,4.67,t,1,1,0,0,2.72
9.66204E+17,100%,87%,f,8,16,t,t,South Boston,42.33815,-71.03516,Private room in rental unit,Private room,1,,1,,,91,365,t,0,0,0,266,1,1,0,1,1,182,,4,2,1,2,5,5,1,f,7,2,5,0,0.11
9.66208E+17,100%,87%,f,8,16,t,t,South Boston,42.33661533,-71.03493836,Private room in rental unit,Private room,1,1,1,1,$59.00 ,91,365,t,0,0,0,266,4,2,0,1,1,255,15045,4.75,4.75,4.75,4.75,5,4.75,4.5,t,7,2,5,0,0.19
9.66238E+17,100%,87%,f,8,16,t,t,South Boston,42.33808,-71.03502,Private room in rental unit,Private room,1,,1,,,91,365,t,0,0,0,171,0,0,0,1,0,0,,,,,,,,,f,7,2,5,0,
9.66243E+17,100%,87%,f,8,16,t,t,South Boston,42.33631,-71.03487,Private room in rental unit,Private room,1,,,,,91,365,t,0,0,0,54,1,0,0,0,1,0,,5,5,5,5,5,5,4,f,7,2,5,0,0.08
9.66924E+17,100%,93%,t,3,3,t,f,Brighton,42.34372357,-71.15170223,Entire rental unit,Entire home/apt,4,1,2,3,$271.00 ,2,1125,t,8,33,60,149,79,39,2,69,48,234,63414,4.86,4.85,4.95,4.94,4.96,4.85,4.76,f,3,3,0,0,3.48
9.67178E+17,100%,75%,t,1,1,t,t,South End,42.34309827,-71.07708044,Entire rental unit,Entire home/apt,3,1,2,3,$547.00 ,3,60,t,5,20,30,192,12,10,2,32,3,60,32820,5,5,5,5,5,5,4.83,f,1,1,0,0,0.68
9.67668E+17,100%,81%,t,21,26,t,f,West Roxbury,42.2787557,-71.160441,Private room in rental unit,Private room,2,1,1,2,$89.00 ,1,365,t,26,56,86,266,26,12,1,96,20,72,6408,4.88,4.88,4.92,4.88,4.96,4.73,4.81,f,16,4,12,0,1.6
9.68896E+17,100%,100%,f,120,136,t,t,Fenway,42.33964,-71.0938,Entire rental unit,Entire home/apt,2,1,1,1,$134.00 ,1,365,t,2,17,43,302,79,48,4,52,33,255,34170,4.63,4.76,4.89,4.63,4.86,4.92,4.49,t,86,86,0,0,3.34
9.68897E+17,100%,100%,f,120,136,t,t,Fenway,42.33951674,-71.09350182,Entire rental unit,Entire home/apt,2,1,1,1,$126.00 ,1,365,t,1,13,41,295,56,21,4,50,34,126,15876,4.63,4.77,4.95,4.68,4.86,4.86,4.52,t,86,86,0,0,2.39
9.68897E+17,100%,100%,f,120,136,t,t,Fenway,42.3403,-71.09578,Entire rental unit,Entire home/apt,2,1,1,1,$164.00 ,1,365,t,5,25,55,317,37,18,3,65,18,108,17712,4.68,4.68,4.84,4.62,4.95,4.95,4.49,t,86,86,0,0,1.54
9.68897E+17,100%,100%,f,120,136,t,t,Fenway,42.34013,-71.0956,Entire rental unit,Entire home/apt,2,1,1,1,$174.00 ,1,365,t,3,10,38,304,42,22,6,47,16,132,22968,4.71,4.81,4.95,4.74,4.83,4.83,4.52,t,86,86,0,0,1.74
9.68899E+17,100%,100%,f,120,136,t,t,Fenway,42.3405182,-71.0945877,Entire rental unit,Entire home/apt,2,1,1,1,$196.00 ,1,365,t,6,24,54,310,37,16,4,63,16,96,18816,4.73,4.78,4.89,4.89,4.92,4.92,4.57,t,86,86,0,0,1.54
9.70182E+17,100%,100%,t,5,5,t,t,Brighton,42.33886228,-71.15213033,Entire rental unit,Entire home/apt,4,1,1,2,$92.00 ,91,365,t,0,0,3,277,2,1,0,12,1,182,16744,5,5,4.5,5,5,5,5,t,1,1,0,0,0.12
9.70252E+17,100%,100%,f,120,136,t,t,Fenway,42.34026,-71.09563,Entire rental unit,Entire home/apt,2,1,1,1,$149.00 ,1,365,t,7,30,60,331,29,11,0,69,16,66,9834,4.59,4.9,4.76,4.76,4.83,4.86,4.55,t,86,86,0,0,1.2
9.70252E+17,100%,100%,f,120,136,t,t,Fenway,42.33977,-71.09559,Entire rental unit,Entire home/apt,2,1,1,1,$168.00 ,1,365,t,10,35,65,333,23,4,1,75,14,24,4032,4.7,4.83,5,4.87,5,4.83,4.57,t,86,86,0,0,1
9.70252E+17,100%,100%,f,120,136,t,t,Fenway,42.33969,-71.09415,Entire rental unit,Entire home/apt,2,1,1,1,$140.00 ,1,365,t,3,21,48,299,39,16,2,57,22,96,13440,4.79,4.82,4.9,4.9,4.95,4.9,4.59,t,86,86,0,0,1.61
9.70253E+17,100%,100%,f,120,136,t,t,Fenway,42.34168618,-71.09518205,Entire rental unit,Entire home/apt,1,1,1,1,$189.00 ,1,365,t,5,11,34,281,48,16,2,44,30,96,18144,4.88,4.81,4.94,4.85,4.83,4.92,4.67,t,86,86,0,0,2.04
9.70253E+17,100%,100%,f,120,136,t,t,Fenway,42.34150214,-71.09552726,Entire rental unit,Entire home/apt,2,1,1,1,$137.00 ,1,365,t,6,29,55,322,38,10,1,64,23,60,8220,4.74,4.74,4.92,4.79,4.82,4.87,4.5,t,86,86,0,0,1.57
9.70253E+17,100%,100%,f,120,136,t,t,Fenway,42.34007,-71.09347,Entire rental unit,Entire home/apt,2,1,1,1,$203.00 ,1,365,t,4,23,53,319,29,16,2,62,14,96,19488,4.9,4.9,4.97,4.86,4.97,4.93,4.62,t,86,86,0,0,1.35
9.70253E+17,100%,100%,f,120,136,t,t,Fenway,42.34675,-71.09135,Entire rental unit,Entire home/apt,2,1,1,1,$210.00 ,1,365,t,6,19,47,317,56,30,3,56,29,180,37800,4.79,4.89,4.88,4.88,4.84,4.95,4.7,t,86,86,0,0,2.37
9.70253E+17,100%,100%,f,120,136,t,t,Fenway,42.34484488,-71.090627,Entire rental unit,Entire home/apt,2,1,1,1,$185.00 ,1,365,t,4,15,39,300,48,20,3,48,26,120,22200,4.71,4.81,4.89,4.81,4.89,4.83,4.68,t,86,86,0,0,1.99
9.70254E+17,100%,100%,f,120,136,t,t,Fenway,42.34470486,-71.09044872,Entire rental unit,Entire home/apt,2,1,1,1,$152.00 ,1,365,t,5,18,48,319,50,14,0,57,36,84,12768,4.68,4.78,4.96,4.88,4.92,4.94,4.68,t,86,86,0,0,2.08
9.70254E+17,100%,100%,f,120,136,t,t,Fenway,42.33963723,-71.09398344,Entire rental unit,Entire home/apt,2,1,1,1,$213.00 ,1,365,t,4,24,53,319,63,26,2,62,30,156,33228,4.84,4.89,4.98,4.92,4.94,5,4.63,t,86,86,0,0,2.61
9.70254E+17,100%,100%,f,120,136,t,t,Fenway,42.34534,-71.09138,Entire rental unit,Entire home/apt,2,1,1,1,$164.00 ,1,365,t,5,11,38,269,64,34,5,47,32,204,33456,4.83,4.89,4.94,4.88,4.94,4.98,4.59,t,86,86,0,0,2.69
9.70254E+17,100%,100%,f,120,136,t,t,Fenway,42.33973,-71.09544,Entire rental unit,Entire home/apt,2,1,1,1,$171.00 ,1,365,t,10,26,56,320,66,38,2,65,30,228,38988,4.91,4.89,4.97,4.92,4.94,4.95,4.71,t,86,86,0,0,2.73
9.70254E+17,100%,100%,f,120,136,t,t,Fenway,42.34014,-71.09545,Entire rental unit,Entire home/apt,2,1,1,1,$138.00 ,1,365,t,8,33,63,331,24,9,1,73,13,54,7452,4.75,4.83,4.92,4.96,4.92,4.92,4.67,t,86,86,0,0,1.06
9.70254E+17,100%,100%,f,120,136,t,t,Fenway,42.34159093,-71.09413089,Entire rental unit,Entire home/apt,2,1,1,1,$157.00 ,1,365,t,2,17,47,302,98,46,1,56,63,255,40035,4.87,4.89,4.96,4.81,4.89,4.93,4.65,t,86,86,0,0,4.08
9.70254E+17,100%,100%,f,120,136,t,t,Fenway,42.33989,-71.09554,Entire rental unit,Entire home/apt,2,1,1,1,$158.00 ,1,365,t,8,31,61,333,48,28,2,71,21,168,26544,4.77,4.88,4.88,4.85,4.9,4.94,4.65,t,86,86,0,0,2.02
9.70254E+17,100%,100%,f,120,136,t,t,Fenway,42.34170892,-71.09485568,Entire rental unit,Entire home/apt,2,1,1,1,$131.00 ,1,365,t,4,21,51,311,26,11,1,60,14,66,8646,4.73,4.69,4.85,4.73,4.81,4.96,4.62,t,86,86,0,0,1.08
9.70255E+17,100%,100%,f,120,136,t,t,Fenway,42.34659,-71.0892,Entire rental unit,Entire home/apt,2,1,1,1,$164.00 ,1,365,t,4,10,38,291,86,45,6,47,47,255,41820,4.78,4.78,4.95,4.88,4.91,4.99,4.67,t,86,86,0,0,3.57
9.70255E+17,100%,100%,f,120,136,t,t,Fenway,42.33947,-71.09381,Entire rental unit,Entire home/apt,2,1,1,1,$173.00 ,1,365,t,6,25,55,326,19,8,1,64,7,48,8304,4.32,4.53,4.95,4.79,4.68,4.74,4.37,t,86,86,0,0,0.79
9.70255E+17,100%,100%,f,120,136,t,t,Fenway,42.33935,-71.09415,Entire rental unit,Entire home/apt,2,1,1,1,$141.00 ,1,365,t,3,25,55,279,43,25,5,64,8,150,21150,4.65,4.67,4.91,4.67,4.74,4.88,4.49,t,86,86,0,0,1.79
9.70255E+17,100%,100%,f,120,136,t,t,Fenway,42.33941039,-71.0938794,Entire rental unit,Entire home/apt,2,1,1,1,$199.00 ,1,365,t,5,26,56,323,31,7,0,65,23,42,8358,4.71,4.77,4.94,4.81,4.77,4.9,4.52,t,86,86,0,0,1.35
9.70256E+17,100%,100%,f,120,136,t,t,Fenway,42.3396887,-71.09537347,Entire rental unit,Entire home/apt,2,1,1,1,$201.00 ,1,365,t,6,27,57,322,36,15,2,67,11,90,18090,4.69,4.75,4.64,4.69,4.69,4.86,4.39,t,86,86,0,0,1.5
9.70256E+17,100%,100%,f,120,136,t,t,Fenway,42.34681495,-71.09053291,Entire rental unit,Entire home/apt,2,1,1,1,$169.00 ,1,320,t,17,42,72,343,521,230,27,81,275,255,43095,4.8,4.83,4.92,4.87,4.87,4.91,4.63,t,86,86,0,0,21.56
9.70256E+17,100%,100%,f,120,136,t,t,Fenway,42.34167,-71.09485,Entire rental unit,Entire home/apt,2,1,1,1,$118.00 ,1,365,t,4,21,48,288,41,10,2,57,22,60,7080,4.8,4.88,4.93,4.88,4.95,4.93,4.56,t,86,86,0,0,1.71
9.70697E+17,100%,96%,f,3,14,t,t,East Boston,42.37654878,-71.03550695,Private room in home,Private room,2,1,1,1,$97.00 ,1,29,t,8,15,15,15,131,43,2,15,69,255,24735,4.49,4.59,4.46,4.79,4.58,4.5,4.38,f,3,0,3,0,5.25
9.70924E+17,100%,62%,f,184,251,t,t,South Boston Waterfront,42.3527606,-71.0465144,Entire rental unit,Entire home/apt,3,,1,,,30,730,t,0,0,0,0,2,1,0,0,1,60,,5,5,5,5,5,5,4,t,55,55,0,0,0.09
9.71057E+17,87%,76%,f,102,193,t,t,Back Bay,42.34792,-71.07833,Entire rental unit,Entire home/apt,5,2,2,3,$399.00 ,29,365,t,30,60,90,365,0,0,0,99,0,0,0,,,,,,,,f,72,72,0,0,
9.71238E+17,100%,95%,t,2,2,t,t,Roxbury,42.32048,-71.07729,Entire rental unit,Entire home/apt,4,1,2,2,$203.00 ,2,365,t,8,30,56,331,91,39,2,66,48,234,47502,4.89,4.85,4.99,4.95,5,4.38,4.81,f,2,2,0,0,3.64
9.72323E+17,100%,100%,f,10,29,t,t,Allston,42.35007175,-71.13474178,Private room in rental unit,Private room,2,1,1,1,$68.00 ,29,365,t,23,53,83,357,13,1,0,92,5,58,3944,4.54,4.46,4.31,4.69,4.62,4.62,4.38,t,4,0,4,0,0.54
9.72382E+17,0%,7%,f,1,1,t,t,Dorchester,42.3189351,-71.0646094,Entire rental unit,Entire home/apt,5,1,2,2,$203.00 ,2,365,t,0,0,22,198,0,0,0,31,0,0,0,,,,,,,,f,1,1,0,0,
9.72445E+17,100%,81%,t,21,26,t,f,West Roxbury,42.27981,-71.15979,Private room in rental unit,Private room,1,1,1,1,$64.00 ,1,365,t,25,55,85,265,28,14,5,95,13,84,5376,4.89,4.89,4.93,4.93,4.96,5,4.82,f,16,4,12,0,1.17
9.72577E+17,93%,93%,f,12,32,t,f,East Boston,42.3771,-71.03226,Entire rental unit,Entire home/apt,3,,,,,29,365,t,30,60,90,269,2,0,0,99,0,0,,5,5,4.5,5,5,5,4.5,f,12,12,0,0,0.08
9.7315E+17,N/A,N/A,f,1,1,t,f,South Boston,42.33612196,-71.04810613,Entire rental unit,Entire home/apt,5,1,2,0,$263.00 ,1,365,t,0,0,0,144,30,7,1,5,16,42,11046,4.9,4.9,4.9,4.77,5,4.87,4.63,t,1,1,0,0,1.25
9.73282E+17,87%,76%,f,102,193,t,t,Jamaica Plain,42.32833,-71.11261,Entire rental unit,Entire home/apt,6,2,2,3,$499.00 ,29,365,t,30,60,90,365,2,1,0,100,0,58,28942,4,4.5,5,5,5,5,4,t,72,72,0,0,0.08
9.73772E+17,100%,100%,t,3,3,t,t,Dorchester,42.2904444,-71.0605273,Entire rental unit,Entire home/apt,6,1,2,6,$248.00 ,2,28,t,8,33,61,328,87,33,2,65,55,198,49104,4.93,4.93,4.97,4.95,4.98,4.66,4.83,f,3,2,1,0,3.5
9.74108E+17,N/A,0%,f,1,2,t,t,Back Bay,42.35331989,-71.07674818,Entire rental unit,Entire home/apt,2,1,0,1,$130.00 ,91,365,t,12,42,72,161,0,0,0,81,0,0,0,,,,,,,,f,1,1,0,0,
9.7413E+17,100%,100%,t,1,1,t,t,East Boston,42.37138183,-71.03992573,Entire rental unit,Entire home/apt,2,1,1,1,$167.00 ,2,28,t,3,21,51,315,97,57,6,61,59,255,42585,4.87,4.93,4.99,4.89,4.98,4.88,4.84,f,1,1,0,0,5.11
9.74825E+17,N/A,100%,t,2,2,t,t,Dorchester,42.31276,-71.07632,Private room in home,Private room,2,1.5,1,1,$102.00 ,1,365,t,0,0,0,0,20,7,0,0,16,42,4284,4.9,4.95,4.95,4.9,4.9,4.35,4.8,f,1,0,1,0,0.83
9.75169E+17,100%,100%,t,7,115,t,t,Fenway,42.34379,-71.10191,Entire rental unit,Entire home/apt,2,1,1,1,$268.00 ,91,365,t,23,53,83,358,0,0,0,93,0,0,0,,,,,,,,f,2,2,0,0,
9.75169E+17,100%,100%,t,7,115,t,t,Fenway,42.34379,-71.10191,Entire rental unit,Entire home/apt,3,,1,,,91,365,t,0,0,0,0,0,0,0,0,0,0,,,,,,,,,f,2,2,0,0,
9.75276E+17,100%,95%,t,2,2,t,t,Roxbury,42.32162,-71.07709,Entire rental unit,Entire home/apt,6,1,2,3,$191.00 ,2,1125,t,3,21,48,320,102,41,2,58,57,246,46986,4.96,4.95,4.93,4.99,4.99,4.42,4.83,f,2,2,0,0,4.14
9.75355E+17,89%,94%,f,19,49,t,t,Downtown,42.3656981,-71.05862294,Private room in rental unit,Private room,2,,,,,29,365,t,0,0,0,0,0,0,0,0,0,0,,,,,,,,,f,14,12,2,0,
9.75609E+17,100%,100%,t,39,40,t,t,Brighton,42.34745,-71.14425,Entire rental unit,Entire home/apt,5,1,2,4,$206.00 ,1,365,t,19,38,65,133,107,64,2,74,49,255,52530,4.86,4.91,4.96,4.74,4.84,4.89,4.75,t,39,39,0,0,4.33
9.7733E+17,100%,100%,f,5,8,t,t,Roxbury,42.33322,-71.08187,Entire rental unit,Entire home/apt,4,2.5,2,2,$450.00 ,1,365,t,25,53,83,263,7,6,0,93,0,36,16200,4,3.86,4,4.29,4.14,3.29,3.14,t,5,4,1,0,0.3
9.78555E+17,87%,76%,f,102,193,t,t,Jamaica Plain,42.32852,-71.11264,Entire rental unit,Entire home/apt,6,2,2,3,$599.00 ,29,365,t,30,60,90,365,2,1,0,99,1,58,34742,5,5,4.5,5,5,4.5,4,t,72,72,0,0,0.08
9.78849E+17,75%,100%,f,18,1596,t,t,Dorchester,42.31821942,-71.05443693,Private room in rental unit,Private room,1,0,1,1,$46.00 ,91,365,t,27,57,87,362,0,0,0,97,0,0,0,,,,,,,,f,9,0,9,0,
9.7885E+17,75%,100%,f,18,1596,t,t,Allston,42.35655399,-71.13336105,Private room in rental unit,Private room,1,,,,,91,365,t,28,58,88,362,0,0,0,97,0,0,,,,,,,,,f,9,0,9,0,
9.78993E+17,100%,100%,f,1,2,t,t,Dorchester,42.29570683,-71.0624539,Entire condo,Entire home/apt,8,2,4,4,$376.00 ,2,365,t,9,32,62,316,43,19,1,71,17,114,42864,4.72,4.72,4.63,4.81,4.95,4.53,4.74,t,1,1,0,0,1.74
9.79128E+17,89%,50%,f,1,3,t,t,East Boston,42.37511601,-71.03648403,Private room in rental unit,Private room,1,2,1,1,$182.00 ,1,1125,t,23,51,81,261,18,6,0,91,14,36,6552,4.94,5,5,4.83,4.94,4.94,4.83,f,1,0,1,0,0.76
9.80484E+17,98%,100%,,16,18,t,t,Downtown,42.36628371,-71.06511972,Entire rental unit,Entire home/apt,4,1,1,3,$216.00 ,1,365,t,20,41,71,140,102,45,7,81,54,255,55080,4.83,4.8,4.82,4.87,4.91,4.8,4.69,t,5,5,0,0,4.14
9.81123E+17,100%,100%,f,59,74,t,t,Back Bay,42.34997393,-71.08631095,Entire rental unit,Entire home/apt,2,1,1,1,$202.00 ,1,365,t,3,13,43,221,67,21,0,52,51,126,25452,4.73,4.82,4.82,4.69,4.81,4.93,4.61,t,59,59,0,0,2.87
9.81149E+17,100%,100%,f,59,74,t,t,Fenway,42.34745,-71.09337,Entire rental unit,Entire home/apt,2,1,1,1,$262.00 ,29,365,t,1,1,1,132,7,0,0,2,0,0,0,4.43,4.43,4.57,4.71,4.71,4.43,3.71,f,59,59,0,0,0.29
9.81173E+17,100%,100%,f,59,74,t,t,Fenway,42.34912288,-71.09502145,Entire rental unit,Entire home/apt,2,1,1,1,$675.00 ,29,365,t,0,0,0,111,3,0,0,0,0,0,0,5,5,5,5,5,5,5,f,59,59,0,0,0.13
9.81176E+17,100%,100%,f,59,74,t,t,Fenway,42.34932333,-71.09343259,Entire rental unit,Entire home/apt,2,1,1,1,$412.00 ,1,365,t,25,55,85,263,82,30,0,94,58,180,74160,4.7,4.76,4.76,4.89,4.95,4.83,4.55,f,59,59,0,0,3.42
9.81475E+17,100%,99%,t,42,50,t,t,Chinatown,42.35231,-71.06238,Entire rental unit,Entire home/apt,6,,3,,,29,1125,t,0,0,0,0,5,0,0,0,1,0,,5,5,5,5,5,5,4.6,t,9,9,0,0,0.21
9.82024E+17,33%,28%,f,33,75,t,t,Mission Hill,42.32982,-71.1125,Entire rental unit,Entire home/apt,6,2,3,4,$839.00 ,4,365,t,30,60,90,353,0,0,0,100,0,0,0,,,,,,,,f,16,16,0,0,
9.82229E+17,N/A,N/A,f,1,1,f,t,Brighton,42.36019,-71.1423,Private room in rental unit,Private room,2,,,,,91,365,t,30,60,90,269,0,0,0,99,0,0,,,,,,,,,f,1,0,1,0,
9.83274E+17,100%,84%,f,3,4,t,t,East Boston,42.37678842,-71.03961242,Entire rental unit,Entire home/apt,4,1,2,2,$103.00 ,2,365,t,1,18,46,226,18,9,0,56,10,54,5562,4.72,4.89,4.83,4.89,4.94,4.83,4.72,f,2,2,0,0,0.75
9.83776E+17,100%,100%,t,2,3,t,t,South Boston,42.33587636,-71.05071114,Entire condo,Entire home/apt,4,2,2,2,$301.00 ,2,365,t,7,16,42,195,109,50,4,48,61,255,76755,4.86,4.9,4.91,4.94,4.9,4.78,4.64,t,2,2,0,0,4.52
9.84131E+17,89%,94%,f,19,49,t,t,Downtown,42.36554,-71.05874,Private room in rental unit,Private room,2,,,,,29,365,t,0,0,0,0,0,0,0,0,0,0,,,,,,,,,f,14,12,2,0,
9.85434E+17,100%,100%,f,120,136,t,t,Fenway,42.34658,-71.08952,Entire rental unit,Entire home/apt,2,1,1,1,$141.00 ,1,180,t,9,29,59,328,233,104,11,68,114,255,35955,4.82,4.84,4.94,4.88,4.88,4.93,4.62,t,86,86,0,0,9.63
9.85499E+17,100%,74%,t,2,4,t,t,Jamaica Plain,42.31500761,-71.11426415,Private room in home,Private room,1,1,1,1,$110.00 ,1,4,t,6,6,16,16,41,21,3,16,19,126,13860,4.98,4.98,5,4.98,5,4.95,4.9,f,1,0,1,0,1.69
9.86065E+17,100%,100%,t,1,3,t,t,Mattapan,42.27335926,-71.09710209,Private room in home,Private room,1,1,1,1,$73.00 ,1,365,t,0,0,0,170,12,6,1,0,7,36,2628,4.75,4.83,4.92,4.92,5,4.33,4.5,t,1,0,1,0,0.5
9.8835E+17,100%,100%,t,1,2,t,t,Brighton,42.35262151,-71.14915568,Entire rental unit,Entire home/apt,4,1,2,2,$236.00 ,2,365,t,11,30,53,54,57,19,0,54,37,114,26904,4.75,4.84,4.84,5,4.95,4.77,4.67,f,1,1,0,0,2.42
9.89053E+17,89%,94%,f,19,49,t,t,North End,42.36495387,-71.05490069,Entire rental unit,Entire home/apt,6,2,3,3,$423.00 ,9,365,t,3,8,22,256,4,1,0,28,3,18,7614,5,4.75,4.75,4.75,4.75,5,4.75,f,14,12,2,0,0.23
9.89067E+17,100%,100%,t,35,76,t,t,Allston,42.35168265,-71.127844,Entire rental unit,Entire home/apt,4,1,2,2,$229.00 ,1,365,t,12,42,72,346,57,21,1,81,29,126,28854,4.67,4.75,4.61,4.82,4.82,4.77,4.58,f,23,23,0,0,2.37
9.89426E+17,100%,100%,t,6,18,t,f,Mission Hill,42.33180235,-71.10778483,Entire rental unit,Entire home/apt,8,1,1,2,$209.00 ,3,365,t,8,33,42,42,74,34,0,42,46,204,42636,4.84,4.8,4.95,4.82,4.88,4.7,4.62,f,4,3,1,0,3.07
9.89842E+17,100%,100%,f,4,10,t,t,Back Bay,42.34279201,-71.08403036,Entire rental unit,Entire home/apt,2,1,0,1,$210.00 ,1,365,t,25,53,83,335,71,29,4,92,37,174,36540,4.75,4.86,4.77,4.99,4.99,4.99,4.66,t,4,4,0,0,2.93
9.90561E+17,100%,37%,t,8,32,t,t,Mission Hill,42.33164438,-71.1043745,Entire rental unit,Entire home/apt,2,1,1,1,$80.00 ,91,365,t,0,20,50,325,0,0,0,60,0,0,0,,,,,,,,t,4,4,0,0,
9.90628E+17,100%,100%,f,59,74,t,t,Fenway,42.34665116,-71.10432562,Entire rental unit,Entire home/apt,4,2,2,2,$413.00 ,29,365,t,28,58,88,363,11,11,0,98,6,255,105315,4.73,4.82,4.64,5,4.91,4.73,4.45,t,59,59,0,0,1.02
9.90665E+17,89%,99%,f,54,112,t,f,South Boston,42.33277002,-71.05350249,Private room in rental unit,Private room,2,,,,,29,1125,t,0,0,5,255,0,0,0,5,0,0,,,,,,,,,t,31,8,23,0,
9.91224E+17,100%,100%,f,120,136,t,t,Fenway,42.3462368,-71.09133845,Entire rental unit,Entire home/apt,2,1,1,1,$177.00 ,1,365,t,6,29,59,320,86,37,5,68,41,222,39294,4.76,4.78,4.92,4.83,4.9,4.93,4.64,t,86,86,0,0,3.63
9.91921E+17,100%,0%,f,2,2,f,t,Dorchester,42.28478,-71.0857,Private room in rental unit,Private room,2,,,,,1,365,t,0,0,0,53,1,0,0,0,0,0,,3,5,5,5,5,3,3,t,2,0,2,0,0.04
9.92859E+17,100%,0%,f,2,2,f,t,Dorchester,42.28491651,-71.08581331,Private room in rental unit,Private room,2,,,,,1,365,t,0,0,0,22,3,0,0,0,0,0,,4.67,4.67,5,4.67,5,4.33,4.67,f,2,0,2,0,0.13
9.92982E+17,100%,100%,f,3,6,t,t,West Roxbury,42.27512,-71.15049,Entire rental unit,Entire home/apt,2,1,1,3,$112.00 ,91,365,t,0,21,51,326,0,0,0,61,0,0,0,,,,,,,,t,2,2,0,0,
9.93466E+17,100%,96%,t,20,29,t,t,Dorchester,42.2822991,-71.0733387,Entire rental unit,Entire home/apt,8,4.5,4,4,$180.00 ,29,365,t,0,0,0,171,0,0,0,0,0,0,0,,,,,,,,f,18,2,16,0,
9.93474E+17,100%,96%,t,20,29,t,t,Dorchester,42.28173,-71.07449,Private room in rental unit,Private room,2,1.5,1,1,$78.00 ,29,365,t,0,0,0,171,6,2,1,0,4,116,9048,4.83,4.67,5,5,4.83,4.33,4.67,f,18,2,16,0,0.27
9.94162E+17,90%,100%,t,2,2,t,t,Fenway,42.3426674,-71.0873809,Entire home,Entire home/apt,15,3,4,8,"$1,001.00 ",1,29,t,12,31,56,141,67,36,2,61,41,216,216216,4.97,4.97,4.96,5,4.97,4.99,4.79,f,1,1,0,0,3.15
9.94781E+17,100%,100%,t,3,3,t,t,Dorchester,42.30916,-71.07097,Private room in home,Private room,5,1,1,3,$107.00 ,2,365,t,15,39,69,333,19,19,2,79,0,114,12198,4.58,4.68,4.95,5,4.95,4.53,4.58,t,3,0,3,0,3.65
9.94919E+17,100%,62%,f,184,251,t,t,South Boston Waterfront,42.3527606,-71.0465144,Entire rental unit,Entire home/apt,5,,2,,,30,730,t,0,0,0,0,1,0,0,0,0,0,,5,5,4,5,4,5,5,t,55,55,0,0,0.04
9.96601E+17,100%,96%,t,2,2,t,t,Roxbury,42.3267057,-71.0867837,Entire rental unit,Entire home/apt,4,,2,,,29,365,t,0,0,0,1,1,0,0,0,1,0,,5,5,5,5,5,3,4,f,2,2,0,0,0.08
9.96896E+17,100%,95%,f,31,34,t,f,Chinatown,42.34845,-71.06546,Entire home,Entire home/apt,7,2.5,3,3,$675.00 ,2,27,t,24,54,62,62,78,43,3,62,42,255,172125,4.79,4.82,4.82,4.86,4.86,4.88,4.64,f,1,1,0,0,3.35
9.96991E+17,100%,97%,f,3,3,t,f,Dorchester,42.31141,-71.08038,Private room in rental unit,Private room,2,2,1,1,$93.00 ,3,90,t,25,55,85,360,6,5,2,95,1,30,2790,4,3.67,4,4.83,4.5,4,3.67,f,3,0,3,0,0.37
9.97691E+17,100%,100%,f,55,56,t,t,Allston,42.36092,-71.13096,Private room in home,Private room,2,1,1,2,$84.00 ,1,365,t,23,51,81,356,20,20,2,90,1,120,10080,4.55,4.6,4.4,4.75,4.75,4.6,4.5,t,17,0,17,0,2.03
9.97694E+17,100%,100%,f,55,56,t,t,Allston,42.36105926,-71.13071206,Private room in home,Private room,2,1,1,2,$83.00 ,1,365,t,19,48,78,353,124,67,6,87,62,255,21165,4.62,4.69,4.63,4.84,4.8,4.79,4.59,t,17,0,17,0,5.21
9.97706E+17,100%,100%,f,55,56,t,t,Allston,42.35951917,-71.13233011,Private room in home,Private room,2,1,1,2,$88.00 ,1,365,t,16,44,73,348,147,82,7,82,70,255,22440,4.76,4.83,4.72,4.9,4.9,4.86,4.71,t,17,0,17,0,6.3
9.97853E+17,100%,100%,t,130,133,t,t,South End,42.34277828,-71.07696182,Entire rental unit,Entire home/apt,2,1,0,1,$218.00 ,1,365,t,22,52,82,150,92,43,1,91,56,255,55590,4.86,4.9,4.8,4.96,4.95,4.93,4.77,t,36,36,0,0,3.88
9.98694E+17,100%,93%,f,1,2,t,t,Roslindale,42.28293372,-71.13908366,Private room in rental unit,Private room,2,1,1,1,$107.00 ,1,365,t,5,35,65,245,30,14,0,75,26,84,8988,4.7,4.77,4.67,4.83,4.83,4.67,4.67,f,1,0,1,0,1.3
9.99911E+17,100%,96%,t,20,29,t,t,Dorchester,42.28131621,-71.07247014,Private room in rental unit,Private room,2,1.5,1,1,$90.00 ,29,365,t,7,37,67,342,3,1,0,77,2,58,5220,5,4.67,4.67,5,5,5,4.67,f,18,2,16,0,0.15
9.99916E+17,100%,96%,t,20,29,t,t,Dorchester,42.28125938,-71.07259022,Private room in rental unit,Private room,2,1.5,1,1,$59.00 ,29,365,t,1,1,2,277,5,1,1,12,4,58,3422,4.2,4.4,5,5,4.4,3.8,4.2,f,18,2,16,0,0.24
9.99917E+17,100%,96%,t,20,29,t,t,Dorchester,42.28229899,-71.07333876,Private room in rental unit,Private room,2,1.5,1,1,$60.00 ,29,365,t,0,0,21,296,5,3,0,30,3,174,10440,5,5,5,5,4.8,4.4,5,f,18,2,16,0,0.27
1.0001E+18,98%,100%,,48,68,t,t,Brighton,42.34578332,-71.15759136,Private room in home,Private room,2,2,1,1,$77.00 ,29,365,t,15,45,75,255,11,10,2,85,7,255,19635,4.73,4.91,4.64,5,4.91,4.73,4.45,f,5,0,5,0,0.52
1.00017E+18,98%,100%,,48,68,t,t,Brighton,42.34626392,-71.15584196,Private room in home,Private room,2,,,,,2,365,t,16,46,76,255,15,7,0,85,11,42,,4.2,4.33,4,4.6,4.33,4.33,4.13,f,5,0,5,0,0.89
1.00019E+18,98%,100%,,48,68,t,t,Brighton,42.34789,-71.15807,Private room in home,Private room,3,2,1,2,$81.00 ,29,365,t,8,36,66,166,40,30,2,76,22,255,20655,4.48,4.58,4.45,4.9,4.5,4.5,4.35,f,5,0,5,0,2.43
1.00074E+18,100%,100%,f,52,57,t,t,Back Bay,42.34361,-71.0819,Entire rental unit,Entire home/apt,2,1,0,1,$193.00 ,29,365,t,7,29,59,230,35,12,0,68,24,255,49215,4.89,4.94,4.86,4.71,4.97,5,4.69,f,52,52,0,0,1.48
1.00299E+18,100%,96%,t,4,4,t,t,West Roxbury,42.27814752,-71.1481065,Private room in villa,Private room,2,2,1,1,$80.00 ,1,365,t,17,44,74,254,45,23,2,84,32,138,11040,4.96,4.98,4.96,4.96,5,5,4.93,f,4,0,4,0,2.06
1.00335E+18,N/A,0%,f,1,1,t,f,Mission Hill,42.33234257,-71.11292608,Entire rental unit,Entire home/apt,6,1,2,3,$217.00 ,91,365,t,23,31,31,147,0,0,0,31,0,0,0,,,,,,,,f,1,1,0,0,
1.00353E+18,100%,93%,,280,445,t,t,Beacon Hill,42.35864,-71.07086,Entire rental unit,Entire home/apt,4,1,2,2,$110.00 ,29,365,t,0,0,8,168,4,3,1,17,2,174,19140,4.5,4.75,4.75,5,5,4.75,3.5,f,115,52,63,0,0.3
1.00356E+18,N/A,97%,t,1,1,t,t,Roslindale,42.27349,-71.11965,Private room in home,Private room,2,1.5,1,1,$85.00 ,1,28,t,0,0,0,51,52,30,0,0,32,180,15300,5,5,4.98,5,5,4.87,4.92,f,1,0,1,0,2.26
1.0046E+18,90%,94%,f,13,13,t,t,Dorchester,42.31908,-71.05463,Private room in rental unit,Private room,2,2,1,1,$118.00 ,29,60,t,12,39,69,344,38,7,0,79,13,255,30090,4.87,4.95,4.89,4.92,4.82,4.82,4.87,f,13,0,13,0,1.64
1.00461E+18,90%,94%,f,13,13,t,t,Dorchester,42.31794145,-71.05426593,Private room in rental unit,Private room,3,2,4,1,$118.00 ,29,60,t,10,38,68,343,19,6,0,78,6,255,30090,4.74,4.95,4.95,4.95,4.79,4.79,4.74,f,13,0,13,0,0.86
1.00666E+18,100%,100%,f,543,1254,t,t,Hyde Park,42.24883,-71.12157,Entire rental unit,Entire home/apt,6,1,3,4,$214.00 ,29,1125,t,5,25,46,321,31,6,0,56,27,255,54570,4.77,4.81,4.9,4.84,4.71,4.81,4.61,t,4,4,0,0,1.42
1.00732E+18,100%,96%,t,20,29,t,t,Dorchester,42.2822991,-71.0733387,Private room in rental unit,Private room,1,1.5,1,1,$60.00 ,29,365,t,0,0,0,13,3,1,0,0,1,58,3480,4.67,5,5,5,5,4.67,4.67,f,18,2,16,0,0.14
1.00736E+18,100%,100%,f,3,4,t,t,Dorchester,42.3140755,-71.0571589,Private room in home,Private room,1,1,1,1,$54.00 ,29,365,t,0,0,2,181,0,0,0,11,0,0,0,,,,,,,,f,3,0,3,0,
1.00748E+18,100%,96%,t,20,29,t,t,Dorchester,42.28229899,-71.07333876,Private room in rental unit,Private room,1,1.5,1,1,$84.00 ,29,730,t,0,19,49,324,5,2,1,59,2,116,9744,5,4.8,5,5,4.8,3.4,4.4,f,18,2,16,0,0.23
1.00748E+18,100%,96%,t,20,29,t,t,Dorchester,42.28229899,-71.07333876,Private room in rental unit,Private room,2,1.5,1,1,$76.00 ,29,365,t,0,0,1,276,5,2,0,11,3,116,8816,4,3.8,4.6,4.2,3.8,2.4,3.6,f,18,2,16,0,0.23
1.00749E+18,100%,96%,t,20,29,t,t,Dorchester,42.28229899,-71.07333876,Private room in rental unit,Private room,2,1.5,1,1,$76.00 ,29,365,t,0,0,8,283,4,2,1,17,2,116,8816,5,5,5,5,5,4.5,4.75,f,18,2,16,0,0.27
1.00749E+18,100%,96%,t,20,29,t,t,Dorchester,42.28110811,-71.07406305,Entire rental unit,Entire home/apt,12,,4,,,29,365,t,0,0,0,0,0,0,0,0,0,0,,,,,,,,,t,18,2,16,0,
1.00752E+18,100%,96%,t,20,29,t,t,Dorchester,42.28229899,-71.07333876,Private room in rental unit,Private room,1,1.5,1,1,$60.00 ,30,365,t,0,0,1,181,6,4,0,11,3,240,14400,4.83,5,5,5,4.67,4.17,5,f,18,2,16,0,0.32
1.00863E+18,100%,62%,f,184,251,t,t,North End,42.3661862,-71.0521678,Entire rental unit,Entire home/apt,2,1,1,1,$202.00 ,10,730,t,3,33,63,338,7,3,0,73,4,60,12120,5,4.86,5,5,4.86,5,4.43,t,55,55,0,0,0.31
1.00875E+18,87%,89%,,11,14,t,t,Allston,42.3515002,-71.1408802,Entire home,Entire home/apt,6,1,3,3,$352.00 ,29,365,t,1,1,10,189,12,2,0,19,11,116,40832,4.92,5,4.67,5,4.83,4.92,4.75,f,4,4,0,0,0.63
1.00949E+18,100%,91%,t,1,5,t,t,East Boston,42.36533,-71.03132,Entire rental unit,Entire home/apt,4,2,2,2,$275.00 ,1,365,t,4,17,41,131,135,71,9,51,78,255,70125,4.96,4.96,4.96,4.96,4.97,4.81,4.81,f,1,1,0,0,5.9
1.01066E+18,100%,96%,f,5084,5865,t,t,Bay Village,42.34992,-71.06943,Entire rental unit,Entire home/apt,2,1,1,1,$469.00 ,32,1125,t,0,0,1,142,0,0,0,1,0,0,0,,,,,,,,t,343,343,0,0,
1.01066E+18,100%,96%,f,5084,5865,t,t,Bay Village,42.34992,-71.06943,Entire rental unit,Entire home/apt,2,1,1,1,$438.00 ,32,1125,t,0,0,0,55,0,0,0,0,0,0,0,,,,,,,,t,343,343,0,0,
1.01071E+18,98%,50%,f,602,1413,t,t,Fenway,42.3429164,-71.09521981,Entire rental unit,Entire home/apt,2,,1,,,91,365,t,0,0,3,64,0,0,0,12,0,0,,,,,,,,,f,51,4,47,0,
1.01072E+18,98%,50%,f,602,1413,t,t,North End,42.36645,-71.05514,Entire rental unit,Entire home/apt,2,1,1,1,$114.00 ,31,365,t,0,22,52,114,0,0,0,62,0,0,0,,,,,,,,f,51,4,47,0,
1.01072E+18,98%,50%,f,602,1413,t,t,North End,42.36523406,-71.05502657,Entire rental unit,Entire home/apt,2,1,1,1,$84.00 ,91,365,t,0,0,22,124,0,0,0,32,0,0,0,,,,,,,,f,51,4,47,0,
1.01168E+18,100%,100%,t,10,37,t,t,Jamaica Plain,42.30945,-71.10263,Entire condo,Entire home/apt,7,2,3,4,$346.00 ,30,1125,t,9,19,34,295,42,27,4,44,21,255,88230,4.88,4.83,4.81,4.95,4.95,4.69,4.62,t,5,5,0,0,1.91
1.01173E+18,33%,28%,f,33,75,t,t,Downtown,42.36644,-71.06464,Entire rental unit,Entire home/apt,5,1,2,2,$998.00 ,4,365,t,29,59,89,360,0,0,0,99,0,0,0,,,,,,,,f,16,16,0,0,
1.01218E+18,90%,94%,f,13,13,t,t,Dorchester,42.31743532,-71.05464129,Private room in rental unit,Private room,3,1,1,1,$118.00 ,29,60,t,11,38,68,343,47,12,0,78,27,255,30090,4.89,4.89,4.87,4.93,4.83,4.89,4.81,f,13,0,13,0,2.04
1.0122E+18,90%,94%,f,13,13,t,t,Dorchester,42.3181,-71.054,Private room in rental unit,Private room,3,1,1,1,$118.00 ,29,30,t,11,39,69,344,29,2,0,79,13,116,13688,4.86,4.9,4.97,4.86,4.79,4.69,4.93,f,13,0,13,0,1.25
1.01322E+18,33%,28%,f,33,75,t,t,Jamaica Plain,42.32842,-71.11058,Entire rental unit,Entire home/apt,4,2,2,3,$839.00 ,1,365,t,29,59,89,358,2,2,0,99,0,12,10068,5,4.5,5,5,4.5,5,5,f,16,16,0,0,0.45
1.01323E+18,33%,28%,f,33,75,t,t,Jamaica Plain,42.32845,-71.111,Entire rental unit,Entire home/apt,6,2,2,3,$839.00 ,29,365,t,29,59,89,364,0,0,0,99,0,0,0,,,,,,,,f,16,16,0,0,
1.01381E+18,N/A,33%,f,1,3,t,f,Dorchester,42.29889,-71.06402,Private room in home,Private room,1,1.5,1,1,$150.00 ,1,365,t,23,53,83,263,1,1,0,93,0,6,900,5,4,5,5,5,5,4,f,1,0,1,0,0.19
1.01386E+18,100%,100%,,12,18,t,f,Dorchester,42.31184897,-71.05148773,Entire rental unit,Entire home/apt,8,2,3,4,$337.00 ,2,365,t,11,38,68,244,72,31,3,78,50,186,62682,4.9,4.93,4.9,4.93,4.94,4.81,4.76,f,9,9,0,0,3.42
1.01387E+18,99%,99%,f,15,22,t,t,Downtown,42.36629,-71.05851,Entire rental unit,Entire home/apt,5,1,2,3,$253.00 ,2,365,t,5,21,32,264,95,42,1,34,58,252,63756,4.56,4.63,4.51,4.79,4.73,4.88,4.46,f,10,10,0,0,4.23
1.01393E+18,100%,97%,t,1,1,t,t,Roxbury,42.32802,-71.0947,Entire rental unit,Entire home/apt,3,1,2,2,$136.00 ,2,90,t,3,6,6,6,109,39,6,6,81,234,31824,4.81,4.81,4.72,4.92,4.75,4.62,4.7,f,1,1,0,0,4.85
1.01429E+18,100%,96%,f,5084,5865,t,t,Downtown,42.3537627,-71.0530544,Entire rental unit,Entire home/apt,2,1,1,1,$302.00 ,32,1125,t,0,0,0,26,0,0,0,0,0,0,0,,,,,,,,t,343,343,0,0,
1.01455E+18,100%,96%,t,20,29,t,t,Dorchester,42.28328,-71.07392,Private room in rental unit,Private room,2,1.5,1,1,$65.00 ,30,365,t,0,0,0,22,0,0,0,0,0,0,0,,,,,,,,f,18,2,16,0,
1.01484E+18,100%,99%,t,1,1,t,t,South Boston,42.33951,-71.04908,Entire rental unit,Entire home/apt,5,2,2,2,$401.00 ,1,365,t,9,28,55,220,152,79,5,60,85,255,102255,4.93,4.97,4.99,4.97,4.97,4.92,4.82,f,1,1,0,0,6.81
1.01587E+18,100%,97%,t,11,11,t,t,Longwood Medical Area,42.3383407,-71.1066156,Room in hotel,Private room,4,1,1,2,,1,365,t,19,43,72,82,0,0,0,81,0,0,,,,,,,,,t,6,0,6,0,
1.01598E+18,91%,100%,f,17,17,t,t,Brighton,42.3417319,-71.1431193,Private room in bed and breakfast,Private room,2,1,1,1,$302.00 ,1,365,t,26,56,86,361,4,0,0,95,1,0,0,3.5,3.5,3.75,4.75,4.25,4,3.25,t,3,0,3,0,0.17
1.01605E+18,100%,75%,t,4,6,t,t,Dorchester,42.29729627,-71.07495619,Private room in rental unit,Private room,2,1,1,1,$71.00 ,31,365,t,7,7,28,128,2,0,0,38,2,0,0,5,5,5,5,5,4.5,4.5,f,4,1,3,0,0.1
1.01607E+18,100%,75%,t,4,6,t,t,Dorchester,42.29909119,-71.0746223,Private room in rental unit,Private room,2,1,1,1,$57.00 ,31,365,t,2,2,2,95,4,1,0,5,4,62,3534,5,5,5,5,5,4.5,5,f,4,1,3,0,0.2
1.01612E+18,100%,75%,t,4,6,t,t,Dorchester,42.29847,-71.07686,Private room in rental unit,Private room,2,1,1,1,$56.00 ,31,365,t,0,0,15,114,4,1,0,24,3,62,3472,5,5,5,4.75,5,4.75,5,f,4,1,3,0,0.22
1.01677E+18,33%,28%,f,33,75,t,t,Jamaica Plain,42.32854,-71.11176,Entire rental unit,Entire home/apt,4,2,2,3,$839.00 ,29,365,t,30,60,90,364,0,0,0,99,0,0,0,,,,,,,,f,16,16,0,0,
1.01679E+18,33%,28%,f,33,75,t,t,Jamaica Plain,42.32866,-71.11061,Entire rental unit,Entire home/apt,5,2,2,3,$839.00 ,29,365,t,29,59,89,364,3,0,0,99,3,0,0,4,5,3.67,5,4.67,4.33,3.67,f,16,16,0,0,0.21
1.01829E+18,100%,99%,t,42,50,t,t,Bay Village,42.3504464,-71.0681866,Entire rental unit,Entire home/apt,6,2,2,6,$506.00 ,29,365,t,0,0,0,0,35,10,0,0,31,255,129030,4.77,4.49,4.86,4.8,5,4.89,4.57,t,9,9,0,0,1.55
1.01839E+18,100%,95%,,18,20,t,t,Roxbury,42.3167015,-71.09033,Private room in rental unit,Private room,2,2,1,1,$68.00 ,2,29,t,16,46,76,256,21,8,2,86,15,48,3264,4.62,4.62,4.52,4.76,4.9,4.43,4.52,t,1,0,1,0,1.05
1.01896E+18,100%,100%,f,39,74,t,t,Downtown,42.35514,-71.06029,Entire rental unit,Entire home/apt,8,2,4,6,$618.00 ,1,365,t,2,6,6,6,110,60,2,6,61,255,157590,4.75,4.71,4.92,4.87,4.91,4.84,4.59,t,39,39,0,0,4.83
1.0195E+18,100%,96%,f,5084,5865,t,t,Bay Village,42.34992,-71.06943,Entire rental unit,Entire home/apt,2,1,1,1,$436.00 ,32,1125,t,0,0,0,50,0,0,0,0,0,0,0,,,,,,,,t,343,343,0,0,
1.01958E+18,97%,96%,t,10,13,t,t,Dorchester,42.315224,-71.06012639,Private room in rental unit,Private room,1,1,1,1,$59.00 ,91,365,t,0,23,23,143,0,0,0,23,0,0,0,,,,,,,,f,4,0,4,0,
1.02032E+18,100%,97%,f,1,1,t,t,Mattapan,42.27187898,-71.10258345,Entire rental unit,Entire home/apt,2,1,1,1,$198.00 ,29,730,t,21,51,77,352,69,20,4,86,50,255,50490,4.88,4.86,4.93,4.9,4.99,4.67,4.68,f,1,1,0,0,3.03
1.02117E+18,100%,96%,t,4,4,t,t,West Roxbury,42.27806935,-71.14832114,Private room in villa,Private room,3,2,1,2,$80.00 ,1,1125,t,15,39,69,249,46,23,5,79,29,138,11040,4.96,4.96,4.96,4.93,4.98,4.93,4.91,f,4,0,4,0,2.04
1.02119E+18,100%,96%,t,4,4,t,t,West Roxbury,42.27645687,-71.14642771,Private room in villa,Private room,2,2,1,2,$80.00 ,1,365,t,17,47,77,257,37,21,2,87,21,126,10080,5,5,5,5,5,4.95,5,f,4,0,4,0,1.74
1.02175E+18,100%,100%,f,2,4,t,t,Jamaica Plain,42.3040125,-71.11837146,Entire home,Entire home/apt,5,1,2,2,$288.00 ,2,365,t,0,2,10,10,51,24,1,10,37,144,41472,4.92,4.96,4.84,4.94,4.92,4.88,4.82,t,2,2,0,0,2.4
1.0224E+18,100%,99%,t,4,4,t,t,Roxbury,42.31831609,-71.07806071,Entire condo,Entire home/apt,4,1,1,2,$157.00 ,2,365,t,12,32,62,237,80,34,0,72,54,204,32028,4.98,4.98,4.91,4.98,5,4.53,4.9,f,3,3,0,0,3.55
1.02243E+18,100%,100%,f,55,56,t,t,Allston,42.35934692,-71.13100193,Private room in home,Private room,2,1,1,2,$81.00 ,1,365,t,16,44,74,349,148,83,3,84,82,255,20655,4.7,4.81,4.69,4.95,4.87,4.86,4.69,t,17,0,17,0,6.56
1.02255E+18,100%,100%,f,2,3,t,t,Roslindale,42.2907942,-71.1232016,Entire rental unit,Entire home/apt,5,1,2,3,$220.00 ,3,100,t,16,21,44,315,22,8,0,53,13,48,10560,4.14,4.36,4.32,4.55,4.55,4.14,4.14,t,2,2,0,0,0.98
1.02261E+18,99%,99%,f,15,22,t,t,North End,42.36769881,-71.05652551,Entire rental unit,Entire home/apt,8,2,4,4,$293.00 ,2,365,t,10,32,47,281,91,37,0,49,58,222,65046,4.3,4.43,4.4,4.86,4.66,4.88,4.37,t,10,10,0,0,4
1.02263E+18,100%,100%,t,130,133,t,t,Beacon Hill,42.36059692,-71.0666938,Entire rental unit,Entire home/apt,2,1,1,1,$234.00 ,1,365,t,21,49,79,147,71,33,5,88,44,198,46332,4.62,4.69,4.57,4.99,4.94,4.93,4.54,t,36,36,0,0,3.15
1.02269E+18,99%,99%,f,15,22,t,t,North End,42.36572,-71.05739,Entire rental unit,Entire home/apt,4,1,1,2,$179.00 ,2,365,t,4,15,28,242,103,44,3,31,66,255,45645,4.73,4.76,4.65,4.95,4.83,4.95,4.63,f,10,10,0,0,4.56
1.0227E+18,87%,76%,f,102,193,t,t,Back Bay,42.34383,-71.08303,Entire rental unit,Entire home/apt,6,2,3,3,$391.00 ,4,365,t,15,25,49,310,15,1,0,54,14,8,3128,4.67,4.53,4.47,4.73,4.8,4.93,4.2,t,72,72,0,0,0.71
1.02271E+18,98%,100%,,15,15,t,t,Beacon Hill,42.36074191,-71.06712585,Entire rental unit,Entire home/apt,2,1,1,1,$300.00 ,1,365,t,19,49,79,178,48,28,1,88,28,168,50400,4.54,4.63,4.54,4.94,4.83,4.83,4.48,t,1,1,0,0,2.77
1.02327E+18,100%,100%,t,130,133,t,t,South End,42.34085,-71.07557,Entire rental unit,Entire home/apt,2,1,0,1,$203.00 ,1,365,t,20,50,80,148,47,22,2,89,27,132,26796,4.66,4.72,4.62,4.94,4.83,4.91,4.45,t,36,36,0,0,2.1
1.02335E+18,87%,76%,f,102,193,t,t,Jamaica Plain,42.32854,-71.11036,Entire rental unit,Entire home/apt,6,2,2,3,$505.00 ,29,365,t,27,57,87,246,21,13,2,87,8,255,128775,4.76,4.86,4.71,4.76,4.71,4.62,4.29,t,72,72,0,0,1
1.02341E+18,87%,76%,f,102,193,t,t,Mission Hill,42.32981704,-71.11246503,Entire rental unit,Entire home/apt,8,2,3,4,$409.00 ,29,365,t,30,60,90,365,2,2,0,100,1,116,47444,3.5,3.5,3,3.5,4.5,4,3.5,f,72,72,0,0,0.22
1.02342E+18,87%,76%,f,102,193,t,t,Jamaica Plain,42.32878,-71.11218,Entire rental unit,Entire home/apt,5,2,2,2,$362.00 ,29,365,t,26,46,46,207,22,18,3,46,6,255,92310,4.95,4.95,4.82,5,4.86,4.77,4.59,f,72,72,0,0,1.03
1.02343E+18,87%,76%,f,102,193,t,t,Jamaica Plain,42.32841,-71.111,Entire rental unit,Entire home/apt,6,2,2,5,$399.00 ,29,365,t,0,0,0,161,13,4,0,0,10,232,92568,4.69,4.62,4.85,4.92,4.69,4.62,4.38,f,72,72,0,0,0.6
1.02343E+18,100%,100%,t,7,8,t,t,Roxbury,42.32776746,-71.08654071,Entire rental unit,Entire home/apt,2,1,1,1,$174.00 ,1,365,t,2,9,15,15,148,133,8,15,46,255,44370,4.81,4.86,4.73,4.87,4.93,4.68,4.78,f,7,1,6,0,11.04
1.02345E+18,87%,76%,f,102,193,t,t,South Boston Waterfront,42.34313,-71.04501,Entire rental unit,Entire home/apt,7,2,2,3,$381.00 ,4,365,t,19,43,43,252,19,13,2,43,6,104,39624,4.68,4.68,4.95,4.63,4.63,4.58,4.53,t,72,72,0,0,0.95
1.02348E+18,87%,76%,f,102,193,t,t,Downtown,42.35078,-71.06499,Entire rental unit,Entire home/apt,6,2,2,5,$428.00 ,4,365,t,8,28,53,287,11,10,2,59,3,80,34240,5,4.82,4.91,4.82,4.91,4.91,4.36,t,72,72,0,0,0.89
1.02348E+18,87%,76%,f,102,193,t,t,Back Bay,42.3492,-71.08039,Entire rental unit,Entire home/apt,5,2,2,3,$799.00 ,4,365,t,22,49,79,354,9,5,0,88,7,40,31960,5,5,4.89,4.89,4.89,5,4.67,f,72,72,0,0,0.43
1.02369E+18,N/A,N/A,f,2,4,t,t,Chinatown,42.35202763,-71.05924819,Entire rental unit,Entire home/apt,2,0,1,1,"$9,751.00 ",99,365,,30,60,90,114,0,0,0,99,0,0,0,,,,,,,,f,1,1,0,0,
1.0239E+18,100%,100%,f,7,9,t,f,Fenway,42.34147619,-71.09977461,Entire rental unit,Entire home/apt,5,1,3,3,$255.00 ,1,365,t,16,33,63,132,131,60,10,73,80,255,65025,4.64,4.69,4.63,4.86,4.92,4.85,4.44,t,7,7,0,0,5.88
1.02397E+18,89%,94%,f,19,49,t,t,Downtown,42.36717,-71.05893,Entire rental unit,Entire home/apt,9,1,3,6,$191.00 ,29,365,t,26,56,86,361,72,46,0,96,40,255,48705,4.64,4.61,4.63,4.79,4.76,4.9,4.49,f,14,12,2,0,3.42
1.02401E+18,93%,93%,f,12,32,t,f,East Boston,42.37809942,-71.03205981,Entire rental unit,Entire home/apt,3,1,0,2,$139.00 ,3,365,t,10,25,55,235,56,38,1,65,32,228,31692,4.77,4.82,4.3,4.98,5,4.95,4.68,t,12,12,0,0,2.66
1.02401E+18,87%,76%,f,102,193,t,t,Jamaica Plain,42.32835,-71.11052,Entire rental unit,Entire home/apt,4,2,2,3,$466.00 ,29,365,t,30,60,90,365,5,0,0,100,4,0,0,5,5,5,5,5,5,5,f,72,72,0,0,0.24
1.02402E+18,93%,93%,f,12,32,t,f,Roslindale,42.27966142,-71.11763174,Entire home,Entire home/apt,6,1,3,3,$236.00 ,3,365,t,6,28,57,57,35,16,0,57,25,96,22656,4.57,4.54,4.37,4.77,4.94,4.4,4.54,f,12,12,0,0,1.55
1.02403E+18,100%,100%,,5,5,t,t,Fenway,42.3478262,-71.0904279,Entire rental unit,Entire home/apt,2,1,0,1,$206.00 ,1,365,t,16,46,76,236,69,31,5,85,43,186,38316,4.7,4.72,4.71,4.87,4.81,4.94,4.63,t,2,2,0,0,3.05
1.02403E+18,100%,100%,f,7,9,t,f,Fenway,42.34272603,-71.09958198,Entire rental unit,Entire home/apt,4,1,2,2,$317.00 ,1,365,t,3,31,48,93,96,45,5,51,57,255,80835,4.79,4.84,4.74,4.95,4.97,4.95,4.65,t,7,7,0,0,4.4
1.02421E+18,90%,94%,f,13,13,t,t,Dorchester,42.32433,-71.06019,Private room in rental unit,Private room,3,2,1,1,$118.00 ,1,30,t,10,39,69,343,39,5,0,78,31,30,3540,4.64,4.72,4.77,4.85,4.74,4.85,4.59,f,13,0,13,0,1.75
1.02423E+18,87%,76%,f,102,193,t,t,Jamaica Plain,42.32828,-71.11215,Entire rental unit,Entire home/apt,6,2,2,5,$457.00 ,29,365,t,30,60,90,341,20,17,1,100,8,255,116535,4.9,4.95,4.85,4.9,4.85,4.75,4.65,f,72,72,0,0,1.38
1.02425E+18,90%,94%,f,13,13,t,t,Dorchester,42.32428,-71.05868,Private room in rental unit,Private room,3,2,1,1,$118.00 ,1,30,t,14,40,67,342,49,11,0,77,30,66,7788,4.78,4.9,4.73,4.84,4.73,4.78,4.73,f,13,0,13,0,2.18
1.02425E+18,87%,76%,f,102,193,t,t,Jamaica Plain,42.32825,-71.11078,Entire rental unit,Entire home/apt,4,2,2,3,$328.00 ,29,365,t,30,60,90,365,9,7,0,100,3,255,83640,5,5,4.78,4.89,5,5,4.78,f,72,72,0,0,0.54
1.02426E+18,90%,94%,f,13,13,t,t,Dorchester,42.32320737,-71.06063382,Private room in rental unit,Private room,2,2,1,1,$118.00 ,1,60,t,9,35,64,339,33,2,0,74,27,12,1416,4.79,4.91,4.67,4.91,4.76,4.82,4.73,f,13,0,13,0,1.49
1.02428E+18,90%,94%,f,13,13,t,t,Dorchester,42.32428691,-71.06022887,Private room in rental unit,Private room,2,2,1,1,$118.00 ,1,60,t,7,30,60,334,28,2,0,69,24,12,1416,4.75,4.71,4.64,4.86,4.71,4.71,4.5,f,13,0,13,0,1.25
1.02437E+18,100%,96%,f,5084,5865,t,t,South End,42.3365973,-71.0742753,Entire rental unit,Entire home/apt,4,1.5,2,2,$368.00 ,32,1125,t,1,31,61,336,0,0,0,71,0,0,0,,,,,,,,t,343,343,0,0,
1.02446E+18,100%,98%,f,3,4,t,t,Dorchester,42.29204,-71.0744,Private room in home,Private room,2,2,1,1,$96.00 ,1,30,t,21,51,81,356,53,26,3,91,30,156,14976,4.74,4.75,4.68,4.87,4.89,4.68,4.64,f,3,0,3,0,2.35
1.02446E+18,100%,98%,f,3,4,t,t,Dorchester,42.29325,-71.07544,Private room in home,Private room,2,2,1,1,$96.00 ,1,30,t,24,54,84,173,28,14,0,93,20,84,8064,4.5,4.61,4.64,4.61,4.79,4.5,4.14,f,3,0,3,0,1.66
1.02453E+18,100%,94%,f,23,23,t,t,Dorchester,42.30329734,-71.06584981,Private room in rental unit,Private room,2,1.5,1,1,$108.00 ,29,29,t,1,22,51,326,10,1,0,61,6,58,6264,4.8,4.9,4.7,5,4.7,4.4,4.7,f,23,2,21,0,0.45
1.02453E+18,100%,94%,f,23,23,t,t,Dorchester,42.30317004,-71.06408066,Private room in rental unit,Private room,2,1.5,1,2,$108.00 ,29,29,t,1,9,30,285,24,10,0,33,18,255,27540,4.92,4.92,5,5,4.88,4.71,4.91,f,23,2,21,0,1.06
1.02456E+18,100%,94%,f,23,23,t,t,Dorchester,42.30326018,-71.06580831,Private room in rental unit,Private room,2,,,,,29,29,t,4,29,59,325,3,1,0,68,0,58,,5,4.67,5,5,5,4.67,5,f,23,2,21,0,0.13
1.0246E+18,100%,100%,f,39,74,t,t,Downtown,42.35508849,-71.06087801,Entire rental unit,Entire home/apt,2,,1,,,29,365,t,0,0,0,0,7,7,0,0,0,255,,5,5,5,5,5,5,5,t,39,39,0,0,0.8
1.02461E+18,100%,100%,f,39,74,t,t,Downtown,42.35562,-71.06243,Entire rental unit,Entire home/apt,4,,2,,,29,365,t,0,1,1,1,4,4,0,1,0,232,,4.5,4.5,5,4.25,5,4.25,4.5,t,39,39,0,0,0.46
1.02461E+18,100%,100%,f,39,74,t,t,Downtown,42.35708818,-71.062358,Entire rental unit,Entire home/apt,2,,,,,29,365,t,1,6,6,6,10,10,0,6,0,255,,4.9,5,5,5,5,4.7,4.9,t,39,39,0,0,1.15
1.02465E+18,100%,100%,f,4,12,t,t,Downtown,42.35053531,-71.06397943,Entire rental unit,Entire home/apt,4,1,1,2,$210.00 ,1,365,t,3,18,48,323,63,26,1,57,42,156,32760,4.7,4.67,4.7,4.92,4.95,4.95,4.63,t,3,3,0,0,2.89
1.02473E+18,100%,100%,f,40,74,t,t,Fenway,42.34875257,-71.09304196,Entire rental unit,Entire home/apt,2,1,1,1,$217.00 ,29,365,t,1,1,1,132,57,11,0,2,52,255,55335,4.67,4.65,4.82,4.86,4.84,4.86,4.49,t,40,40,0,0,2.53
1.02473E+18,100%,100%,t,22,75,t,f,Back Bay,42.3497769,-71.089541,Entire rental unit,Entire home/apt,3,1,1,1,$304.00 ,5,365,t,6,36,66,245,43,24,1,75,22,240,72960,4.84,4.88,4.86,4.98,4.98,4.98,4.79,t,18,18,0,0,1.98
1.02478E+18,100%,100%,f,39,74,t,t,Downtown,42.3555,-71.06071856,Entire rental unit,Entire home/apt,2,,1,,,29,365,t,0,1,1,1,4,4,1,1,0,232,,5,4.75,5,4.5,5,4.75,4.75,t,39,39,0,0,0.54
1.02478E+18,100%,100%,f,39,74,t,t,Longwood Medical Area,42.34197,-71.10255,Entire rental unit,Entire home/apt,2,,,,,29,365,t,0,0,0,0,47,15,0,0,41,255,,4.77,4.83,4.83,4.81,4.94,4.91,4.66,f,39,39,0,0,2.23
1.02496E+18,100%,94%,f,23,23,t,t,Dorchester,42.30309,-71.0657,Private room in rental unit,Private room,2,1.5,1,1,$108.00 ,29,29,t,6,34,64,244,17,8,0,74,8,255,27540,4.82,4.94,4.82,4.88,4.76,4.82,4.88,f,23,2,21,0,0.75
1.02497E+18,100%,94%,f,23,23,t,t,Dorchester,42.30362,-71.066,Private room in rental unit,Private room,3,1.5,1,1,$108.00 ,29,30,t,14,41,71,251,19,4,0,81,7,232,25056,4.68,4.74,4.74,4.89,4.79,4.68,4.68,f,23,2,21,0,0.85
1.02497E+18,100%,94%,f,23,23,t,t,Dorchester,42.30131,-71.0647,Private room in rental unit,Private room,2,1.5,1,1,$108.00 ,29,30,t,4,28,58,153,17,5,0,68,5,255,27540,4.94,5,5,4.94,4.82,4.59,4.94,f,23,2,21,0,0.76
1.02497E+18,100%,94%,f,23,23,t,t,Dorchester,42.30322,-71.06434,Private room in rental unit,Private room,2,,,,,29,30,t,9,29,58,237,10,3,0,67,2,174,,4.9,5,4.9,5,5,4.6,4.9,f,23,2,21,0,0.45
1.02497E+18,100%,94%,f,23,23,t,t,Dorchester,42.3015025,-71.06572356,Private room in rental unit,Private room,2,1.5,1,1,$108.00 ,29,30,t,7,25,54,227,26,7,0,64,10,255,27540,4.77,4.88,4.92,4.81,4.85,4.77,4.81,f,23,2,21,0,1.16
1.02501E+18,100%,99%,t,11,44,t,t,Downtown,42.35122515,-71.06298213,Entire rental unit,Entire home/apt,3,1,1,1,$218.00 ,29,365,t,0,20,50,324,77,22,0,59,68,255,55590,4.83,4.86,4.81,4.73,4.86,4.62,4.58,t,11,11,0,0,3.49
1.02526E+18,100%,100%,f,39,74,t,t,Fenway,42.34709,-71.10403,Entire rental unit,Entire home/apt,2,1,0,1,$416.00 ,29,365,t,0,0,0,0,56,7,0,0,56,255,106080,4.59,4.63,4.82,4.66,4.88,4.82,4.41,f,39,39,0,0,2.73
1.02528E+18,100%,100%,f,39,74,t,t,Downtown,42.35055,-71.06672,Entire rental unit,Entire home/apt,2,1,1,1,$263.00 ,29,365,t,10,39,69,248,48,14,0,78,42,255,67065,4.56,4.69,4.85,4.85,4.92,4.48,4.48,f,39,39,0,0,2.29
1.02542E+18,100%,100%,f,40,74,t,t,Downtown,42.35524926,-71.05802317,Entire rental unit,Entire home/apt,2,1,1,1,$274.00 ,1,365,t,1,14,38,259,74,38,3,47,44,228,62472,4.65,4.72,4.7,4.84,4.95,4.61,4.43,f,40,40,0,0,3.31
1.02556E+18,100%,99%,t,11,44,t,t,Downtown,42.35338689,-71.06355823,Entire rental unit,Entire home/apt,3,1,1,1,$218.00 ,29,365,t,5,19,47,312,89,25,0,56,75,255,55590,4.85,4.87,4.9,4.87,4.97,4.85,4.7,t,11,11,0,0,3.96
1.02571E+18,100%,99%,t,11,44,t,t,Fenway,42.34391345,-71.10071764,Entire rental unit,Entire home/apt,5,1,1,2,$254.00 ,29,365,t,27,57,87,362,93,25,0,97,84,255,64770,4.85,4.88,4.92,4.78,4.9,4.9,4.71,f,11,11,0,0,4.15
1.02604E+18,100%,100%,t,39,40,t,t,Brighton,42.34807,-71.14465,Entire rental unit,Entire home/apt,2,1,1,2,$169.00 ,1,365,t,13,38,68,136,72,41,4,77,38,246,41574,4.89,4.77,4.93,4.77,4.92,4.92,4.77,t,39,39,0,0,3.23
1.02627E+18,100%,100%,f,2,3,t,t,Roslindale,42.28964366,-71.12413762,Entire rental unit,Entire home/apt,5,1,2,2,$225.00 ,3,100,t,0,0,0,262,6,1,0,0,4,6,1350,4.83,5,4.5,5,5,5,5,f,2,2,0,0,0.28
1.02633E+18,100%,94%,f,23,23,t,t,Dorchester,42.30347,-71.06532,Private room in rental unit,Private room,2,1.5,1,1,$108.00 ,29,30,t,9,37,67,247,17,4,0,77,9,232,25056,4.65,4.82,4.76,4.29,4.59,4.53,4.59,f,23,2,21,0,0.77
1.02636E+18,100%,94%,f,23,23,t,t,Dorchester,42.30145,-71.06463,Private room in rental unit,Private room,2,1.5,1,1,$108.00 ,29,30,t,7,23,53,223,18,2,0,62,13,116,12528,5,5,4.89,4.94,4.89,4.72,4.89,f,23,2,21,0,0.81
1.02638E+18,89%,94%,f,19,49,t,t,North End,42.36551303,-71.05496857,Entire rental unit,Entire home/apt,6,2,3,3,$401.00 ,3,365,t,5,22,41,294,87,59,4,47,43,255,102255,4.82,4.9,4.74,4.94,4.73,5,4.73,f,14,12,2,0,4.54
1.02642E+18,87%,76%,f,102,193,t,t,Fenway,42.34636104,-71.10041863,Entire rental unit,Entire home/apt,5,,2,,,4,365,t,10,18,18,18,35,21,1,18,21,168,,4.74,4.66,4.71,4.77,4.74,4.89,4.57,t,72,72,0,0,1.84
1.0266E+18,99%,98%,f,20,22,t,t,Bay Village,42.348,-71.07093,Private room in rental unit,Private room,1,1,1,1,$113.00 ,2,90,t,7,18,39,244,7,3,0,48,4,18,2034,3.71,4.14,4.29,4.71,4.71,4.14,3.86,t,20,5,15,0,0.4
1.02661E+18,99%,100%,f,17,18,t,t,Bay Village,42.3484186,-71.0698384,Entire rental unit,Entire home/apt,2,1,1,1,$189.00 ,3,500,t,16,37,67,272,16,5,0,76,14,30,5670,4.19,4.13,4.25,4.81,4.88,4.38,4.06,t,17,8,8,1,0.81
1.02661E+18,99%,100%,f,17,18,t,t,Bay Village,42.348263,-71.069641,Private room in rental unit,Private room,1,1,0,1,$105.00 ,3,500,t,8,17,40,249,8,4,0,49,6,24,2520,3.75,3.63,3.63,4.5,4.5,4.25,3.75,t,17,8,8,1,0.5
1.02661E+18,99%,100%,f,17,18,t,t,Bay Village,42.34837,-71.06989,Entire rental unit,Entire home/apt,2,1,0,1,$224.00 ,3,500,t,9,26,56,331,7,3,0,65,4,18,4032,4.14,4.29,4.29,4,4.43,4.43,4.14,t,17,8,8,1,0.4
1.02661E+18,99%,100%,f,17,18,t,t,Bay Village,42.3485831,-71.0696013,Entire rental unit,Entire home/apt,2,1,1,1,$216.00 ,3,365,t,7,27,55,330,11,3,1,64,10,18,3888,3.27,3.45,3.73,4.64,4.55,4.55,3.27,t,17,8,8,1,0.55
1.02661E+18,99%,100%,f,17,18,t,t,Bay Village,42.3485831,-71.0696013,Entire rental unit,Entire home/apt,2,1,1,1,$176.00 ,2,500,t,6,28,58,333,6,2,0,67,4,12,2112,3.67,2.5,3.83,3.83,4.33,4.67,2.83,t,17,8,8,1,0.27
1.02697E+18,87%,76%,f,102,193,t,t,Fenway,42.34698,-71.10188,Entire rental unit,Entire home/apt,6,,2,,,4,365,t,19,44,70,312,19,5,0,79,15,40,,4.74,4.74,4.68,4.84,5,4.95,4.47,t,72,72,0,0,0.93
1.0278E+18,87%,76%,f,102,193,t,t,Fenway,42.34721776,-71.10205728,Entire rental unit,Entire home/apt,6,,2,,,4,365,t,15,42,72,347,44,22,1,81,30,176,,4.75,4.86,4.82,4.82,4.8,4.91,4.64,t,72,72,0,0,2.18
1.02862E+18,N/A,N/A,f,1,1,t,t,Brighton,42.34540861,-71.13646276,Entire rental unit,Entire home/apt,5,,3,,,3,29,,0,0,0,0,0,0,0,0,0,0,,,,,,,,,f,1,1,0,0,
1.02921E+18,95%,91%,f,117,207,t,t,Brighton,42.33908854,-71.14614328,Entire home,Entire home/apt,4,1,1,1,$143.00 ,180,1125,t,29,59,89,331,10,5,0,99,8,255,36465,4.8,4.9,4.9,4.4,4.8,4.9,4.4,f,33,33,0,0,0.61
1.02952E+18,100%,87%,f,14,22,t,t,Roxbury,42.33726,-71.08532,Entire rental unit,Entire home/apt,4,1,2,2,$363.00 ,29,1125,t,0,0,10,47,24,4,0,19,23,232,84216,4.75,4.75,4.96,4.71,4.88,4.5,4.42,f,12,12,0,0,1.1
1.02956E+18,100%,87%,f,14,22,t,t,Roxbury,42.3359043,-71.08357772,Entire rental unit,Entire home/apt,4,2,2,2,$449.00 ,29,1125,t,30,60,90,133,17,2,0,100,16,116,52084,4.88,5,5,5,5,4.69,4.88,f,12,12,0,0,0.83
1.02984E+18,100%,100%,t,35,76,t,t,West End,42.36142206,-71.06718317,Entire rental unit,Entire home/apt,4,1,2,2,$262.00 ,1,365,t,4,24,49,320,68,28,1,55,47,168,44016,4.81,4.85,4.69,4.97,4.91,4.97,4.59,t,23,23,0,0,3.22
1.02988E+18,97%,99%,f,6,6,t,t,Mission Hill,42.33182663,-71.09736514,Entire rental unit,Entire home/apt,4,1,1,2,$121.00 ,1,365,t,9,31,58,213,98,50,4,68,59,255,30855,4.69,4.71,4.81,4.82,4.53,4.72,4.68,f,3,3,0,0,4.4
1.02994E+18,98%,100%,f,2,3,t,t,Roxbury,42.32831689,-71.09606372,Entire rental unit,Entire home/apt,4,1,1,2,$200.00 ,29,365,t,0,0,0,262,81,37,0,0,55,255,51000,4.68,4.69,4.69,4.79,4.56,4.73,4.57,t,2,2,0,0,3.84
1.03094E+18,100%,96%,f,5084,5865,t,t,South End,42.3462121,-71.0630079,Entire rental unit,Entire home/apt,2,1,0,1,$265.00 ,32,1125,t,0,0,9,284,0,0,0,18,0,0,0,,,,,,,,t,343,343,0,0,
1.03148E+18,99%,98%,f,20,22,t,t,South End,42.34756,-71.07024,Private room in rental unit,Private room,1,1,1,1,$90.00 ,2,500,t,4,16,44,249,17,9,0,53,10,54,4860,4.12,4.12,4.24,4.71,4.47,4.82,4.18,t,20,5,15,0,0.91
1.03271E+18,99%,98%,f,20,22,t,t,South End,42.34733505,-71.07050986,Private room in rental unit,Private room,2,1,0,1,$158.00 ,2,500,t,13,31,58,318,8,6,0,67,4,36,5688,4.25,3.75,4.13,4.38,4.5,5,4,t,20,5,15,0,0.51
1.034E+18,100%,100%,t,35,76,t,t,West End,42.36194,-71.06897,Entire rental unit,Entire home/apt,3,1,1,2,$217.00 ,1,365,t,5,27,57,328,58,31,3,67,35,186,40362,4.67,4.76,4.66,4.81,4.9,4.83,4.62,f,23,23,0,0,2.79
1.03415E+18,100%,80%,f,1,3,t,t,West Roxbury,42.27840069,-71.17125315,Private room in rental unit,Private room,1,4,1,0,$80.00 ,7,270,t,13,39,69,249,10,6,0,79,6,84,6720,5,5,5,5,5,5,5,f,1,0,1,0,0.57
1.03483E+18,100%,100%,f,2,3,t,t,Charlestown,42.3777036,-71.06133808,Entire rental unit,Entire home/apt,2,1,1,1,$347.00 ,1,14,t,27,57,87,267,2,1,0,97,1,6,2082,5,5,5,5,5,5,4.5,f,1,1,0,0,0.11
1.03498E+18,87%,76%,f,102,193,t,t,Longwood Medical Area,42.34108,-71.10539,Entire rental unit,Entire home/apt,5,2,2,3,$496.00 ,29,365,t,29,59,89,364,1,0,0,99,1,0,0,5,5,5,5,5,5,5,f,72,72,0,0,0.05
1.03499E+18,100%,98%,f,3,4,t,t,Dorchester,42.29247,-71.07625,Private room in home,Private room,2,2,1,1,$95.00 ,1,30,t,18,48,78,168,50,27,3,88,32,162,15390,4.72,4.8,4.68,4.76,4.94,4.26,4.6,f,3,0,3,0,2.48
1.03539E+18,100%,97%,t,5,5,t,t,Dorchester,42.307335,-71.06698019,Entire rental unit,Entire home/apt,4,1,1,2,$114.00 ,3,365,t,11,29,59,325,23,15,1,68,12,90,10260,4.83,4.91,4.96,4.91,4.83,4.09,4.74,f,5,5,0,0,1.27
1.03546E+18,100%,97%,t,5,5,t,t,Dorchester,42.30685359,-71.06593784,Entire rental unit,Entire home/apt,4,1,2,2,$112.00 ,3,365,t,4,26,56,331,33,22,1,65,19,132,14784,4.76,4.73,4.94,4.64,4.94,4.21,4.61,f,5,5,0,0,1.63
1.03558E+18,100%,62%,f,184,251,t,t,South Boston Waterfront,42.35055887,-71.04369047,Entire serviced apartment,Entire home/apt,3,1,1,1,$262.00 ,9,365,t,11,41,71,251,6,5,0,81,2,90,23580,5,5,5,5,4.67,5,4.83,f,55,55,0,0,0.31
1.03559E+18,100%,97%,t,5,5,t,t,Dorchester,42.30581261,-71.06562785,Entire rental unit,Entire home/apt,4,1,1,2,$150.00 ,3,365,t,5,21,51,326,39,21,1,60,22,126,18900,4.79,4.77,4.97,4.87,4.79,4.33,4.74,f,5,5,0,0,1.79
1.03561E+18,100%,100%,t,22,75,t,f,Beacon Hill,42.35862,-71.0707,Entire rental unit,Entire home/apt,3,1,1,1,$310.00 ,5,365,t,9,30,60,239,45,27,1,69,28,255,79050,5,4.93,4.93,5,5,4.98,4.89,t,18,18,0,0,2.2
1.03573E+18,100%,100%,t,22,75,t,f,Beacon Hill,42.36027424,-71.07005902,Entire rental unit,Entire home/apt,5,1.5,2,2,$784.00 ,5,365,t,0,30,51,228,48,24,1,60,28,240,188160,4.98,4.96,4.96,5,5,5,4.71,t,18,18,0,0,2.2
1.03614E+18,100%,95%,t,1,4,t,t,Charlestown,42.37537064,-71.06237703,Entire condo,Entire home/apt,4,1,2,2,$304.00 ,28,180,t,0,0,2,277,64,21,0,12,63,255,77520,4.98,4.98,4.95,4.89,4.94,5,4.8,f,1,1,0,0,3.04
1.03635E+18,93%,44%,f,2,3,t,f,Back Bay,42.34493291,-71.07987972,Private room in rental unit,Private room,1,,1,,,2,365,t,9,31,61,335,2,0,0,70,1,0,,5,4.5,4,5,5,5,4.5,f,2,0,2,0,0.09
1.03637E+18,0%,100%,f,2,2,t,t,Roslindale,42.2898621,-71.1365866,Entire rental unit,Entire home/apt,3,,2,,,30,120,t,0,0,22,297,0,0,0,31,0,0,,,,,,,,,t,1,1,0,0,
1.03771E+18,100%,100%,f,19,19,t,t,Mission Hill,42.33406,-71.10538,Entire rental unit,Entire home/apt,2,1,0,1,$157.00 ,2,60,t,6,26,56,156,59,35,6,66,30,210,32970,4.81,4.81,4.92,4.98,4.93,4.86,4.61,f,19,19,0,0,2.75
1.03776E+18,100%,100%,f,19,19,t,t,Mission Hill,42.33418,-71.10523,Entire rental unit,Entire home/apt,1,1,0,1,$137.00 ,2,60,t,5,33,63,195,44,27,2,73,25,162,22194,4.7,4.82,4.7,4.98,4.82,4.75,4.41,f,19,19,0,0,2.36
1.0378E+18,100%,100%,f,19,19,t,t,Mission Hill,42.33255468,-71.10698956,Entire rental unit,Entire home/apt,2,1,0,1,$121.00 ,2,60,t,10,32,62,188,50,22,4,71,33,132,15972,4.62,4.63,4.82,4.9,4.84,4.76,4.47,t,19,19,0,0,2.41
1.03898E+18,100%,100%,t,7,9,t,t,Dorchester,42.31148061,-71.06386005,Private room in rental unit,Private room,2,1,1,0,$85.00 ,1,365,t,16,26,53,313,101,64,3,58,57,255,21675,4.87,4.9,4.84,4.91,4.88,4.52,4.8,t,7,1,6,0,6.23
1.03907E+18,100%,100%,t,1,1,t,f,Back Bay,42.34866623,-71.07508632,Entire condo,Entire home/apt,2,1,1,1,$399.00 ,29,365,t,4,26,56,331,4,2,0,65,3,116,46284,5,5,5,5,5,5,5,f,1,1,0,0,0.22
1.03911E+18,100%,97%,t,11,11,t,t,Longwood Medical Area,42.3383407,-71.1066156,Room in hotel,Private room,4,1,1,2,,1,365,t,25,55,85,95,0,0,0,94,0,0,,,,,,,,,t,6,0,6,0,
1.03915E+18,100%,97%,t,11,11,t,t,Longwood Medical Area,42.3383407,-71.1066156,Room in hotel,Private room,2,1,1,1,,1,365,t,11,38,68,78,2,0,0,77,2,0,,4.5,5,5,5,4.5,4.5,4,t,6,0,6,0,0.11
1.03977E+18,100%,96%,f,5084,5865,t,t,South Boston,42.341136,-71.049587,Entire rental unit,Entire home/apt,2,1,1,1,$294.00 ,32,1125,t,0,0,0,176,0,0,0,0,0,0,0,,,,,,,,t,343,343,0,0,
1.03981E+18,100%,97%,t,11,11,t,t,Longwood Medical Area,42.3383407,-71.1066156,Room in hotel,Private room,2,,1,,,1,365,t,22,52,82,92,0,0,0,91,0,0,,,,,,,,,t,6,0,6,0,
1.03984E+18,100%,97%,t,11,11,t,t,Longwood Medical Area,42.3383407,-71.1066156,Room in hotel,Private room,4,1,1,2,,1,365,t,22,50,80,90,10,8,5,89,2,48,,4.7,4.8,4.7,4.8,4.8,4.9,4.8,t,6,0,6,0,0.64
1.03984E+18,100%,97%,t,11,11,t,t,Longwood Medical Area,42.3383407,-71.1066156,Room in hotel,Private room,2,1,1,1,,1,365,t,22,49,79,89,0,0,0,88,0,0,,,,,,,,,t,6,0,6,0,
1.03996E+18,87%,76%,f,102,193,t,t,South End,42.34466,-71.06358,Entire rental unit,Entire home/apt,5,2,2,3,$961.00 ,29,365,t,30,60,90,365,10,0,0,99,9,0,0,4.6,4.8,4.8,4.9,4.6,5,4.5,f,72,72,0,0,0.46
1.04003E+18,100%,100%,t,3,3,t,t,Dorchester,42.28921,-71.04161,Entire home,Entire home/apt,12,3.5,5,6,$690.00 ,2,365,t,17,43,71,344,75,41,3,81,45,246,169740,4.97,4.96,4.99,4.99,4.99,4.89,4.88,f,1,1,0,0,3.67
1.04008E+18,100%,100%,t,7,9,t,t,Dorchester,42.31171,-71.06432,Private room in rental unit,Private room,2,1,1,1,$92.00 ,1,365,t,18,37,48,290,54,47,1,48,16,255,23460,4.78,4.7,4.77,4.91,4.85,4.6,4.79,t,7,1,6,0,3.96
1.04013E+18,100%,100%,t,7,9,t,t,Dorchester,42.31155,-71.06296,Private room in rental unit,Private room,2,1,1,1,$85.00 ,1,365,t,15,27,55,294,75,62,3,61,26,255,21675,4.75,4.81,4.81,4.87,4.73,4.49,4.71,t,7,1,6,0,4.63
1.04069E+18,100%,99%,t,4,4,t,t,Dorchester,42.28155,-71.05255,Entire rental unit,Entire home/apt,9,1,3,0,$255.00 ,2,365,t,23,53,83,263,29,12,1,93,21,72,18360,4.76,4.9,4.66,4.93,4.66,4.79,4.79,f,2,2,0,0,1.51
1.04214E+18,100%,100%,t,22,75,t,f,North End,42.36672,-71.0556,Entire rental unit,Entire home/apt,5,1,2,2,$480.00 ,5,365,t,8,33,63,243,41,22,2,73,26,220,105600,4.9,4.9,4.88,5,5,4.98,4.56,t,18,18,0,0,1.95
1.04223E+18,100%,100%,t,2,2,t,t,Roslindale,42.27131552,-71.12159059,Private room in guest suite,Private room,2,1,0,1,$77.00 ,1,365,t,13,41,71,329,16,11,4,71,5,66,5082,4.94,5,4.94,5,5,4.81,4.88,f,1,0,1,0,1.05
1.04251E+18,99%,98%,f,20,22,t,t,Bay Village,42.3485831,-71.0696013,Private room in rental unit,Private room,1,1,0,1,$113.00 ,2,500,t,8,19,39,314,10,5,0,48,7,30,3390,3.8,3.9,3.9,4.5,4.8,4.7,3.5,t,20,5,15,0,0.51
1.043E+18,N/A,100%,f,1,3,t,t,Jamaica Plain,42.31033642,-71.09890849,Entire rental unit,Entire home/apt,3,,1,,,2,365,t,0,0,0,0,2,2,0,0,0,12,,4.5,4.5,4.5,5,4.5,5,4.5,f,1,1,0,0,0.38
1.04359E+18,100%,100%,f,3,4,t,t,Roslindale,42.2826331,-71.1276535,Private room in home,Private room,1,1,1,1,$55.00 ,3,1125,t,0,0,26,126,3,3,0,36,2,18,990,5,5,5,5,5,4.33,5,f,2,0,2,0,0.26
1.04359E+18,100%,95%,t,3,5,t,t,Roxbury,42.31722925,-71.09690343,Entire rental unit,Entire home/apt,7,2,3,5,$280.00 ,2,27,t,18,48,57,57,32,15,0,57,26,90,25200,4.94,4.84,4.88,4.91,4.91,4.25,4.69,f,3,2,1,0,1.52
1.04373E+18,100%,100%,t,1,1,t,f,Beacon Hill,42.359827,-71.069176,Entire condo,Entire home/apt,2,1,1,1,$177.00 ,1,730,t,2,10,26,219,100,58,2,27,52,255,45135,4.96,4.98,4.88,4.87,4.98,4.95,4.8,f,1,1,0,0,5.33
1.04399E+18,100%,96%,f,5084,5865,t,t,Brighton,42.35992,-71.14956,Entire rental unit,Entire home/apt,2,1,1,1,$239.00 ,32,1125,t,0,0,0,266,1,1,0,1,0,64,15296,5,5,4,5,5,4,5,t,343,343,0,0,0.15
1.04409E+18,100%,96%,f,5084,5865,t,t,Downtown,42.3511858,-71.064017,Entire rental unit,Entire home/apt,2,1,1,1,$327.00 ,32,1125,t,0,0,0,43,0,0,0,0,0,0,0,,,,,,,,t,343,343,0,0,
1.0441E+18,100%,96%,f,5084,5865,t,t,Fenway,42.3447546,-71.0958932,Entire rental unit,Entire home/apt,2,1,0,1,$244.00 ,32,1125,t,0,0,0,126,0,0,0,0,0,0,0,,,,,,,,t,343,343,0,0,
1.0441E+18,100%,96%,f,5084,5865,t,t,Fenway,42.3447546,-71.0958932,Entire rental unit,Entire home/apt,2,1,0,1,$243.00 ,32,1125,t,0,0,0,244,1,0,0,0,1,0,0,5,5,5,5,5,5,5,t,343,343,0,0,0.08
1.0441E+18,100%,96%,f,5084,5865,t,t,Fenway,42.3447546,-71.0958932,Entire rental unit,Entire home/apt,2,1,0,1,$271.00 ,32,1125,t,15,45,75,350,1,0,0,84,1,0,0,4,5,4,5,5,5,3,t,343,343,0,0,0.08
1.0441E+18,100%,96%,f,5084,5865,t,t,Fenway,42.3447546,-71.0958932,Entire rental unit,Entire home/apt,2,1,0,1,$314.00 ,32,1125,t,0,0,3,278,0,0,0,12,0,0,0,,,,,,,,t,343,343,0,0,
1.0441E+18,100%,96%,f,5084,5865,t,t,Fenway,42.3447546,-71.0958932,Entire rental unit,Entire home/apt,2,,,,,32,1125,t,0,0,10,285,0,0,0,19,0,0,,,,,,,,,t,343,343,0,0,
1.0441E+18,100%,96%,f,5084,5865,t,t,Charlestown,42.3776776,-71.0504732,Entire rental unit,Entire home/apt,4,,2,,,32,1125,t,0,14,44,319,0,0,0,53,0,0,,,,,,,,,t,343,343,0,0,
1.04522E+18,100%,100%,t,1,1,t,f,Brighton,42.35393,-71.1671,Entire home,Entire home/apt,8,1.5,4,4,$516.00 ,1,30,t,23,48,73,343,32,21,2,83,21,126,65016,4.66,4.94,4.88,4.81,4.84,4.91,4.66,f,1,1,0,0,1.95
1.04567E+18,100%,100%,f,7,9,t,f,Longwood Medical Area,42.34066,-71.10179,Entire rental unit,Entire home/apt,4,1,1,2,$341.00 ,1,365,t,18,48,55,104,94,47,4,55,60,255,86955,4.94,4.94,4.96,4.96,4.95,4.96,4.76,t,7,7,0,0,4.62
1.04598E+18,100%,100%,t,35,76,t,t,North End,42.36596,-71.053,Entire rental unit,Entire home/apt,2,1,0,1,$187.00 ,1,365,t,3,16,30,305,82,47,1,40,52,255,47685,4.79,4.9,4.83,4.91,4.96,4.96,4.63,f,23,23,0,0,4.12
1.046E+18,100%,100%,f,120,136,t,t,Fenway,42.34477506,-71.08970791,Entire rental unit,Entire home/apt,2,1,1,1,$143.00 ,1,365,t,2,6,26,285,107,54,6,35,64,255,36465,4.75,4.88,4.94,4.82,4.92,4.92,4.6,t,86,86,0,0,5.07
1.046E+18,100%,100%,t,35,76,t,t,North End,42.36777638,-71.05398494,Entire rental unit,Entire home/apt,3,1,1,2,$252.00 ,1,365,t,1,9,31,306,68,38,4,41,42,228,57456,4.79,4.85,4.69,4.94,4.91,4.9,4.62,t,23,23,0,0,3.37
1.04602E+18,100%,100%,t,35,76,t,t,North End,42.36474704,-71.05588948,Entire rental unit,Entire home/apt,6,1,2,3,$337.00 ,1,365,t,2,12,31,299,78,47,1,34,43,255,85935,4.87,4.87,4.91,4.94,4.95,4.96,4.77,f,23,23,0,0,4.31
1.04639E+18,100%,100%,f,59,74,t,t,Downtown,42.35398,-71.06293,Entire rental unit,Entire home/apt,6,1,3,3,$472.00 ,29,365,t,12,42,70,338,42,29,0,76,32,255,120360,4.83,4.93,4.95,4.93,4.95,4.79,4.74,f,59,59,0,0,2.81
1.04666E+18,100%,99%,t,3,4,t,t,Dorchester,42.30218,-71.0624,Private room in home,Private room,2,2,1,5,$71.00 ,1,28,t,2,27,57,325,99,76,9,60,38,255,18105,4.83,4.89,4.84,4.88,4.86,4.43,4.78,f,3,0,3,0,6.31
1.04691E+18,100%,96%,f,5084,5865,t,t,South Boston,42.341136,-71.049587,Entire rental unit,Entire home/apt,2,1,1,1,$252.00 ,32,1125,t,8,8,8,233,0,0,0,8,0,0,0,,,,,,,,t,343,343,0,0,
1.04807E+18,67%,95%,f,3,4,t,f,Hyde Park,42.2584698,-71.1198095,Entire rental unit,Entire home/apt,4,1,3,3,$315.00 ,2,365,t,30,60,90,365,2,2,0,100,2,12,3780,5,4.5,4.5,5,5,5,5,t,3,3,0,0,0.17
1.04956E+18,67%,95%,f,3,4,t,f,Hyde Park,42.2591,-71.12067,Entire rental unit,Entire home/apt,4,1,3,3,$439.00 ,29,365,t,30,60,90,365,0,0,0,100,0,0,0,,,,,,,,t,3,3,0,0,
1.05009E+18,100%,100%,t,22,75,t,f,Back Bay,42.34858756,-71.08947861,Entire rental unit,Entire home/apt,5,2,2,2,$672.00 ,6,365,t,15,35,65,235,34,20,0,74,19,240,161280,4.91,4.97,4.94,4.97,5,5,4.82,t,18,18,0,0,1.69
1.05012E+18,100%,100%,t,22,75,t,f,South Boston,42.33412,-71.04619,Entire rental unit,Entire home/apt,5,1,2,2,$392.00 ,5,365,t,24,54,84,264,17,10,1,94,10,100,39200,4.88,4.82,4.76,4.94,4.94,4.82,4.82,t,18,18,0,0,0.86
1.05046E+18,100%,96%,f,5084,5865,t,t,Downtown,42.3537627,-71.0530544,Entire rental unit,Entire home/apt,2,1,1,1,$284.00 ,32,1125,t,0,0,0,266,0,0,0,1,0,0,0,,,,,,,,t,343,343,0,0,
1.05062E+18,100%,96%,f,5084,5865,t,t,Downtown,42.3537627,-71.0530544,Entire rental unit,Entire home/apt,2,1,0,1,$271.00 ,32,1125,t,0,0,2,158,0,0,0,12,0,0,0,,,,,,,,t,343,343,0,0,
1.05066E+18,N/A,16%,f,1,12,t,t,Roslindale,42.27556,-71.13127,Entire rental unit,Entire home/apt,1,1,1,1,$170.00 ,29,365,t,30,60,90,269,3,2,0,99,3,116,19720,5,5,5,5,5,4.33,4.67,f,1,1,0,0,0.24
1.05101E+18,N/A,0%,f,1,1,t,f,Roxbury,42.32010876,-71.07854283,Entire rental unit,Entire home/apt,2,1,1,1,$110.00 ,91,365,,0,0,22,202,0,0,0,32,0,0,0,,,,,,,,f,1,1,0,0,
1.05142E+18,98%,99%,f,448,2201,t,t,East Boston,42.36638,-71.04007,Entire serviced apartment,Entire home/apt,3,1,1,2,$354.00 ,29,365,t,7,22,40,268,3,2,1,50,1,116,41064,4.67,4.67,5,4.33,4.67,5,4.67,t,29,29,0,0,0.15
1.05461E+18,N/A,0%,f,1,1,t,t,Hyde Park,42.24991,-71.14139,Private room in home,Private room,2,1,1,1,$199.00 ,1,365,t,30,60,90,269,0,0,0,99,0,0,0,,,,,,,,f,1,0,1,0,
1.05462E+18,100%,97%,t,5,5,t,t,West Roxbury,42.27975022,-71.16049044,Private room in home,Private room,1,1,1,1,$84.00 ,5,730,t,0,30,60,335,19,10,1,70,15,100,8400,4.95,5,5,5,5,4.89,4.89,f,5,1,4,0,1.09
1.05854E+18,N/A,N/A,f,1,2,t,t,Jamaica Plain,42.30806146,-71.10006343,Private room in home,Private room,1,0.5,1,1,$70.00 ,91,120,t,27,57,87,267,0,0,0,97,0,0,0,,,,,,,,f,1,0,1,0,
1.0604E+18,100%,99%,t,3,3,t,t,Allston,42.3592557,-71.124914,Entire home,Entire home/apt,8,2,5,5,$485.00 ,3,1125,t,11,26,49,206,54,30,4,51,36,180,87300,4.87,4.89,4.93,4.94,4.93,4.76,4.74,t,3,3,0,0,2.92
1.0607E+18,100%,97%,t,5,5,t,t,West Roxbury,42.28089,-71.15935,Private room in home,Private room,1,1,1,1,$112.00 ,5,365,t,22,52,82,357,7,0,0,92,7,0,0,5,5,5,5,5,5,5,f,5,1,4,0,0.38
1.06243E+18,N/A,N/A,f,2,2,t,t,East Boston,42.3660348,-71.0392373,Private room in rental unit,Private room,2,,,,,1,30,t,0,0,0,0,14,1,0,0,14,6,,4.86,4.86,4.86,4.86,4.93,4.86,4.71,f,2,0,2,0,0.75
1.06259E+18,100%,100%,t,22,75,t,f,North End,42.36507,-71.05154,Entire rental unit,Entire home/apt,3,1,1,1,$296.00 ,4,365,t,2,26,56,236,45,29,2,66,27,232,68672,4.96,4.96,4.96,5,5,4.98,4.82,t,18,18,0,0,2.18
1.0626E+18,100%,100%,f,18,163,t,t,South End,42.34116,-71.08065,Entire rental unit,Entire home/apt,2,1,1,1,$234.00 ,1,13,t,24,54,84,347,0,0,0,93,0,0,0,,,,,,,,t,18,18,0,0,
1.06261E+18,100%,100%,t,22,75,t,f,South Boston,42.33565049,-71.04625129,Entire rental unit,Entire home/apt,4,1,2,2,$319.00 ,5,365,t,14,44,74,254,25,11,1,84,15,110,35090,5,4.96,5,4.96,5,4.92,4.76,t,18,18,0,0,1.29
1.06278E+18,50%,29%,f,4,6,t,t,Dorchester,42.30239,-71.06824,Private room in rental unit,Private room,1,1,1,1,$48.00 ,91,365,t,0,0,0,147,1,1,0,0,1,182,8736,5,5,4,5,5,3,5,f,4,0,4,0,0.11
1.06318E+18,84%,95%,f,60,97,t,t,Dorchester,42.32108,-71.06167,Private room,Private room,2,1,1,1,$66.00 ,30,180,t,0,0,0,225,0,0,0,0,0,0,0,,,,,,,,t,58,18,40,0,
1.06368E+18,100%,100%,f,5,5,t,t,Roxbury,42.32044,-71.07531,Entire home,Entire home/apt,16,3,8,8,$798.00 ,1,1125,t,1,20,50,309,12,6,1,54,7,36,28728,4.75,5,4.92,4.92,4.92,4.58,5,t,4,4,0,0,0.59
1.06406E+18,100%,94%,t,1,1,t,t,Dorchester,42.2968,-71.08925,Entire home,Entire home/apt,8,4,4,4,$457.00 ,2,20,t,9,25,55,144,45,26,3,64,28,156,71292,4.87,4.87,4.96,4.93,4.91,4.22,4.76,f,1,1,0,0,2.4
1.06449E+18,100%,92%,t,4,6,t,t,Brighton,42.34367345,-71.1469206,Entire rental unit,Entire home/apt,2,1,1,1,$120.00 ,91,365,t,0,0,0,119,4,2,0,0,3,255,30600,5,5,4.75,5,5,5,4.75,f,4,4,0,0,0.23
1.06502E+18,100%,96%,f,5084,5865,t,t,Brighton,42.3469948,-71.1452694,Entire rental unit,Entire home/apt,4,1,2,2,$313.00 ,32,1125,t,0,0,22,297,0,0,0,32,0,0,0,,,,,,,,t,343,343,0,0,
1.06534E+18,100%,100%,t,1,1,t,t,Roxbury,42.32428,-71.07963,Entire rental unit,Entire home/apt,4,1,2,2,$170.00 ,14,365,t,2,2,2,91,4,1,0,11,3,28,4760,5,5,5,5,5,4.75,5,f,1,1,0,0,0.25
1.06613E+18,100%,92%,f,7,7,t,t,Brighton,42.35028936,-71.17393338,Private room in home,Private room,3,1,1,0,$80.00 ,3,365,t,0,0,20,130,17,6,1,30,16,36,2880,4.59,4.76,4.53,4.71,4.65,4.35,4.53,f,4,0,4,0,0.93
1.06657E+18,100%,100%,t,2,2,t,t,Roxbury,42.31794,-71.0785,Entire rental unit,Entire home/apt,6,2,4,4,$341.00 ,1,28,t,13,41,68,338,51,29,4,78,32,174,59334,4.86,4.9,4.76,4.94,4.96,4.41,4.73,f,2,2,0,0,2.72
1.06658E+18,N/A,N/A,f,1,1,t,t,Back Bay,42.3526921,-71.0712426,Room in hotel,Private room,2,,1,,,1,365,,0,0,0,0,0,0,0,0,0,0,,,,,,,,,f,1,0,1,0,
1.06663E+18,100%,96%,f,5084,5865,t,t,Downtown,42.3511858,-71.064017,Entire rental unit,Entire home/apt,2,1,1,1,$292.00 ,32,1125,t,0,2,3,278,0,0,0,12,0,0,0,,,,,,,,t,343,343,0,0,
1.06688E+18,N/A,N/A,f,1,1,t,t,East Boston,42.37555848,-71.03573253,Private room in home,Private room,2,1,1,0,$101.00 ,1,7,t,10,22,22,22,216,121,13,22,138,255,25755,4.73,4.75,4.79,4.78,4.85,4.63,4.63,f,1,0,1,0,11.08
1.06689E+18,100%,92%,f,7,7,t,t,Brighton,42.35025,-71.17402,Private room in home,Private room,2,1,1,0,$78.00 ,3,365,t,0,0,20,130,28,9,0,30,27,54,4212,4.5,4.46,4.5,4.89,4.93,4.86,4.36,f,4,0,4,0,1.39
1.06756E+18,83%,67%,f,3,4,t,t,Charlestown,42.37750855,-71.06135727,Entire home,Entire home/apt,8,3.5,4,5,"$1,900.00 ",7,14,t,23,53,83,263,0,0,0,93,0,0,0,,,,,,,,f,2,2,0,0,
1.06895E+18,87%,76%,f,102,193,t,t,Longwood Medical Area,42.34020616,-71.10661551,Entire rental unit,Entire home/apt,5,,2,,,3,365,t,12,32,44,277,23,15,0,53,15,90,,4.78,4.7,4.74,4.74,4.7,4.87,4.39,t,72,72,0,0,1.26
1.06896E+18,84%,95%,f,60,97,t,t,West Roxbury,42.2919472,-71.1540823,Entire rental unit,Entire home/apt,4,1,2,2,$163.00 ,30,180,t,0,8,38,188,1,1,1,48,0,60,9780,5,5,5,5,5,5,5,f,58,18,40,0,1
1.06962E+18,100%,100%,t,130,133,t,t,Back Bay,42.35252,-71.07614,Entire rental unit,Entire home/apt,2,1,0,1,$311.00 ,1,365,t,26,56,86,309,84,41,5,95,56,246,76506,4.82,4.85,4.82,4.98,4.92,4.98,4.63,t,36,36,0,0,4.21
1.06976E+18,96%,99%,t,8,11,t,t,Beacon Hill,42.358874,-71.0710638,Private room in home,Private room,2,1,1,1,$143.00 ,1,365,t,2,9,33,254,122,76,5,40,66,255,36465,4.9,4.93,4.92,4.87,4.85,4.98,4.89,f,2,0,2,0,6.49
1.0703E+18,84%,95%,f,60,97,t,t,Dorchester,42.31487363,-71.06099776,Private room,Private room,2,2,1,1,$112.00 ,30,365,t,30,60,90,343,1,1,1,100,0,60,6720,1,1,1,4,2,4,1,t,58,18,40,0,1
1.07036E+18,90%,99%,t,266,1126,t,t,Fenway,42.34424146,-71.09827698,Entire rental unit,Entire home/apt,5,2,2,2,$345.00 ,32,270,t,29,59,89,359,0,0,0,99,0,0,0,,,,,,,,t,43,43,0,0,
1.07054E+18,87%,76%,f,102,193,t,t,Longwood Medical Area,42.34173,-71.10686,Entire rental unit,Entire home/apt,6,,2,,,4,365,t,19,49,79,325,7,6,0,88,2,48,,4.71,4.57,4.86,4.57,4.86,4.86,4.43,f,72,72,0,0,0.42
1.07225E+18,100%,96%,f,5084,5865,t,t,South End,42.3439382,-71.0638329,Entire rental unit,Entire home/apt,2,1,1,1,$455.00 ,32,1125,t,0,0,3,278,0,0,0,12,0,0,0,,,,,,,,t,343,343,0,0,
1.07247E+18,100%,83%,f,15,16,t,t,South End,42.346155,-71.070907,Room in hotel,Private room,2,,1,,,1,365,,0,0,0,0,5,0,0,0,5,0,,4,4,4.8,5,4.2,5,4.2,f,14,0,14,0,0.25
1.07336E+18,100%,87%,,279,427,t,t,Beacon Hill,42.3586293,-71.06915347,Entire rental unit,Entire home/apt,2,1,1,1,$125.00 ,29,365,t,0,17,47,207,2,1,0,56,2,58,7250,5,5,4.5,5,5,5,4,f,7,7,0,0,0.15
1.0734E+18,100%,87%,,279,427,t,t,Beacon Hill,42.36005,-71.06669,Entire rental unit,Entire home/apt,2,1,2,2,$140.00 ,29,365,t,1,21,51,79,4,3,0,60,2,174,24360,5,5,5,5,5,5,4.5,f,7,7,0,0,0.28
1.07407E+18,100%,87%,,279,427,t,t,Beacon Hill,42.36067128,-71.0689352,Entire rental unit,Entire home/apt,2,1,2,2,$179.00 ,29,365,t,0,6,36,196,0,0,0,45,0,0,0,,,,,,,,f,7,7,0,0,
1.07408E+18,100%,100%,f,1,1,t,t,Mattapan,42.28543833,-71.0930408,Entire rental unit,Entire home/apt,8,1,4,4,$315.00 ,2,365,t,20,48,78,88,32,10,1,88,28,60,18900,4.66,4.81,4.84,4.91,4.91,3.91,4.47,f,1,1,0,0,1.64
1.07409E+18,100%,87%,,279,427,t,t,Beacon Hill,42.35877,-71.06785,Entire rental unit,Entire home/apt,3,1,1,2,$120.00 ,29,365,t,0,21,51,211,7,4,0,60,4,232,27840,4.86,4.86,4.86,5,4.71,4.86,4.86,f,7,7,0,0,0.41
1.0745E+18,100%,96%,f,5084,5865,t,t,South Boston Waterfront,42.3490612,-71.0447136,Entire rental unit,Entire home/apt,2,1,0,1,$257.00 ,32,1125,t,0,0,1,276,0,0,0,11,0,0,0,,,,,,,,t,343,343,0,0,
1.07468E+18,100%,87%,,279,427,t,t,Beacon Hill,42.36012,-71.06878,Entire rental unit,Entire home/apt,2,1,2,2,$125.00 ,29,365,t,0,17,47,167,0,0,0,56,0,0,0,,,,,,,,f,7,7,0,0,
1.07471E+18,100%,100%,t,3,3,t,t,Dorchester,42.2904438,-71.0605249,Private room in rental unit,Private room,3,1,1,2,$123.00 ,2,29,t,9,33,61,61,0,0,0,61,0,0,0,,,,,,,,f,3,2,1,0,
1.07474E+18,100%,87%,,279,427,t,t,Beacon Hill,42.36003,-71.06735,Entire rental unit,Entire home/apt,3,1,2,2,$135.00 ,29,365,t,0,0,26,205,1,1,0,35,0,58,7830,5,5,5,5,5,5,5,f,7,7,0,0,0.16
1.07589E+18,100%,96%,f,5084,5865,t,t,Downtown,42.3537627,-71.0530544,Entire rental unit,Entire home/apt,2,1,1,1,$284.00 ,32,1125,t,0,0,0,151,0,0,0,0,0,0,0,,,,,,,,t,343,343,0,0,
1.07629E+18,100%,99%,t,4,4,t,t,Dorchester,42.31119413,-71.05374671,Entire rental unit,Entire home/apt,8,2,3,4,$387.00 ,2,365,t,10,38,68,240,34,16,2,78,23,96,37152,4.74,4.79,4.85,4.68,4.68,4.53,4.68,f,2,2,0,0,1.79
1.07659E+18,100%,96%,f,5084,5865,t,t,Downtown,42.365947,-71.063473,Entire rental unit,Entire home/apt,2,1,1,1,$325.00 ,32,1125,t,0,0,0,228,0,0,0,0,0,0,0,,,,,,,,t,343,343,0,0,
1.07732E+18,100%,96%,f,5084,5865,t,t,Back Bay,42.348645,-71.0793489,Entire rental unit,Entire home/apt,2,1,0,1,$327.00 ,32,1125,t,0,1,1,148,0,0,0,1,0,0,0,,,,,,,,t,343,343,0,0,
1.07763E+18,100%,100%,t,6,18,t,f,Mission Hill,42.33037,-71.10773,Entire rental unit,Entire home/apt,5,1,1,2,$145.00 ,3,365,t,7,31,39,39,59,34,1,39,37,204,29580,4.73,4.75,4.9,4.92,4.97,4.76,4.54,f,4,3,1,0,3.31
1.0783E+18,100%,100%,t,3,3,t,t,South Boston,42.3376382,-71.0391213,Entire rental unit,Entire home/apt,2,1,1,1,$125.00 ,1,365,t,0,11,38,280,155,92,10,47,91,255,31875,4.88,4.88,4.94,4.96,4.95,4.86,4.74,f,3,3,0,0,7.94
1.07833E+18,100%,100%,f,6,7,t,t,Dorchester,42.31680674,-71.06661868,Private room in home,Private room,2,2,1,1,$130.00 ,1,365,t,20,50,75,339,2,2,0,77,1,12,1560,5,5,5,5,5,5,5,t,6,0,6,0,0.2
1.07834E+18,100%,100%,f,6,7,t,t,Dorchester,42.31721,-71.06667,Private room in home,Private room,2,2,1,1,$124.00 ,1,365,t,2,8,9,279,3,1,0,14,2,6,744,3,3,3.33,3.33,3.33,2.33,2.67,t,6,0,6,0,0.19
1.07836E+18,100%,100%,f,6,7,t,t,Dorchester,42.31691,-71.06734,Private room in home,Private room,2,2,1,1,$130.00 ,1,365,t,5,25,45,304,5,1,0,45,5,6,780,4.8,4.8,4.8,5,4.8,4.2,4.6,t,6,0,6,0,0.29
1.07859E+18,100%,100%,f,6,7,t,t,Dorchester,42.31836,-71.06859,Private room in home,Private room,2,2,1,1,$160.00 ,1,365,t,6,10,14,252,9,5,0,19,8,30,4800,4.89,4.89,4.89,5,4.89,4.11,4.78,t,6,0,6,0,0.66
1.0786E+18,100%,100%,t,1,1,t,t,Dorchester,42.28207,-71.07796,Entire home,Entire home/apt,8,2,4,6,$345.00 ,1,1125,t,11,27,49,248,125,69,5,52,70,255,87975,4.93,4.95,4.94,4.95,4.98,4.61,4.87,t,1,1,0,0,6.42
1.07896E+18,100%,100%,f,55,56,t,t,Allston,42.35975,-71.13183,Private room in home,Private room,2,1,1,2,$75.00 ,1,365,t,26,56,86,361,85,42,2,95,57,252,18900,4.72,4.76,4.65,4.86,4.87,4.82,4.67,t,17,0,17,0,4.26
1.07899E+18,100%,100%,f,55,56,t,t,Allston,42.35953,-71.13205,Private room in home,Private room,2,1,1,2,$76.00 ,1,365,t,24,54,84,359,97,61,2,93,53,255,19380,4.59,4.64,4.58,4.84,4.77,4.71,4.57,t,17,0,17,0,4.87
1.07982E+18,100%,100%,f,39,74,t,t,Downtown,42.35710782,-71.06094766,Entire rental unit,Entire home/apt,8,2,4,4,$516.00 ,29,365,t,17,22,22,22,64,27,0,22,55,255,131580,4.7,4.73,4.78,4.72,4.81,4.64,4.58,t,39,39,0,0,3.24
1.08044E+18,100%,97%,f,3,3,t,f,Dorchester,42.30974337,-71.08059775,Private room in rental unit,Private room,1,,,,,3,90,t,23,53,83,357,9,4,1,92,6,24,,4.44,4.56,4.78,4.78,4.89,4.33,4.33,f,3,0,3,0,0.58
1.0806E+18,89%,99%,f,54,112,t,f,South Boston,42.33191074,-71.05332541,Private room in rental unit,Private room,2,1,1,1,$50.00 ,29,1125,t,0,0,0,219,3,0,0,0,3,0,0,4,4,4,3.33,4,4.33,3.67,t,31,8,23,0,0.16
1.08108E+18,100%,96%,f,5084,5865,t,t,Downtown,42.365947,-71.063473,Entire rental unit,Entire home/apt,2,1,1,1,$332.00 ,32,1125,t,0,0,0,230,0,0,0,0,0,0,0,,,,,,,,t,343,343,0,0,
1.08109E+18,100%,96%,f,5084,5865,t,t,West End,42.3655308,-71.0649063,Entire rental unit,Entire home/apt,2,1,1,1,$393.00 ,32,1125,t,0,0,13,288,1,0,0,22,1,0,0,4,4,4,4,4,4,2,t,343,343,0,0,0.08
1.08109E+18,100%,96%,f,5084,5865,t,t,Fenway,42.3475057,-71.1010258,Entire rental unit,Entire home/apt,2,1,0,1,$290.00 ,32,1125,t,0,0,0,267,0,0,0,2,0,0,0,,,,,,,,t,343,343,0,0,
1.08169E+18,100%,96%,f,5084,5865,t,t,Brighton,42.359921,-71.149558,Entire rental unit,Entire home/apt,2,1,1,1,$221.00 ,32,1125,t,0,0,0,275,0,0,0,10,0,0,0,,,,,,,,t,343,343,0,0,
1.08169E+18,100%,96%,f,5084,5865,t,t,Brighton,42.35992,-71.14956,Entire rental unit,Entire home/apt,2,1,1,1,$239.00 ,32,1125,t,0,0,0,267,0,0,0,1,0,0,0,,,,,,,,t,343,343,0,0,
1.08169E+18,100%,96%,f,5084,5865,t,t,Brighton,42.359921,-71.149558,Entire rental unit,Entire home/apt,2,,1,,,32,1125,t,0,0,3,278,1,0,0,12,1,0,,5,5,5,5,5,5,4,t,343,343,0,0,0.06
1.08169E+18,100%,96%,f,5084,5865,t,t,Brighton,42.359921,-71.149558,Entire rental unit,Entire home/apt,2,1,1,1,$223.00 ,32,1125,t,0,0,0,115,0,0,0,0,0,0,0,,,,,,,,t,343,343,0,0,
1.08169E+18,100%,96%,f,5084,5865,t,t,Brighton,42.359921,-71.149558,Entire rental unit,Entire home/apt,2,1,1,1,$223.00 ,32,1125,t,0,0,0,115,0,0,0,0,0,0,0,,,,,,,,t,343,343,0,0,
1.08182E+18,100%,100%,f,6,7,t,t,Dorchester,42.31697,-71.06885,Private room in home,Private room,2,3,1,1,$190.00 ,29,365,t,11,36,55,316,2,0,0,58,2,0,0,5,5,5,5,5,5,5,t,6,0,6,0,0.11
1.08184E+18,100%,100%,f,6,7,t,t,Dorchester,42.3185,-71.06844,Private room in home,Private room,2,2,1,1,$133.00 ,1,365,t,7,13,40,275,4,1,0,40,4,6,798,4.25,4.25,4.5,4.75,4.5,4,4,t,6,0,6,0,0.24
1.08187E+18,100%,89%,t,1,1,t,t,Roxbury,42.31481802,-71.08333136,Private room in rental unit,Private room,2,1,1,1,$62.00 ,1,365,t,11,30,60,129,46,28,0,70,31,168,10416,4.91,4.93,4.91,4.96,4.96,4.54,4.63,f,1,0,1,0,2.53
1.08188E+18,100%,100%,f,1,3,t,t,South Boston Waterfront,42.352323,-71.0468488,Room in hotel,Private room,2,,1,,,1,365,t,22,45,75,98,55,27,5,84,38,162,,4.69,4.71,4.95,4.76,4.6,4.93,4.31,t,1,0,1,0,2.82
1.08263E+18,100%,97%,f,3,3,t,f,Dorchester,42.31115,-71.07886,Private room in rental unit,Private room,1,2,1,1,$61.00 ,3,90,t,18,48,78,352,7,6,1,87,2,36,2196,4.86,4.71,4.71,4.71,4.71,4,4.86,f,3,0,3,0,0.57
1.08491E+18,100%,100%,f,12,83,t,t,Dorchester,42.3172247,-71.0598285,Entire townhouse,Entire home/apt,14,3.5,6,8,$795.00 ,30,1125,t,18,42,65,340,9,1,0,75,8,60,47700,5,5,4.89,5,5,5,5,t,2,2,0,0,0.46
1.08543E+18,100%,92%,f,7,7,t,t,Brighton,42.34949865,-71.17344584,Private room in home,Private room,2,1,1,0,$75.00 ,3,365,t,9,35,65,175,16,8,1,75,11,48,3600,4.88,4.81,4.81,5,5,4.69,4.63,f,4,0,4,0,0.81
1.08557E+18,100%,100%,t,1,1,t,t,Roslindale,42.27647727,-71.1314972,Entire condo,Entire home/apt,5,1,3,0,$160.00 ,2,28,t,9,30,56,231,67,34,1,65,47,204,32640,4.85,4.88,4.87,4.96,4.97,4.61,4.76,f,1,1,0,0,3.38
1.08604E+18,100%,96%,f,5084,5865,t,t,Brighton,42.3477738,-71.1460998,Entire rental unit,Entire home/apt,4,2,2,2,$315.00 ,32,1125,t,0,0,0,266,0,0,0,1,0,0,0,,,,,,,,t,343,343,0,0,
1.08622E+18,100%,99%,t,2,2,t,f,East Boston,42.37804,-71.03541,Entire rental unit,Entire home/apt,2,1,1,1,$154.00 ,1,365,t,3,13,28,268,19,14,1,31,13,84,12936,4.79,4.95,4.95,4.95,4.84,4.68,4.63,f,2,2,0,0,1.09
1.08647E+18,100%,100%,t,130,133,t,t,South End,42.34195229,-71.07780009,Entire rental unit,Entire home/apt,4,1,1,2,$289.00 ,1,365,t,26,54,84,152,59,38,2,93,29,228,65892,4.63,4.64,4.56,4.75,4.8,4.78,4.42,t,36,36,0,0,2.99
1.08706E+18,100%,100%,f,18,163,t,t,South End,42.34203862,-71.07862838,Entire rental unit,Entire home/apt,2,1,1,1,$195.00 ,1,13,t,13,41,71,343,5,0,0,80,5,0,0,4.6,4.8,5,4.8,5,4.8,4.8,t,18,18,0,0,0.3
1.08745E+18,100%,96%,f,5084,5865,t,t,Downtown,42.365947,-71.063473,Entire rental unit,Entire home/apt,2,1,0,1,$262.00 ,32,1125,t,0,0,0,84,0,0,0,0,0,0,0,,,,,,,,t,343,343,0,0,
1.08767E+18,100%,91%,t,6,8,t,t,Roslindale,42.2847052,-71.1289068,Private room in home,Private room,5,,2,,,3,28,t,0,18,48,137,1,1,0,57,0,6,,5,5,5,5,5,5,5,f,6,0,6,0,0.23
1.08787E+18,100%,69%,f,13,20,t,t,Dorchester,42.32226864,-71.05544679,Private room in rental unit,Private room,1,1,1,1,$53.00 ,29,365,t,0,29,59,334,42,10,0,69,41,255,13515,4.83,4.86,4.57,4.93,4.98,4.71,4.74,f,13,0,13,0,2.21
1.08791E+18,87%,76%,f,102,193,t,t,Back Bay,42.34342,-71.08265,Entire rental unit,Entire home/apt,6,2,3,3,$434.00 ,29,365,t,30,54,54,216,16,3,0,54,15,174,75516,4.56,4.56,4.75,4.75,4.94,4.88,4.56,t,72,72,0,0,0.86
1.08826E+18,100%,N/A,f,4,4,f,t,Dorchester,42.28297,-71.07334,Entire home,Entire home/apt,6,,3,,,91,365,t,0,0,0,0,0,0,0,0,0,0,,,,,,,,,f,2,1,1,0,
1.08828E+18,100%,N/A,f,4,4,f,t,Dorchester,42.28347191,-71.07387375,Private room in home,Private room,2,,3,,,91,365,t,0,0,0,0,0,0,0,0,0,0,,,,,,,,,f,2,1,1,0,
1.08886E+18,100%,100%,,10,10,t,f,Roxbury,42.32121,-71.07998,Private room in home,Private room,2,1,1,1,$89.00 ,2,365,t,3,4,34,298,38,21,1,44,26,126,11214,4.71,4.74,4.74,4.92,4.84,4,4.63,f,3,0,3,0,2.03
1.08961E+18,100%,96%,f,5084,5865,t,t,Downtown,42.365947,-71.063473,Entire rental unit,Entire home/apt,4,2,2,2,$421.00 ,32,1125,t,0,0,5,280,0,0,0,14,0,0,0,,,,,,,,t,343,343,0,0,
1.08961E+18,100%,96%,f,5084,5865,t,t,Downtown,42.365947,-71.063473,Entire rental unit,Entire home/apt,2,1,1,1,$374.00 ,32,1125,t,0,0,8,283,1,0,0,17,1,0,0,4,5,5,1,4,5,3,t,343,343,0,0,0.07
1.09059E+18,100%,100%,,6,7,t,t,Back Bay,42.35251,-71.07586,Entire rental unit,Entire home/apt,3,1,0,2,$260.00 ,1,365,t,11,25,37,240,81,47,4,37,44,255,66300,4.7,4.77,4.75,4.94,4.88,5,4.52,t,3,3,0,0,4.2
1.09067E+18,93%,100%,f,3,5,t,t,North End,42.36321,-71.04947,Houseboat,Entire home/apt,4,1,1,1,$392.00 ,1,28,t,14,25,25,124,37,27,0,25,17,162,63504,4.95,4.89,4.92,4.84,4.92,4.97,4.78,t,3,3,0,0,2.16
1.09069E+18,93%,100%,f,3,5,t,t,North End,42.36327775,-71.05108931,Houseboat,Entire home/apt,5,1,2,3,$373.00 ,1,28,t,18,27,27,126,53,31,0,27,33,186,69378,4.87,4.92,4.83,4.89,4.87,5,4.7,t,3,3,0,0,3.02
1.09069E+18,93%,100%,f,3,5,t,t,North End,42.36303,-71.05102,Boat,Entire home/apt,7,2,3,5,$478.00 ,2,28,t,7,17,17,116,31,16,2,17,15,96,45888,4.97,4.97,4.87,4.97,4.94,5,4.74,t,3,3,0,0,1.74
1.09123E+18,100%,100%,,6,7,t,t,Back Bay,42.35244634,-71.07626412,Entire rental unit,Entire home/apt,3,1,2,2,$231.00 ,1,365,t,9,31,56,279,92,55,6,65,48,255,58905,4.54,4.5,4.55,4.88,4.85,4.95,4.42,t,3,3,0,0,4.98
1.09145E+18,100%,100%,t,4,4,t,t,Bay Village,42.3506,-71.0679,Room in hotel,Private room,4,1,1,2,,1,365,t,13,29,54,63,3,2,0,63,1,12,,5,5,5,5,4.67,5,4.67,t,4,0,4,0,0.2
1.09145E+18,100%,100%,t,4,4,t,t,Bay Village,42.3506,-71.0679,Room in hotel,Private room,4,1,1,2,,1,365,t,18,41,71,80,45,26,1,80,25,156,,4.78,4.73,4.8,4.89,4.42,4.87,4.56,t,4,0,4,0,2.31
1.09145E+18,100%,100%,t,4,4,t,t,Bay Village,42.3506,-71.0679,Room in hotel,Private room,2,1,1,1,,1,365,t,5,22,51,60,1,0,0,60,1,0,,4,4,4,4,4,4,4,t,4,0,4,0,0.06
1.09145E+18,100%,100%,t,4,4,t,t,Bay Village,42.3506,-71.0679,Room in hotel,Private room,2,,1,,,1,365,t,0,0,2,2,0,0,0,2,0,0,,,,,,,,,t,4,0,4,0,
1.09191E+18,100%,96%,f,5084,5865,t,t,Downtown,42.365947,-71.063473,Entire rental unit,Entire home/apt,4,2,2,2,$487.00 ,32,1125,t,0,0,17,292,0,0,0,26,0,0,0,,,,,,,,t,343,343,0,0,
1.09209E+18,100%,0%,f,1,1,t,f,East Boston,42.38246232,-71.0301385,Entire rental unit,Entire home/apt,4,1.5,3,3,$179.00 ,30,365,t,0,14,44,319,0,0,0,54,0,0,0,,,,,,,,f,1,1,0,0,
1.09288E+18,100%,100%,f,15,15,t,t,Downtown,42.3575,-71.05286,Room in hotel,Private room,4,1,1,2,,1,365,t,8,17,33,40,7,3,1,40,5,18,,5,5,5,5,5,5,5,t,8,0,8,0,0.42
1.09288E+18,100%,100%,f,15,15,t,t,Downtown,42.3575,-71.05286,Room in hotel,Private room,2,,1,,,1,365,t,12,23,39,45,13,6,1,45,7,36,,4.38,5,5,4.85,4.46,5,4.62,t,8,0,8,0,0.72
1.09288E+18,100%,100%,f,15,15,t,t,Downtown,42.3575,-71.05286,Room in hotel,Private room,2,1,1,,,1,365,t,12,23,39,45,4,0,0,45,4,0,,4.75,4.5,5,5,3.75,5,4.5,t,8,0,8,0,0.21
1.09288E+18,100%,100%,f,15,15,t,t,Downtown,42.3575,-71.05286,Room in hotel,Private room,2,1,1,1,,1,365,t,12,23,39,45,0,0,0,45,0,0,,,,,,,,,t,8,0,8,0,
1.09288E+18,100%,100%,f,15,15,t,t,Downtown,42.3575,-71.05286,Room in hotel,Private room,2,1,1,1,,1,365,t,2,10,25,31,0,0,0,31,0,0,,,,,,,,,t,8,0,8,0,
1.09288E+18,100%,100%,f,15,15,t,t,Downtown,42.3575,-71.05286,Room in hotel,Private room,4,1,1,2,,1,365,t,13,24,40,46,0,0,0,46,0,0,,,,,,,,,t,8,0,8,0,
1.09288E+18,100%,100%,f,15,15,t,t,Downtown,42.3575,-71.05286,Room in hotel,Private room,4,1,1,2,,1,365,t,12,23,39,45,0,0,0,45,0,0,,,,,,,,,t,8,0,8,0,
1.09288E+18,100%,100%,f,15,15,t,t,Downtown,42.3575,-71.05286,Room in hotel,Private room,4,1,1,2,,1,365,t,12,23,39,45,3,2,0,45,1,12,,4.33,4.33,4.33,5,3.67,4.33,3.67,t,8,0,8,0,0.18
1.09364E+18,100%,96%,t,70,145,t,t,Beacon Hill,42.36045,-71.0696,Entire rental unit,Entire home/apt,4,1,3,3,$139.00 ,29,365,t,6,8,10,170,2,0,0,19,2,0,0,5,5,5,5,5,5,5,f,8,8,0,0,0.11
1.09577E+18,100%,93%,,280,445,t,t,Beacon Hill,42.35998587,-71.06730585,Entire rental unit,Entire home/apt,4,1,3,3,$135.00 ,29,365,t,23,25,27,187,2,1,0,36,2,58,7830,4,5,5,5,4,5,3,f,115,52,63,0,0.15
1.09586E+18,100%,100%,f,1,1,t,f,Dorchester,42.2882523,-71.06384427,Entire home,Entire home/apt,6,1.5,3,1,$234.00 ,2,14,t,21,49,72,347,37,20,4,82,23,120,28080,4.65,4.78,4.81,4.86,4.89,4.47,4.53,f,1,1,0,0,2.26
1.09599E+18,100%,N/A,f,3,3,t,f,Hyde Park,42.26582638,-71.10581891,Private room in home,Private room,2,,1,,,1,1125,t,0,0,0,80,13,0,0,0,13,0,,4.92,5,5,5,5,4.85,4.92,f,2,0,2,0,0.68
1.09627E+18,100%,83%,f,15,16,t,t,South End,42.346155,-71.070907,Room in hotel,Private room,4,1,1,2,,1,365,t,22,51,81,91,23,17,1,90,10,102,,4.7,4.78,4.87,5,4.78,4.74,4.57,t,14,0,14,0,1.33
1.09627E+18,100%,83%,f,15,16,t,t,South End,42.346155,-71.070907,Room in hotel,Private room,2,1,1,1,,1,365,t,30,60,90,100,5,3,0,99,3,18,,4.4,5,4.8,4.2,3.8,4.8,4.8,t,14,0,14,0,0.26
1.09628E+18,100%,83%,f,15,16,t,t,South End,42.346155,-71.070907,Room in hotel,Private room,2,1,1,1,,1,365,t,18,43,73,83,3,3,0,82,0,18,,5,5,5,5,5,5,4.33,t,14,0,14,0,0.63
1.09628E+18,100%,83%,f,15,16,t,t,South End,42.346155,-71.070907,Room in hotel,Private room,2,1,1,1,$345.00 ,1,365,t,30,60,90,100,14,7,0,99,8,42,14490,3.93,4,4.71,4.43,4.07,4.79,4.14,t,14,0,14,0,0.73
1.09628E+18,100%,83%,f,15,16,t,t,South End,42.346155,-71.070907,Room in hotel,Private room,2,1,1,1,,1,365,t,18,46,67,77,0,0,0,76,0,0,,,,,,,,,t,14,0,14,0,
1.09628E+18,100%,83%,f,15,16,t,t,South End,42.346155,-71.070907,Room in hotel,Private room,2,1,1,1,,1,365,t,25,54,84,94,1,1,0,93,0,6,,4,3,4,4,4,5,4,t,14,0,14,0,0.24
1.09628E+18,100%,83%,f,15,16,t,t,South End,42.346155,-71.070907,Room in hotel,Private room,2,1,1,1,,1,365,t,19,42,63,73,0,0,0,72,0,0,,,,,,,,,t,14,0,14,0,
1.09628E+18,100%,83%,f,15,16,t,t,South End,42.346155,-71.070907,Room in hotel,Private room,2,1,1,1,,1,365,t,22,41,71,78,0,0,0,78,0,0,,,,,,,,,t,14,0,14,0,
1.09628E+18,100%,83%,f,15,16,t,t,South End,42.346155,-71.070907,Room in hotel,Private room,2,1,1,1,,1,365,t,26,56,86,92,0,0,0,91,0,0,,,,,,,,,t,14,0,14,0,
1.09628E+18,100%,83%,f,15,16,t,t,South End,42.346155,-71.070907,Room in hotel,Private room,4,1,1,2,,1,365,t,15,31,54,59,0,0,0,58,0,0,,,,,,,,,t,14,0,14,0,
1.09628E+18,100%,83%,f,15,16,t,t,South End,42.346155,-71.070907,Room in hotel,Private room,2,1,1,1,$388.00 ,1,365,t,29,59,89,99,0,0,0,98,0,0,0,,,,,,,,t,14,0,14,0,
1.09628E+18,100%,83%,f,15,16,t,t,South End,42.346155,-71.070907,Room in hotel,Private room,2,,1,,,1,365,t,22,49,78,88,0,0,0,87,0,0,,,,,,,,,t,14,0,14,0,
1.09628E+18,100%,83%,f,15,16,t,t,South End,42.346155,-71.070907,Room in hotel,Private room,2,1,1,1,,1,365,t,15,44,68,75,0,0,0,74,0,0,,,,,,,,,t,14,0,14,0,
1.09647E+18,100%,96%,t,1,1,t,t,South Boston,42.33679415,-71.04873851,Private room in rental unit,Private room,2,1.5,1,1,$110.00 ,1,1125,t,0,4,11,64,63,29,0,21,48,174,19140,4.94,4.92,4.9,4.86,4.86,4.84,4.79,f,1,0,1,0,3.4
1.09883E+18,87%,76%,f,102,193,t,t,Fenway,42.34761958,-71.10176605,Entire rental unit,Entire home/apt,6,,2,,,4,365,t,15,39,63,308,27,17,1,72,14,136,,4.85,4.81,4.93,4.96,4.96,4.96,4.78,t,72,72,0,0,1.6
1.09941E+18,100%,100%,f,5,8,t,t,Roslindale,42.28876,-71.12024,Entire rental unit,Entire home/apt,4,1,2,2,$200.00 ,92,365,t,30,60,90,364,0,0,0,99,0,0,0,,,,,,,,f,5,4,1,0,
1.09949E+18,100%,99%,t,4,5,t,t,Roslindale,42.28249575,-71.12207325,Private room in rental unit,Private room,2,1,1,1,$81.00 ,29,365,t,0,0,12,112,18,2,0,22,16,116,9396,4.83,4.83,4.78,4.83,5,4.83,4.83,f,4,0,4,0,1.01
1.10147E+18,100%,99%,f,6,7,t,t,Downtown,42.36079,-71.05584,Room in hotel,Private room,2,1,1,1,,1,365,t,29,59,89,132,7,6,0,99,4,36,,4.43,4.43,4.43,4.43,3.86,4.43,4.29,t,6,0,6,0,0.56
1.10147E+18,100%,99%,f,6,7,t,t,Downtown,42.36079,-71.05584,Room in hotel,Private room,2,1,1,1,,1,365,t,26,56,86,131,178,119,8,96,83,255,,4.53,4.54,4.57,4.75,4.45,4.9,4.42,t,6,0,6,0,9.43
1.10147E+18,100%,99%,f,6,7,t,t,Downtown,42.36079,-71.05584,Room in hotel,Private room,4,1,1,2,,1,365,t,15,37,66,107,13,13,1,74,0,78,,4.15,4.15,4.38,4.85,4.38,4.92,4.15,t,6,0,6,0,1.57
1.10147E+18,100%,99%,f,6,7,t,t,Downtown,42.36079,-71.05584,Room in hotel,Private room,2,1,1,1,,1,365,t,23,51,81,123,0,0,0,90,0,0,,,,,,,,,t,6,0,6,0,
1.10147E+18,100%,99%,f,6,7,t,t,Downtown,42.36079,-71.05584,Room in hotel,Private room,2,1,1,1,,1,365,t,29,59,89,131,2,1,0,98,1,6,,4,4,4.5,4.5,4.5,4.5,4.5,t,6,0,6,0,0.13
1.10148E+18,100%,99%,f,6,7,t,t,Downtown,42.36079,-71.05584,Room in hotel,Private room,4,,1,,,1,365,t,19,46,76,118,7,6,2,85,1,36,,4.57,4.57,4.71,4.86,4.14,5,4.71,t,6,0,6,0,0.5
1.10221E+18,100%,100%,f,2,4,t,t,Jamaica Plain,42.30541712,-71.11780838,Entire home,Entire home/apt,9,2,4,4,$418.00 ,2,14,t,10,11,11,11,2,0,0,11,2,0,0,5,5,5,5,5,5,5,t,2,2,0,0,0.12
1.10233E+18,95%,91%,f,117,207,t,t,South End,42.33842,-71.07143,Entire rental unit,Entire home/apt,2,1,1,1,$260.00 ,29,1125,t,30,60,90,131,4,0,0,99,4,0,0,5,5,4.75,5,5,5,5,f,33,33,0,0,0.22
1.10303E+18,96%,99%,t,8,11,t,t,Beacon Hill,42.35846,-71.07213,Private room in home,Private room,2,1,1,1,$143.00 ,1,365,t,0,6,31,268,164,95,9,39,102,255,36465,4.76,4.8,4.87,4.8,4.87,4.95,4.68,t,2,0,2,0,8.72
1.10371E+18,100%,100%,t,16,21,t,t,Roxbury,42.30787627,-71.09994234,Entire home,Entire home/apt,6,2.5,3,3,$309.00 ,2,365,t,11,22,34,183,23,23,5,34,7,138,42642,4.96,4.91,4.91,4.96,4.87,4.78,4.65,t,5,5,0,0,2.01
1.10579E+18,100%,99%,t,12,12,t,t,North End,42.366842,-71.05097,Room in hotel,Private room,2,,1,,,1,365,t,2,2,2,2,0,0,0,2,0,0,,,,,,,,,t,9,0,9,0,
1.10579E+18,100%,99%,t,12,12,t,t,North End,42.366842,-71.05097,Room in hotel,Private room,2,1,1,1,,1,365,t,4,4,4,4,28,23,2,4,6,138,,4.75,4.79,4.86,5,4.89,4.96,4.89,t,9,0,9,0,1.62
1.10579E+18,100%,99%,t,12,12,t,t,North End,42.366842,-71.05097,Room in hotel,Private room,2,,1,,,1,365,t,0,0,0,0,0,0,0,0,0,0,,,,,,,,,t,9,0,9,0,
1.10579E+18,100%,99%,t,12,12,t,t,North End,42.366842,-71.05097,Room in hotel,Private room,2,1,1,1,,1,365,t,2,2,2,2,0,0,0,2,0,0,,,,,,,,,t,9,0,9,0,
1.10579E+18,100%,99%,t,12,12,t,t,North End,42.366842,-71.05097,Room in hotel,Private room,4,1,1,2,,1,365,t,0,0,0,0,3,2,0,0,2,12,,4.67,5,5,5,5,5,4.67,t,9,0,9,0,0.2
1.10579E+18,100%,99%,t,12,12,t,t,North End,42.366842,-71.05097,Room in hotel,Private room,4,,1,,,1,365,t,1,1,1,1,0,0,0,1,0,0,,,,,,,,,t,9,0,9,0,
1.10579E+18,100%,99%,t,12,12,t,t,North End,42.366842,-71.05097,Room in hotel,Private room,4,1,1,2,,1,365,t,2,2,2,2,0,0,0,2,0,0,,,,,,,,,t,9,0,9,0,
1.10579E+18,100%,99%,t,12,12,t,t,North End,42.366842,-71.05097,Room in hotel,Private room,2,,1,,,1,365,t,0,0,0,0,0,0,0,0,0,0,,,,,,,,,t,9,0,9,0,
1.10579E+18,100%,99%,t,12,12,t,t,North End,42.366842,-71.05097,Room in hotel,Private room,2,,1,,,1,365,t,1,1,1,1,2,0,0,1,2,0,,4.5,4.5,4.5,4.5,3.5,5,4,t,9,0,9,0,0.11
1.10632E+18,100%,96%,f,5084,5865,t,t,Downtown,42.365947,-71.063473,Entire rental unit,Entire home/apt,2,1,1,1,$379.00 ,32,1125,t,0,0,3,278,0,0,0,12,0,0,0,,,,,,,,t,343,343,0,0,
1.10649E+18,100%,99%,t,3,4,t,t,Hyde Park,42.26808,-71.11704,Private room in home,Private room,2,1,1,0,$60.00 ,1,365,t,12,20,50,230,74,51,5,60,40,255,15300,4.89,4.92,4.86,4.96,4.96,4.62,4.85,f,3,0,3,0,4.23
1.10673E+18,100%,100%,t,1,1,t,t,Jamaica Plain,42.32184,-71.10216,Entire condo,Entire home/apt,8,2,4,5,$471.00 ,1,365,t,4,20,46,78,20,14,1,52,9,84,39564,4.8,4.7,4.85,4.95,4.95,4.6,4.75,f,1,1,0,0,1.4
1.10859E+18,100%,0%,f,1,1,t,f,Downtown,42.35759,-71.0614,Entire rental unit,Entire home/apt,2,1,1,1,$142.00 ,91,180,t,0,0,22,297,0,0,0,31,0,0,0,,,,,,,,f,1,1,0,0,
1.10938E+18,100%,100%,f,55,56,t,t,Allston,42.36024,-71.1299,Private room in home,Private room,4,1,1,3,$96.00 ,1,365,t,18,41,70,344,141,102,4,80,64,255,24480,4.72,4.75,4.59,4.9,4.84,4.87,4.65,t,17,0,17,0,7.97
1.10951E+18,100%,34%,f,21,32,t,t,Hyde Park,42.25150597,-71.13251906,Entire rental unit,Entire home/apt,6,1.5,3,2,$143.00 ,30,365,t,3,16,16,16,3,1,0,16,2,60,8580,4.67,4.67,4.67,5,5,4.33,4.67,f,11,11,0,0,0.19
1.1101E+18,100%,100%,t,2,2,t,t,Hyde Park,42.24684,-71.11612,Entire rental unit,Entire home/apt,6,1,3,3,$283.00 ,29,365,t,0,0,0,181,22,10,0,0,18,255,72165,4.95,5,4.91,5,5,4.91,4.73,f,2,2,0,0,1.32
1.11025E+18,80%,50%,f,1,3,t,t,Roxbury,42.32231,-71.07877,Private room in rental unit,Private room,1,1,1,1,$90.00 ,91,200,t,1,1,1,208,1,1,0,1,0,182,16380,5,5,5,5,5,5,5,f,1,0,1,0,0.3
1.11047E+18,100%,100%,t,1,1,t,t,South Boston,42.3328365,-71.050833,Entire condo,Entire home/apt,4,1,1,1,$218.00 ,1,365,t,0,0,0,30,79,39,0,0,57,234,51012,4.92,4.91,4.96,4.96,4.96,4.73,4.77,f,1,1,0,0,4.31
1.11084E+18,100%,100%,t,8,11,t,t,Roxbury,42.31585,-71.09001,Entire rental unit,Entire home/apt,4,1.5,4,4,$133.00 ,30,365,t,25,51,78,258,2,2,0,88,1,120,15960,5,5,5,5,5,5,5,t,8,1,7,0,0.17
1.11086E+18,100%,99%,t,4,4,t,t,Roxbury,42.31662,-71.0819,Entire rental unit,Entire home/apt,6,2,2,2,$185.00 ,1,365,t,7,20,50,50,58,32,3,50,31,192,35520,4.86,4.88,4.83,5,4.95,4.64,4.81,f,3,3,0,0,3.17
1.11115E+18,100%,100%,t,39,40,t,t,Brighton,42.34806222,-71.1461687,Entire rental unit,Entire home/apt,4,2,2,5,$255.00 ,1,365,t,17,42,60,114,99,61,1,61,57,255,65025,4.96,4.97,4.99,4.88,4.95,4.94,4.85,t,39,39,0,0,5.36
1.1114E+18,100%,96%,f,5084,5865,t,t,South End,42.3439382,-71.0638329,Entire rental unit,Entire home/apt,2,1,1,1,$396.00 ,32,1125,t,0,0,7,282,0,0,0,16,0,0,0,,,,,,,,t,343,343,0,0,
1.1127E+18,99%,100%,f,17,18,t,t,Bay Village,42.34832921,-71.06932222,Private room in rental unit,Private room,1,1,1,1,$137.00 ,2,500,t,11,25,55,330,12,7,0,64,9,42,5754,4,4,4.42,4.67,4.58,4.75,4.33,t,17,8,8,1,0.71
1.11296E+18,75%,100%,f,18,1596,t,t,Dorchester,42.32535975,-71.05775963,Private room in rental unit,Private room,1,0,1,1,$66.00 ,91,365,t,5,5,5,196,0,0,0,5,0,0,0,,,,,,,,f,9,0,9,0,
1.11296E+18,75%,100%,f,18,1596,t,t,Roxbury,42.32774437,-71.09050802,Private room in rental unit,Private room,1,0,1,1,$57.00 ,91,365,t,0,0,0,191,0,0,0,0,0,0,0,,,,,,,,t,9,0,9,0,
1.11296E+18,75%,100%,f,18,1596,t,t,South Boston,42.33144147,-71.04816156,Private room in rental unit,Private room,1,0,1,1,$69.00 ,91,365,t,0,0,0,191,0,0,0,0,0,0,0,,,,,,,,t,9,0,9,0,
1.11296E+18,75%,100%,f,18,1596,t,t,Dorchester,42.2899,-71.06906,Private room in rental unit,Private room,1,,1,,,91,365,t,0,0,0,191,0,0,0,0,0,0,,,,,,,,,t,9,0,9,0,
1.11525E+18,100%,98%,f,21,122,t,t,Fenway,42.34253041,-71.10108053,Entire rental unit,Entire home/apt,2,1,1,1,$375.00 ,1,1125,t,8,29,57,268,6,5,1,67,3,30,11250,4.17,4.5,4.33,5,4.33,5,4.17,t,16,10,6,0,0.47
1.11526E+18,100%,100%,f,8,10,t,t,Downtown,42.3550474,-71.0622106,Private room in rental unit,Private room,2,1,1,1,$159.00 ,1,365,t,17,41,71,280,116,59,1,80,82,255,40545,4.19,4.35,4.23,4.72,4.73,4.67,4.1,t,8,5,3,0,6.3
1.11527E+18,100%,98%,f,21,122,t,t,Fenway,42.34469149,-71.10134438,Entire rental unit,Entire home/apt,4,2,2,2,$968.00 ,1,1125,t,4,11,34,238,13,6,1,42,8,36,34848,4.54,4.62,4.85,4.85,4.69,4.85,4.46,t,16,10,6,0,0.8
1.11557E+18,100%,98%,t,50,57,t,t,South Boston,42.32950941,-71.05572305,Entire home,Entire home/apt,14,,5,,,29,365,t,15,22,23,65,52,19,0,26,44,255,,4.98,4.96,4.98,4.98,5,4.88,4.9,f,18,8,10,0,2.84
1.11578E+18,100%,98%,t,50,57,t,t,South Boston,42.33112,-71.0576,Private room in home,Private room,4,,,,,29,365,t,0,0,0,0,1,0,0,0,1,0,,5,5,5,5,5,5,5,f,18,8,10,0,0.06
1.11579E+18,100%,98%,t,50,57,t,t,South Boston,42.32957,-71.05597,Private room in home,Private room,2,,,,,29,365,t,0,0,0,0,2,1,0,0,2,58,,5,5,5,5,5,5,5,f,18,8,10,0,0.11
1.11579E+18,100%,98%,t,50,57,t,t,South Boston,42.33132,-71.05608,Private room in home,Private room,2,,,,,29,365,t,0,0,0,0,1,0,0,0,1,0,,5,5,5,5,5,5,5,f,18,8,10,0,0.06
1.1158E+18,100%,98%,t,50,57,t,t,South Boston,42.32932,-71.05724,Private room in home,Private room,2,,,,,29,365,t,0,0,0,0,2,0,0,0,2,0,,5,5,5,5,5,4.5,5,f,18,8,10,0,0.11
1.11582E+18,100%,100%,t,1,1,t,t,Back Bay,42.34655,-71.08497,Room in hotel,Private room,2,1,1,1,$263.00 ,1,365,t,11,11,11,11,137,101,30,11,39,255,67065,4.72,4.72,4.79,4.71,4.54,4.88,4.57,t,1,0,1,0,7.65
1.11597E+18,100%,100%,t,1,1,t,t,South Boston Waterfront,42.349248,-71.041437,Room in hotel,Private room,2,1,1,1,,1,365,t,28,58,88,112,12,10,4,97,4,60,,5,5,4.92,5,5,5,4.83,t,1,0,1,0,0.66
1.116E+18,100%,58%,f,21,29,t,t,Dorchester,42.32123083,-71.0577439,Entire rental unit,Entire home/apt,2,1,0,1,$93.00 ,29,365,t,14,44,74,349,2,1,0,84,1,58,5394,4.5,5,4.5,4.5,5,5,4.5,f,9,9,0,0,0.12
1.11785E+18,100%,96%,f,5084,5865,t,t,Brighton,42.3477738,-71.1460998,Entire rental unit,Entire home/apt,4,2,2,2,$287.00 ,32,1125,t,0,0,2,277,0,0,0,12,0,0,0,,,,,,,,t,343,343,0,0,
1.1189E+18,N/A,40%,f,1,1,t,t,South Boston,42.3325797,-71.0484071,Entire condo,Entire home/apt,4,,3,,,28,365,t,0,0,0,0,10,2,0,0,9,112,,5,5,5,5,4.9,4.9,4.8,f,1,1,0,0,0.61
1.12025E+18,97%,96%,t,10,13,t,t,Dorchester,42.31467,-71.06034,Private room in rental unit,Private room,1,,1,,,91,365,t,0,0,22,201,0,0,0,31,0,0,,,,,,,,,f,4,0,4,0,
1.12043E+18,100%,94%,t,1,1,t,f,Hyde Park,42.24472839,-71.12051106,Entire rental unit,Entire home/apt,6,2,3,3,$250.00 ,1,1125,t,10,33,57,234,68,31,0,67,49,186,46500,4.85,4.9,4.75,4.97,4.9,4.66,4.65,f,1,1,0,0,3.86
1.1206E+18,100%,100%,t,1,1,t,t,Charlestown,42.37675,-71.05916,Entire rental unit,Entire home/apt,4,1,1,2,$229.00 ,1,14,t,2,16,25,95,88,54,4,25,51,255,58395,4.98,5,4.97,5,5,4.98,4.92,f,1,1,0,0,4.92
1.12126E+18,100%,100%,t,39,40,t,t,Brighton,42.348,-71.14659,Entire rental unit,Entire home/apt,2,1,1,2,$178.00 ,1,365,t,13,38,68,136,72,51,2,77,44,255,45390,4.9,4.92,4.97,4.81,4.9,4.92,4.71,t,39,39,0,0,4.05
1.12163E+18,100%,58%,f,21,29,t,t,Dorchester,42.32128,-71.05731,Entire rental unit,Entire home/apt,2,1,0,1,$93.00 ,31,365,t,30,60,90,365,0,0,0,99,0,0,0,,,,,,,,f,9,9,0,0,
1.12209E+18,100%,100%,t,39,40,t,t,Brighton,42.346668,-71.14443911,Entire rental unit,Entire home/apt,2,1,1,2,$163.00 ,1,365,t,20,47,77,145,91,61,3,86,49,255,41565,4.87,4.91,4.89,4.82,4.91,4.86,4.66,t,39,39,0,0,5.06
1.12261E+18,100%,100%,t,3,4,t,t,Fenway,42.34958907,-71.1001907,Entire rental unit,Entire home/apt,2,1,1,1,$126.00 ,29,90,t,0,21,51,231,5,3,0,61,4,174,21924,5,4.8,4.4,4.6,5,5,4.8,t,3,1,2,0,0.32
1.12298E+18,100%,96%,f,5084,5865,t,t,Brighton,42.3477738,-71.1460998,Entire rental unit,Entire home/apt,2,1,0,1,$226.00 ,32,1125,t,0,0,0,250,0,0,0,0,0,0,0,,,,,,,,t,343,343,0,0,
1.12533E+18,N/A,0%,f,1,1,t,f,Beacon Hill,42.3603,-71.06588,Private room in home,Private room,4,,2,,,1,365,,0,0,0,0,0,0,0,0,0,0,,,,,,,,,f,1,0,1,0,
1.12546E+18,97%,99%,f,6,25,t,t,South End,42.34636307,-71.06294728,Entire rental unit,Entire home/apt,5,1,1,2,$418.00 ,29,365,t,22,45,75,338,0,0,0,84,0,0,0,,,,,,,,f,5,5,0,0,
1.12613E+18,100%,75%,f,5,5,t,t,Beacon Hill,42.3569413,-71.069678,Room in hotel,Private room,2,1,1,1,,1,365,t,13,41,68,75,0,0,0,75,0,0,,,,,,,,,t,5,0,5,0,
1.12613E+18,100%,75%,f,5,5,t,t,Beacon Hill,42.3569413,-71.069678,Room in hotel,Private room,2,1,1,1,,1,365,t,19,48,78,87,2,1,0,87,1,6,,4,4.5,5,4,4,5,4,t,5,0,5,0,0.15
1.12613E+18,100%,75%,f,5,5,t,t,Beacon Hill,42.3569413,-71.069678,Room in hotel,Private room,2,,1,,,1,365,t,11,29,59,68,0,0,0,68,0,0,,,,,,,,,t,5,0,5,0,
1.12613E+18,100%,75%,f,5,5,t,t,Beacon Hill,42.3569413,-71.069678,Room in hotel,Private room,2,1,1,1,,1,365,t,8,27,50,59,0,0,0,59,0,0,,,,,,,,,t,5,0,5,0,
1.12613E+18,100%,75%,f,5,5,t,t,Beacon Hill,42.3569413,-71.069678,Room in hotel,Private room,2,1,1,1,,1,365,t,13,40,69,78,0,0,0,78,0,0,,,,,,,,,t,5,0,5,0,
1.12694E+18,89%,94%,f,19,49,t,t,North End,42.36469,-71.05528,Entire rental unit,Entire home/apt,4,1,2,2,$285.00 ,3,365,t,4,21,43,237,54,38,2,53,27,228,64980,4.83,4.89,4.74,4.94,4.7,4.96,4.76,f,14,12,2,0,3.07
1.12819E+18,100%,96%,f,5084,5865,t,t,Downtown,42.365947,-71.063473,Entire rental unit,Entire home/apt,4,2,2,2,$514.00 ,32,1125,t,0,0,0,144,0,0,0,0,0,0,0,,,,,,,,t,343,343,0,0,
1.12828E+18,99%,98%,f,20,22,t,t,Bay Village,42.348419,-71.069839,Private room in rental unit,Private room,2,1,1,1,$131.00 ,2,500,t,15,21,51,260,5,2,0,60,4,12,1572,4,4,3.6,5,4.6,4.2,4,t,20,5,15,0,0.32
1.12891E+18,87%,76%,f,102,193,t,t,Longwood Medical Area,42.3411,-71.10624,Entire rental unit,Entire home/apt,5,2,2,3,$611.00 ,4,365,t,30,60,90,365,1,0,0,100,1,0,0,5,5,5,5,5,5,5,f,72,72,0,0,0.07
1.12892E+18,87%,76%,f,102,193,t,t,Longwood Medical Area,42.33966,-71.10409,Entire rental unit,Entire home/apt,6,2,2,3,$611.00 ,4,365,t,30,60,90,365,0,0,0,99,0,0,0,,,,,,,,f,72,72,0,0,
1.12982E+18,99%,100%,f,12,19,t,t,North End,42.36748,-71.05456,Entire rental unit,Entire home/apt,3,1,1,2,$133.00 ,2,365,t,3,11,33,276,69,29,2,38,50,174,23142,4.62,4.62,4.45,4.86,4.75,4.86,4.48,t,7,7,0,0,3.92
1.12982E+18,99%,100%,f,12,19,t,t,North End,42.36709266,-71.05351149,Entire rental unit,Entire home/apt,3,1,1,2,$133.00 ,2,365,t,6,20,37,282,64,30,2,42,48,180,23940,4.63,4.78,4.47,4.92,4.84,4.98,4.61,t,7,7,0,0,3.6
1.12985E+18,100%,78%,f,2,2,t,t,South Boston,42.33687904,-71.04150395,Entire rental unit,Entire home/apt,4,,2,,,2,365,t,0,0,0,0,56,27,1,0,38,162,,4.66,4.59,4.59,4.95,4.91,4.86,4.59,f,1,1,0,0,3.18
1.13074E+18,100%,87%,f,14,22,t,t,Roxbury,42.33724687,-71.08557852,Entire rental unit,Entire home/apt,4,2,2,2,$306.00 ,30,1125,t,2,9,29,186,16,6,0,38,16,255,78030,4.88,4.94,4.88,4.94,4.88,4.75,4.88,f,12,12,0,0,0.96
1.13133E+18,100%,98%,t,50,57,t,t,South Boston,42.3301,-71.05538,Entire home,Entire home/apt,12,3,5,6,$808.00 ,29,365,t,30,60,90,269,1,1,0,99,0,58,46864,5,5,5,5,5,5,5,f,18,8,10,0,0.31
1.13137E+18,90%,99%,t,266,1126,t,t,South Boston Waterfront,42.35355842,-71.04771396,Entire rental unit,Entire home/apt,3,1,1,1,$250.00 ,32,270,t,1,31,61,330,0,0,0,70,0,0,0,,,,,,,,t,43,43,0,0,
1.13137E+18,90%,99%,t,266,1126,t,t,South Boston Waterfront,42.35201,-71.04772,Entire rental unit,Entire home/apt,3,1,1,1,$240.00 ,32,270,t,0,18,48,318,0,0,0,58,0,0,0,,,,,,,,t,43,43,0,0,
1.13137E+18,90%,99%,t,266,1126,t,t,South Boston Waterfront,42.35169,-71.04626,Entire rental unit,Entire home/apt,3,1,1,1,$297.00 ,32,270,t,22,52,82,351,0,0,0,91,0,0,0,,,,,,,,t,43,43,0,0,
1.13137E+18,90%,99%,t,266,1126,t,t,South Boston Waterfront,42.35238,-71.0475,Entire rental unit,Entire home/apt,3,1,1,1,$240.00 ,32,270,t,0,17,47,317,0,0,0,57,0,0,0,,,,,,,,t,43,43,0,0,
1.13137E+18,90%,99%,t,266,1126,t,t,Back Bay,42.34713,-71.08009,Entire rental unit,Entire home/apt,3,1,1,1,$195.00 ,32,270,t,0,0,6,275,0,0,0,15,0,0,0,,,,,,,,t,43,43,0,0,
1.13179E+18,100%,99%,f,106,170,t,t,Jamaica Plain,42.32436,-71.10818,Entire rental unit,Entire home/apt,8,,4,,,29,365,t,0,0,0,0,9,0,0,0,9,0,,4.78,4.44,4.78,4.89,5,4.56,4.33,f,1,1,0,0,0.56
1.13183E+18,90%,99%,t,266,1126,t,t,Back Bay,42.34923516,-71.07898979,Entire rental unit,Entire home/apt,3,1,1,1,$250.00 ,32,270,t,9,39,69,338,0,0,0,78,0,0,0,,,,,,,,t,43,43,0,0,
1.13196E+18,100%,93%,,280,445,t,t,Beacon Hill,42.36033286,-71.0709537,Entire rental unit,Entire home/apt,2,1,2,2,$110.00 ,29,365,t,9,39,69,229,4,3,0,78,3,174,19140,4.75,4.75,5,5,5,5,4.75,f,115,52,63,0,0.31
1.13197E+18,100%,91%,f,3,3,t,t,Allston,42.3600962,-71.12764886,Private room in home,Private room,2,1,1,1,$70.00 ,28,365,t,0,0,8,188,2,2,1,18,0,112,7840,5,5,4,5,5,5,4,f,3,0,3,0,0.79
1.13212E+18,95%,91%,f,117,207,t,t,Dorchester,42.29536,-71.05618,Entire rental unit,Entire home/apt,8,2,3,3,$240.00 ,30,1125,t,0,29,59,334,2,1,0,69,1,60,14400,5,5,4.5,5,5,4.5,4.5,f,33,33,0,0,0.15
1.13257E+18,100%,83%,f,6,6,t,t,Downtown,42.3564,-71.05731,Room in hotel,Private room,2,1,1,1,,1,365,t,29,59,89,99,0,0,0,98,0,0,,,,,,,,,t,6,0,6,0,
1.13257E+18,100%,83%,f,6,6,t,t,Downtown,42.3564,-71.05731,Room in hotel,Private room,2,,1,,,1,365,t,25,48,78,88,7,6,2,87,2,36,,4.71,4.86,5,5,5,5,4.71,t,6,0,6,0,0.4
1.13257E+18,100%,83%,f,6,6,t,t,Downtown,42.3564,-71.05731,Room in hotel,Private room,2,1,1,1,,1,365,t,9,30,59,69,2,2,0,68,0,12,,3.5,4,5,4,4,5,3,t,6,0,6,0,0.31
1.13257E+18,100%,83%,f,6,6,t,t,Downtown,42.3564,-71.05731,Room in hotel,Private room,2,1,1,1,,1,365,t,1,1,1,1,0,0,0,1,0,0,,,,,,,,,t,6,0,6,0,
1.13257E+18,100%,83%,f,6,6,t,t,Downtown,42.3564,-71.05731,Room in hotel,Private room,2,1,1,1,$558.00 ,1,365,t,29,59,89,99,0,0,0,98,0,0,0,,,,,,,,t,6,0,6,0,
1.13257E+18,100%,83%,f,6,6,t,t,Downtown,42.3564,-71.05731,Room in hotel,Private room,2,1,1,1,,1,365,t,2,2,2,2,0,0,0,2,0,0,,,,,,,,,t,6,0,6,0,
1.13288E+18,100%,100%,t,39,40,t,t,Brighton,42.34605,-71.14576,Entire rental unit,Entire home/apt,2,1,0,2,$193.00 ,1,365,t,12,42,72,154,55,42,3,82,24,252,48636,4.75,4.76,4.85,4.73,4.84,4.8,4.64,t,39,39,0,0,3.14
1.13297E+18,100%,100%,t,32,32,t,t,Back Bay,42.34769841,-71.08334862,Entire rental unit,Entire home/apt,4,2,2,0,$490.00 ,29,365,t,20,50,80,89,4,3,0,89,1,174,85260,5,5,5,5,5,5,5,t,30,28,2,0,0.29
1.13479E+18,100%,98%,t,5,5,t,t,Downtown,42.3563603,-71.0617784,Entire rental unit,Entire home/apt,6,3,3,3,"$1,215.00 ",29,365,t,30,39,39,39,20,7,0,39,17,255,309825,4.8,4.9,5,4.85,4.9,4.85,4.6,f,5,5,0,0,1.15
1.13485E+18,100%,99%,t,1,1,t,t,East Boston,42.3673067,-71.0378328,Entire condo,Entire home/apt,7,2,3,4,$337.00 ,1,1125,t,10,20,35,297,93,64,6,42,45,255,85935,4.98,4.97,4.98,4.95,4.98,4.8,4.83,f,1,1,0,0,5.5
1.13575E+18,100%,100%,t,7,8,t,t,Roxbury,42.32751,-71.08527,Private room in home,Private room,2,1,1,1,$112.00 ,1,365,t,4,21,45,222,195,115,8,55,113,255,28560,4.88,4.91,4.74,4.96,4.95,4.49,4.84,f,7,1,6,0,11.29
1.13575E+18,100%,100%,t,7,8,t,t,Roxbury,42.32616888,-71.08676647,Private room in home,Private room,2,1,1,1,$83.00 ,1,365,t,3,6,24,24,177,114,8,24,92,255,21165,4.79,4.82,4.73,4.91,4.94,4.62,4.81,f,7,1,6,0,10.21
1.13578E+18,100%,100%,t,7,8,t,t,Roxbury,42.326212,-71.08694338,Private room in home,Private room,1,1,1,1,$61.00 ,1,365,t,23,32,32,32,115,62,6,32,71,255,15555,4.8,4.77,4.74,4.91,4.95,4.58,4.78,f,7,1,6,0,6.71
1.13615E+18,100%,98%,t,5,5,t,t,Downtown,42.3563603,-71.0617784,Entire rental unit,Entire home/apt,6,3,3,3,"$1,350.00 ",29,365,t,26,35,35,35,35,16,0,35,31,255,344250,4.97,4.97,4.97,4.97,4.97,4.86,4.89,f,5,5,0,0,2.01
1.13615E+18,100%,98%,t,5,5,t,t,Downtown,42.35718015,-71.06255274,Entire rental unit,Entire home/apt,6,,3,,,29,365,t,17,26,26,26,30,15,0,26,25,255,,5,5,4.97,4.93,4.97,4.73,4.9,f,5,5,0,0,1.72
1.13616E+18,100%,98%,t,5,5,t,t,Downtown,42.35602,-71.06094,Entire rental unit,Entire home/apt,6,,3,,,29,365,t,27,36,36,36,12,5,0,36,10,255,,4.83,5,5,5,5,4.25,4.58,f,5,5,0,0,0.71
1.13616E+18,100%,98%,t,5,5,t,t,Downtown,42.35534,-71.0629,Entire rental unit,Entire home/apt,6,3,3,3,"$1,350.00 ",29,365,t,30,39,39,39,9,4,0,39,8,232,313200,4.89,4.89,5,4.89,5,4.78,4.89,f,5,5,0,0,0.55
1.13699E+18,100%,99%,f,3,5,t,t,Mattapan,42.27246293,-71.09133046,Entire home,Entire home/apt,6,2,2,4,$238.00 ,29,365,t,2,24,54,329,37,25,0,64,20,255,60690,4.92,4.86,4.92,4.92,4.92,4.59,4.81,t,1,1,0,0,2.26
1.13718E+18,100%,100%,t,39,40,t,t,Brighton,42.34606114,-71.14480196,Entire rental unit,Entire home/apt,4,1,2,3,$239.00 ,1,365,t,14,44,74,143,97,66,2,84,46,255,60945,4.77,4.81,4.93,4.74,4.92,4.82,4.68,t,39,39,0,0,5.61
1.13753E+18,100%,100%,t,7,8,t,t,Roxbury,42.32743877,-71.085003,Private room in home,Private room,2,1,1,1,$80.00 ,1,365,t,1,13,42,48,176,115,8,48,92,255,20400,4.86,4.87,4.73,4.96,4.95,4.62,4.84,f,7,1,6,0,10.11
1.13789E+18,100%,87%,t,4,9,t,t,Allston,42.35900149,-71.12519092,Private room in home,Private room,1,,,,,28,365,t,0,0,0,8,8,7,1,8,3,255,,4.88,4.75,4.5,4.88,5,4.75,4.5,f,4,0,4,0,0.54
1.13838E+18,100%,100%,t,7,8,t,t,Roxbury,42.32775904,-71.08533089,Private room in home,Private room,2,1,1,1,$81.00 ,1,30,t,3,19,44,206,199,142,7,47,97,255,20655,4.83,4.86,4.73,4.95,4.9,4.6,4.79,f,7,1,6,0,11.66
1.13847E+18,90%,99%,t,266,1126,t,t,Back Bay,42.34722,-71.08026,Entire rental unit,Entire home/apt,3,1,1,1,$250.00 ,32,270,t,22,52,82,351,0,0,0,91,0,0,0,,,,,,,,t,43,43,0,0,
1.13848E+18,90%,99%,t,266,1126,t,t,Back Bay,42.34758287,-71.07896338,Entire rental unit,Entire home/apt,3,,1,,,32,270,t,0,16,46,315,0,0,0,55,0,0,,,,,,,,,t,43,43,0,0,
1.13848E+18,90%,99%,t,266,1126,t,t,Back Bay,42.34735001,-71.07892405,Entire rental unit,Entire home/apt,3,1,1,1,$260.00 ,32,270,t,30,60,90,359,0,0,0,99,0,0,0,,,,,,,,t,43,43,0,0,
1.13852E+18,90%,99%,t,266,1126,t,t,Fenway,42.34558,-71.09819,Entire rental unit,Entire home/apt,5,2,2,2,$340.00 ,32,270,t,0,23,53,322,0,0,0,62,0,0,0,,,,,,,,t,43,43,0,0,
1.13918E+18,100%,87%,t,4,9,t,t,Allston,42.35933215,-71.12307711,Private room in home,Private room,1,1,1,1,$93.00 ,29,365,t,3,10,40,220,6,4,0,50,3,232,21576,4.83,4.67,4.67,5,5,4.83,4.17,f,4,0,4,0,0.43
1.13927E+18,33%,28%,f,33,75,t,t,Fenway,42.34797971,-71.10197428,Entire rental unit,Entire home/apt,6,,2,,,4,365,t,30,60,90,255,2,1,0,99,2,8,,5,4.5,4.5,4.5,4.5,5,4,f,16,16,0,0,0.14
1.14042E+18,100%,97%,t,5,5,t,t,Dorchester,42.30504,-71.0665,Entire rental unit,Entire home/apt,4,1,2,2,$147.00 ,3,365,t,8,24,54,327,19,14,0,63,9,84,12348,4.79,4.79,4.84,4.79,4.68,4.11,4.68,f,5,5,0,0,1.15
1.14055E+18,100%,87%,t,4,9,t,t,Allston,42.36096,-71.12318,Private room in home,Private room,2,1,1,1,$88.00 ,28,365,t,0,0,6,160,6,5,0,15,2,255,22440,4.83,4.83,4.5,5,5,4.67,4.5,f,4,0,4,0,0.44
1.14056E+18,100%,87%,t,4,9,t,t,Allston,42.36124351,-71.124509,Private room in home,Private room,1,1,1,1,$91.00 ,29,365,t,0,0,0,171,4,2,0,1,3,116,10556,5,5,4.75,5,5,4.75,4.75,f,4,0,4,0,0.27
1.14128E+18,100%,96%,t,2,2,t,t,Jamaica Plain,42.3228114,-71.106862,Entire rental unit,Entire home/apt,3,1,1,1,$144.00 ,2,365,t,10,36,66,243,17,17,0,76,0,102,14688,4.76,4.76,4.71,4.94,4.94,4.76,4.65,f,2,2,0,0,3.29
1.1428E+18,100%,63%,t,3,3,t,t,Beacon Hill,42.3593,-71.06664,Private room in condo,Private room,2,1,1,0,$135.00 ,29,365,t,0,8,8,140,9,0,0,8,9,0,0,5,5,4.89,5,5,5,5,f,2,1,1,0,0.53
1.14303E+18,100%,100%,t,39,40,t,t,Brighton,42.34866312,-71.14663905,Entire rental unit,Entire home/apt,4,2,2,5,$202.00 ,1,365,t,20,50,76,145,80,48,1,86,56,255,51510,4.8,4.75,4.94,4.63,4.71,4.85,4.73,t,39,39,0,0,4.67
1.14575E+18,100%,90%,f,2864,6545,t,t,Bay Village,42.35042,-71.06731,Room in hotel,Hotel room,3,1,1,2,"$50,000.00 ",1,1125,t,22,52,82,311,0,0,0,91,0,0,0,,,,,,,,t,46,0,0,0,
1.14575E+18,100%,90%,f,2864,6545,t,t,Bay Village,42.35042,-71.06731,Room in hotel,Hotel room,3,1,1,2,"$40,000.00 ",1,1125,t,22,52,82,311,1,1,0,91,0,6,240000,5,5,5,5,5,5,5,t,46,0,0,0,0.34
1.14575E+18,100%,90%,f,2864,6545,t,t,Bay Village,42.35042,-71.06731,Room in hotel,Hotel room,2,,1,,,1,1125,t,21,51,81,323,4,3,0,90,1,18,,4.25,4.75,4.75,5,4.75,5,4.25,t,46,0,0,0,0.31
1.14575E+18,100%,90%,f,2864,6545,t,t,Bay Village,42.35042,-71.06731,Room in hotel,Hotel room,2,1,1,1,"$40,000.00 ",1,1125,t,21,51,81,323,0,0,0,90,0,0,0,,,,,,,,t,46,0,0,0,
1.14575E+18,100%,90%,f,2864,6545,t,t,Bay Village,42.35042,-71.06731,Room in hotel,Hotel room,4,1,1,2,"$50,000.00 ",1,1125,t,21,51,81,322,7,7,1,90,1,42,2100000,5,5,5,5,5,5,4.86,t,46,0,0,0,0.78
1.14575E+18,100%,90%,f,2864,6545,t,t,Bay Village,42.35042,-71.06731,Room in hotel,Hotel room,4,,1,,,1,1125,t,21,51,81,322,1,1,1,90,0,6,,5,5,5,5,5,5,5,t,46,0,0,0,1
1.14575E+18,100%,90%,f,2864,6545,t,t,Bay Village,42.35042,-71.06731,Room in hotel,Hotel room,8,2,2,4,"$50,000.00 ",1,1125,t,21,51,81,322,3,1,0,90,2,6,300000,4,3.67,4.33,4,5,4.67,4,t,46,0,0,0,0.2
1.14575E+18,100%,90%,f,2864,6545,t,t,Bay Village,42.35042,-71.06731,Room in hotel,Hotel room,8,2,2,4,"$40,000.00 ",1,1125,t,21,51,81,322,0,0,0,90,0,0,0,,,,,,,,t,46,0,0,0,
1.14575E+18,100%,90%,f,2864,6545,t,t,Bay Village,42.35042,-71.06731,Room in hotel,Hotel room,12,3,3,6,"$50,000.00 ",1,1125,t,21,51,81,322,2,2,0,90,1,12,600000,5,4.5,5,5,4.5,5,4.5,t,46,0,0,0,0.22
1.14575E+18,100%,90%,f,2864,6545,t,t,Bay Village,42.35042,-71.06731,Room in hotel,Hotel room,12,3,3,6,"$40,000.00 ",1,1125,t,21,51,81,322,0,0,0,90,0,0,0,,,,,,,,t,46,0,0,0,
1.14576E+18,100%,90%,f,2864,6545,t,t,Bay Village,42.35042,-71.06731,Room in hotel,Hotel room,16,4,4,8,"$40,000.00 ",1,1125,t,21,51,81,320,0,0,0,90,0,0,0,,,,,,,,t,46,0,0,0,
1.14576E+18,100%,90%,f,2864,6545,t,t,Bay Village,42.35042,-71.06731,Room in hotel,Hotel room,16,,4,,,1,1125,t,21,51,81,320,0,0,0,90,0,0,,,,,,,,,t,46,0,0,0,
1.14576E+18,100%,90%,f,2864,6545,t,t,Bay Village,42.35042,-71.06731,Room in hotel,Hotel room,2,1,1,1,"$40,000.00 ",1,1125,t,11,35,65,303,0,0,0,74,0,0,0,,,,,,,,t,46,0,0,0,
1.14576E+18,100%,90%,f,2864,6545,t,t,Bay Village,42.35042,-71.06731,Room in hotel,Hotel room,2,1,1,1,"$40,000.00 ",1,1125,t,11,35,65,303,0,0,0,74,0,0,0,,,,,,,,t,46,0,0,0,
1.14576E+18,100%,90%,f,2864,6545,t,t,Bay Village,42.35042,-71.06731,Room in hotel,Hotel room,4,,1,,,1,1125,t,17,46,76,315,0,0,0,85,0,0,,,,,,,,,t,46,0,0,0,
1.14576E+18,100%,90%,f,2864,6545,t,t,Bay Village,42.35042,-71.06731,Room in hotel,Hotel room,4,1,1,2,"$50,000.00 ",1,1125,t,18,47,77,316,6,6,0,86,0,36,1800000,5,5,5,5,4.83,5,4.5,t,46,0,0,0,0.93
1.14576E+18,100%,90%,f,2864,6545,t,t,Bay Village,42.35042,-71.06731,Room in hotel,Hotel room,8,2,2,4,"$50,000.00 ",1,1125,t,17,46,76,315,0,0,0,85,0,0,0,,,,,,,,t,46,0,0,0,
1.14576E+18,100%,90%,f,2864,6545,t,t,Bay Village,42.35042,-71.06731,Room in hotel,Hotel room,8,2,2,4,"$40,000.00 ",1,1125,t,17,46,76,315,0,0,0,85,0,0,0,,,,,,,,t,46,0,0,0,
1.14576E+18,100%,90%,f,2864,6545,t,t,Bay Village,42.35042,-71.06731,Room in hotel,Hotel room,12,3,3,6,"$50,000.00 ",1,1125,t,17,46,76,315,3,3,0,85,1,18,900000,4.67,4.67,4.67,4.67,5,4.67,4.33,t,46,0,0,0,0.3
1.14576E+18,100%,90%,f,2864,6545,t,t,Bay Village,42.35042,-71.06731,Room in hotel,Hotel room,12,3,3,6,"$40,000.00 ",1,1125,t,17,46,76,315,0,0,0,85,0,0,0,,,,,,,,t,46,0,0,0,
1.14576E+18,100%,90%,f,2864,6545,t,t,Bay Village,42.35042,-71.06731,Room in hotel,Hotel room,16,4,4,8,"$40,000.00 ",1,1125,t,17,46,76,315,0,0,0,85,0,0,0,,,,,,,,t,46,0,0,0,
1.14576E+18,100%,90%,f,2864,6545,t,t,Bay Village,42.35042,-71.06731,Room in hotel,Hotel room,16,4,4,8,"$40,000.00 ",1,1125,t,17,46,76,315,0,0,0,85,0,0,0,,,,,,,,t,46,0,0,0,
1.14576E+18,100%,90%,f,2864,6545,t,t,Bay Village,42.35042,-71.06731,Room in hotel,Hotel room,2,1,1,1,"$50,000.00 ",1,1125,t,18,47,75,310,0,0,0,84,0,0,0,,,,,,,,t,46,0,0,0,
1.14576E+18,100%,90%,f,2864,6545,t,t,Bay Village,42.35042,-71.06731,Room in hotel,Hotel room,2,1,1,1,"$40,000.00 ",1,1125,t,18,47,75,310,1,1,0,84,0,6,240000,4,4,5,5,5,5,4,t,46,0,0,0,0.32
1.14576E+18,100%,90%,f,2864,6545,t,t,Bay Village,42.35042,-71.06731,Room in hotel,Hotel room,4,1,1,2,"$40,000.00 ",1,1125,t,18,41,71,304,0,0,0,80,0,0,0,,,,,,,,t,46,0,0,0,
1.14576E+18,100%,90%,f,2864,6545,t,t,Bay Village,42.35042,-71.06731,Room in hotel,Hotel room,4,1,1,2,"$50,000.00 ",1,1125,t,18,41,71,304,3,3,0,80,0,18,900000,4.67,4.67,4.33,5,4.67,5,4.67,t,46,0,0,0,0.62
1.14576E+18,100%,90%,f,2864,6545,t,t,Bay Village,42.35042,-71.06731,Room in hotel,Hotel room,8,2,2,4,"$50,000.00 ",1,1125,t,17,40,70,303,3,2,0,79,1,12,600000,4.67,4.33,4.67,4,4.67,4.67,4.67,t,46,0,0,0,0.21
1.14576E+18,100%,90%,f,2864,6545,t,t,Bay Village,42.35042,-71.06731,Room in hotel,Hotel room,8,2,2,4,"$50,000.00 ",1,1125,t,17,40,70,303,0,0,0,79,0,0,0,,,,,,,,t,46,0,0,0,
1.14577E+18,100%,90%,f,2864,6545,t,t,Bay Village,42.35042,-71.06731,Room in hotel,Hotel room,12,3,3,6,"$40,000.00 ",1,1125,t,17,40,70,303,0,0,0,79,0,0,0,,,,,,,,t,46,0,0,0,
1.14577E+18,100%,90%,f,2864,6545,t,t,Bay Village,42.35042,-71.06731,Room in hotel,Hotel room,12,3,3,6,"$40,000.00 ",1,1125,t,17,40,70,303,1,1,0,79,0,6,240000,4,4,5,5,4,5,3,t,46,0,0,0,0.14
1.14577E+18,100%,90%,f,2864,6545,t,t,Bay Village,42.35042,-71.06731,Room in hotel,Hotel room,16,4,4,8,"$50,000.00 ",1,1125,t,17,40,70,302,2,2,0,79,0,12,600000,5,4.5,5,5,4.5,5,4,t,46,0,0,0,0.49
1.14577E+18,100%,90%,f,2864,6545,t,t,Bay Village,42.35042,-71.06731,Room in hotel,Hotel room,16,4,4,8,"$40,000.00 ",1,1125,t,17,40,70,302,0,0,0,79,0,0,0,,,,,,,,t,46,0,0,0,
1.14577E+18,100%,90%,f,2864,6545,t,t,Bay Village,42.35042,-71.06731,Room in hotel,Hotel room,2,1,1,1,"$40,000.00 ",1,1125,t,0,0,2,208,0,0,0,2,0,0,0,,,,,,,,t,46,0,0,0,
1.14577E+18,100%,90%,f,2864,6545,t,t,Bay Village,42.35042,-71.06731,Room in hotel,Hotel room,2,1,1,1,"$40,000.00 ",1,1125,t,0,0,2,208,0,0,0,2,0,0,0,,,,,,,,t,46,0,0,0,
1.14591E+18,100%,90%,t,2,3,t,t,Dorchester,42.2960109,-71.08635488,Private room in rental unit,Private room,2,1,1,1,$81.00 ,2,365,t,18,48,78,352,36,11,2,87,34,66,5346,4.78,4.78,4.61,4.94,4.89,4.28,4.72,f,2,0,2,0,2.12
1.14592E+18,100%,90%,t,2,3,t,t,Dorchester,42.29619208,-71.08463924,Private room in rental unit,Private room,2,1,1,1,$81.00 ,1,365,t,16,46,76,255,36,9,0,85,36,54,4374,4.67,4.78,4.72,4.86,4.83,4.44,4.64,f,2,0,2,0,2.13
1.14612E+18,100%,96%,f,5084,5865,t,t,South End,42.3439382,-71.0638329,Entire rental unit,Entire home/apt,2,1,1,1,$362.00 ,32,1125,t,0,0,11,286,1,1,0,20,1,64,23168,5,5,5,5,5,5,4,t,343,343,0,0,0.09
1.1479E+18,N/A,N/A,f,1,1,t,t,Brighton,42.35156742,-71.15641571,Entire rental unit,Entire home/apt,7,,4,,,1,30,t,0,0,0,0,2,0,0,0,2,0,,5,5,5,5,5,5,5,f,1,1,0,0,0.15
1.14791E+18,75%,100%,f,18,1596,t,t,Dorchester,42.31698847,-71.0534959,Private room in rental unit,Private room,1,0,1,1,$64.00 ,91,365,t,0,0,0,143,0,0,0,0,0,0,0,,,,,,,,t,9,0,9,0,
1.14791E+18,75%,100%,f,18,1596,t,t,Allston,42.35593,-71.13242,Private room in rental unit,Private room,1,0,1,1,$64.00 ,91,365,t,0,0,0,143,0,0,0,0,0,0,0,,,,,,,,t,9,0,9,0,
1.14852E+18,87%,76%,f,102,193,t,t,Fenway,42.34703,-71.10018,Entire rental unit,Entire home/apt,5,,2,,,4,365,t,30,60,90,365,4,2,0,99,3,16,,4.5,4.5,4.75,4.75,4.75,4.75,4.5,f,72,72,0,0,0.24
1.14863E+18,80%,100%,f,2,3,t,t,Brighton,42.35491733,-71.16162449,Private room in home,Private room,2,1,1,1,$122.00 ,2,365,t,0,0,0,30,4,0,0,0,4,0,0,5,5,5,5,4.75,5,4.75,f,2,0,2,0,0.25
1.15004E+18,100%,100%,t,7,7,t,t,Dorchester,42.2959361,-71.0808318,Entire rental unit,Entire home/apt,3,1,1,2,$135.00 ,1,29,t,19,49,79,354,81,47,4,89,45,255,34425,4.88,4.91,4.91,4.99,4.98,4.41,4.75,f,7,7,0,0,4.85
1.15078E+18,87%,76%,f,102,193,t,t,Jamaica Plain,42.32837,-71.11039,Entire rental unit,Entire home/apt,6,2,2,0,$699.00 ,4,365,t,30,60,90,365,2,0,0,100,2,0,0,5,5,4.5,5,5,5,5,f,72,72,0,0,0.12
1.15098E+18,100%,87%,f,14,22,t,t,Back Bay,42.35145301,-71.08240416,Entire rental unit,Entire home/apt,2,1,1,1,$316.00 ,30,1125,t,0,0,0,33,1,0,0,0,1,0,0,5,5,5,5,5,5,5,f,12,12,0,0,0.06
1.15129E+18,80%,100%,f,2,3,t,t,Brighton,42.35243341,-71.16174878,Private room in home,Private room,2,1,1,1,$122.00 ,2,365,t,0,0,0,170,12,5,0,0,11,30,3660,4.83,4.58,5,4.83,4.83,4.75,4.58,f,2,0,2,0,0.75
1.15249E+18,100%,100%,t,39,40,t,t,Brighton,42.34628136,-71.14536594,Entire rental unit,Entire home/apt,2,1,0,2,$153.00 ,1,365,t,14,44,74,154,63,44,4,83,38,255,39015,4.89,4.95,4.94,4.76,4.86,4.79,4.79,t,39,39,0,0,3.83
1.15252E+18,100%,100%,t,39,40,t,t,Brighton,42.34826,-71.14595,Entire rental unit,Entire home/apt,3,1,1,2,$214.00 ,1,365,t,16,46,76,157,71,47,2,85,42,255,54570,4.8,4.76,4.96,4.73,4.82,4.83,4.77,t,39,39,0,0,4.29
1.1528E+18,100%,100%,t,130,133,t,t,South End,42.34192237,-71.07907156,Entire rental unit,Entire home/apt,2,1,0,1,$188.00 ,1,365,t,7,31,61,129,57,42,5,70,25,252,47376,4.86,4.89,4.68,4.96,4.98,4.95,4.75,t,36,36,0,0,3.51
1.15294E+18,100%,100%,t,130,133,t,t,South End,42.34383978,-71.07942221,Entire rental unit,Entire home/apt,2,1,0,1,$218.00 ,1,365,t,7,29,59,127,60,38,6,68,29,228,49704,4.85,4.8,4.72,4.9,4.83,4.95,4.73,t,36,36,0,0,3.78
1.153E+18,90%,99%,t,266,1126,t,t,Back Bay,42.34521,-71.08535,Entire rental unit,Entire home/apt,3,1,1,1,$250.00 ,32,270,t,2,32,62,331,0,0,0,71,0,0,0,,,,,,,,t,43,43,0,0,
1.15356E+18,90%,99%,t,266,1126,t,t,Back Bay,42.34676,-71.08412,Entire rental unit,Entire home/apt,3,0,1,1,$275.00 ,32,270,t,0,12,42,311,0,0,0,51,0,0,0,,,,,,,,t,43,43,0,0,
1.15358E+18,100%,100%,t,1,1,t,t,South Boston Waterfront,42.34703,-71.04371,Room in hotel,Private room,2,1,1,1,,1,365,t,1,1,1,1,14,9,2,1,5,54,,4.86,4.93,4.64,4.43,4.5,4.93,4.71,t,1,0,1,0,0.86
1.15359E+18,97%,96%,t,10,13,t,t,Dorchester,42.31530731,-71.06243051,Private room in condo,Private room,1,1,1,0,$54.00 ,91,365,t,8,8,8,166,1,1,0,8,0,182,9828,5,5,4,5,5,5,4,f,4,0,4,0,0.13
1.15581E+18,83%,67%,f,3,4,t,t,Charlestown,42.37710219,-71.05963438,Entire rental unit,Entire home/apt,2,2,1,0,$131.00 ,29,29,t,28,58,88,268,0,0,0,98,0,0,0,,,,,,,,f,2,2,0,0,
1.15662E+18,100%,81%,t,21,26,t,f,West Roxbury,42.27973876,-71.16085864,Entire rental unit,Entire home/apt,10,2,5,6,$506.00 ,1,365,t,22,52,82,92,0,0,0,92,0,0,0,,,,,,,,f,16,4,12,0,
1.15969E+18,100%,97%,t,4,7,t,t,East Boston,42.38606,-71.00721,Entire rental unit,Entire home/apt,8,2,4,4,$371.00 ,29,365,t,0,0,0,265,8,1,0,0,8,58,21518,5,5,5,5,5,4.88,5,f,1,1,0,0,0.53
1.16024E+18,100%,56%,f,5,8,t,t,Downtown,42.35404,-71.06295,Entire condo,Entire home/apt,4,2,2,3,$342.00 ,150,365,t,30,60,90,365,2,2,0,99,1,255,87210,4.5,5,4.5,5,5,5,5,f,1,1,0,0,0.17
1.16051E+18,100%,100%,t,1,1,t,t,Allston,42.35707968,-71.13756128,Entire rental unit,Entire home/apt,6,1,3,3,$245.00 ,2,365,t,15,40,67,132,30,27,3,75,10,162,39690,4.83,4.97,4.9,4.93,4.93,4.7,4.53,f,1,1,0,0,2.4
1.16073E+18,N/A,N/A,f,1,2,t,f,Brighton,42.3413111,-71.1593569,Private room in home,Private room,2,,7,,,91,98,,0,0,0,0,0,0,0,0,0,0,,,,,,,,,f,1,0,1,0,
1.16078E+18,100%,96%,f,5084,5865,t,t,Mission Hill,42.3347357,-71.1018627,Entire rental unit,Entire home/apt,2,1,0,1,$205.00 ,32,1125,t,0,0,9,284,0,0,0,19,0,0,0,,,,,,,,t,343,343,0,0,
1.16167E+18,100%,100%,t,130,133,t,t,South End,42.34365,-71.0773,Entire rental unit,Entire home/apt,4,1,1,2,$322.00 ,1,365,t,19,49,74,142,49,36,2,83,24,216,69552,4.69,4.88,4.76,4.98,4.88,4.96,4.53,t,36,36,0,0,3.24
1.16188E+18,100%,87%,f,14,22,t,t,Dorchester,42.29381182,-71.05483965,Entire rental unit,Entire home/apt,8,2,3,3,$240.00 ,30,1125,t,0,29,59,334,4,0,0,69,4,0,0,4.75,4.75,5,4.5,5,4.5,4.5,f,12,12,0,0,0.25
1.16189E+18,100%,87%,f,14,22,t,t,South End,42.33879072,-71.07193169,Entire rental unit,Entire home/apt,2,1,1,1,$251.00 ,2,1125,t,14,44,74,348,0,0,0,83,0,0,0,,,,,,,,f,12,12,0,0,
1.16203E+18,100%,100%,,10,10,t,f,Roxbury,42.31977,-71.07991,Private room in home,Private room,1,1,1,1,$68.00 ,2,365,t,13,43,73,343,14,9,0,83,8,54,3672,4.36,4.64,4.5,4.86,4.64,3.79,4.5,t,3,0,3,0,0.88
1.16401E+18,100%,100%,t,2,2,t,t,Roxbury,42.32423628,-71.09105081,Entire rental unit,Entire home/apt,6,2.5,3,3,$237.00 ,2,30,t,13,32,62,284,83,59,6,72,41,255,60435,4.94,4.96,4.96,4.98,4.99,4.48,4.82,t,1,1,0,0,5.26
1.1645E+18,89%,99%,f,54,112,t,f,Roxbury,42.32767,-71.08916,Private room in rental unit,Private room,2,1.5,0,0,$74.00 ,29,1125,t,28,53,58,58,2,1,0,58,1,58,4292,3.5,4.5,2,3,1.5,4,2.5,t,31,8,23,0,0.14
1.16452E+18,89%,99%,f,54,112,t,f,South Boston,42.33219575,-71.03517926,Private room in rental unit,Private room,2,,1,,,1,1125,t,0,0,0,0,6,1,0,0,6,6,,4,4,3.83,4.33,4.83,3.33,3.33,t,31,8,23,0,0.4
1.16461E+18,100%,94%,f,1,1,t,t,Dorchester,42.31695372,-71.05492891,Entire rental unit,Entire home/apt,5,1,2,3,$196.00 ,2,365,t,9,30,59,311,66,51,2,66,28,255,49980,4.62,4.7,4.67,4.88,4.74,4.73,4.48,f,1,1,0,0,4.53
1.16713E+18,100%,96%,f,5084,5865,t,t,Downtown,42.3511858,-71.064017,Entire rental unit,Entire home/apt,4,2,2,2,$380.00 ,32,1125,t,0,0,0,55,0,0,0,0,0,0,0,,,,,,,,t,343,343,0,0,
1.16713E+18,100%,96%,f,5084,5865,t,t,Downtown,42.35119,-71.06402,Entire rental unit,Entire home/apt,4,2,2,2,$416.00 ,32,1125,t,0,0,0,137,0,0,0,0,0,0,0,,,,,,,,t,343,343,0,0,
1.16738E+18,100%,96%,f,5084,5865,t,t,Downtown,42.35119,-71.06402,Entire rental unit,Entire home/apt,2,1,1,1,$320.00 ,32,1125,t,0,0,0,146,0,0,0,0,0,0,0,,,,,,,,t,343,343,0,0,
1.16738E+18,100%,96%,f,5084,5865,t,t,Downtown,42.35119,-71.06402,Entire rental unit,Entire home/apt,2,1,1,1,$295.00 ,32,1125,t,0,0,5,280,1,1,0,14,0,64,18880,5,5,5,4,5,5,4,t,343,343,0,0,0.79
1.16739E+18,90%,99%,t,266,1126,t,t,South Boston Waterfront,42.35331,-71.04779,Entire rental unit,Entire home/apt,3,1,1,1,$257.00 ,32,270,t,0,0,0,264,0,0,0,0,0,0,0,,,,,,,,t,43,43,0,0,
1.16746E+18,90%,99%,t,266,1126,t,t,Back Bay,42.34924993,-71.08225565,Entire rental unit,Entire home/apt,5,2,2,2,$365.00 ,32,270,t,0,4,34,303,0,0,0,43,0,0,0,,,,,,,,t,43,43,0,0,
1.16842E+18,98%,100%,,48,68,t,t,Brighton,42.34677,-71.15688,Private room in home,Private room,2,2,1,0,$74.00 ,2,365,t,12,38,68,343,24,14,2,78,16,84,6216,4.42,4.38,4.33,4.54,4.42,4.38,4.46,t,5,0,5,0,1.52
1.16885E+18,100%,100%,f,120,136,t,t,Beacon Hill,42.36045844,-71.06439709,Entire rental unit,Entire home/apt,2,1,0,1,$180.00 ,1,365,t,2,26,56,327,67,52,6,65,29,255,45900,4.52,4.72,4.69,4.58,4.73,4.9,4.43,t,86,86,0,0,4.19
1.16951E+18,100%,98%,f,6,13,t,t,East Boston,42.38005642,-71.02840215,Entire rental unit,Entire home/apt,6,1,2,2,$218.00 ,3,365,t,2,21,51,323,41,27,2,61,22,162,35316,4.71,4.83,4.83,4.88,4.88,4.34,4.68,t,1,1,0,0,2.65
1.16958E+18,89%,99%,f,54,112,t,f,Brighton,42.36191713,-71.14313106,Private room in rental unit,Private room,6,,3,,,1,365,t,5,25,53,307,1,1,1,62,0,6,,5,5,3,5,5,5,5,t,31,8,23,0,1
1.16958E+18,89%,99%,f,54,112,t,f,Brighton,42.36032,-71.1432,Private room in rental unit,Private room,5,,2,,,1,365,t,4,24,52,294,6,6,0,61,0,36,,5,4.83,5,4.83,4.67,4.67,5,t,31,8,23,0,0.68
1.17086E+18,100%,99%,t,3,3,t,t,Dorchester,42.3010749,-71.0837936,Entire home,Entire home/apt,10,2.5,4,5,$437.00 ,1,28,t,9,26,42,299,70,46,1,50,44,255,111435,4.99,4.97,5,5,5,4.6,4.94,f,3,3,0,0,4.51
1.17137E+18,100%,100%,f,1,1,t,t,Dorchester,42.29508188,-71.07113307,Entire rental unit,Entire home/apt,6,1,3,4,$133.00 ,2,28,t,9,31,55,64,13,11,0,64,6,66,8778,4.54,4.69,4.38,4.62,4.54,4.23,4.23,f,1,1,0,0,1.05
1.17166E+18,100%,100%,f,18,163,t,t,South End,42.3406,-71.08001,Entire rental unit,Entire home/apt,2,1,1,1,$195.00 ,1,14,t,7,31,50,316,28,17,0,59,15,102,19890,4.86,4.61,4.86,4.93,4.96,4.89,4.71,t,18,18,0,0,1.79
1.17273E+18,N/A,85%,t,1,1,t,t,South Boston,42.33483,-71.03652,Entire rental unit,Entire home/apt,2,,1,,,2,90,t,0,0,0,0,51,32,0,0,33,192,,5,4.96,5,4.96,5,4.98,4.88,f,1,1,0,0,3.33
1.17387E+18,88%,79%,t,4,5,t,f,Dorchester,42.32386353,-71.05600824,Entire rental unit,Entire home/apt,8,1,4,6,$376.00 ,2,365,t,19,45,75,346,20,19,3,85,4,114,42864,4.9,5,4.9,4.85,4.95,4.8,4.9,f,2,2,0,0,1.63
1.17456E+18,100%,96%,t,4,7,t,t,Roxbury,42.31150209,-71.0887009,Private room in home,Private room,2,2,1,1,$86.00 ,3,365,t,17,40,70,84,30,30,1,80,7,180,15480,4.9,5,4.93,4.97,4.87,4.47,4.8,f,4,0,4,0,2.62
1.17528E+18,100%,100%,t,1,1,t,t,Roxbury,42.31590553,-71.09311745,Entire home,Entire home/apt,6,1,3,3,$299.00 ,2,365,t,10,15,15,43,23,19,0,15,13,114,34086,5,4.91,4.96,5,5,4.48,4.91,t,1,1,0,0,1.78
1.17535E+18,80%,100%,t,2,2,t,t,Jamaica Plain,42.31672295,-71.11642095,Entire home,Entire home/apt,9,,5,,,2,365,t,0,0,0,0,2,1,0,0,1,6,,5,5,5,5,5,5,5,f,2,2,0,0,0.14
1.17598E+18,100%,N/A,f,1,2,t,f,East Boston,42.36838041,-71.03187348,Entire rental unit,Entire home/apt,2,,1,,,91,365,,0,0,0,80,0,0,0,0,0,0,,,,,,,,,f,1,1,0,0,
1.17619E+18,99%,98%,f,25,194,t,t,Downtown,42.35112845,-71.06420764,Entire rental unit,Entire home/apt,5,,2,,,1,365,t,9,24,29,297,30,23,1,32,19,138,,4.57,4.63,4.53,4.53,4.8,4.9,4.57,t,60,60,0,0,2
1.17624E+18,95%,91%,f,117,207,t,t,Back Bay,42.34965606,-71.07366364,Entire rental unit,Entire home/apt,4,1,1,2,$233.00 ,2,1125,t,0,0,21,30,1,1,0,30,0,6,1398,5,5,5,5,5,5,5,f,33,33,0,0,0.23
1.1763E+18,89%,92%,f,25,86,t,t,Bay Village,42.34793,-71.07158,Entire rental unit,Entire home/apt,4,1,1,2,$233.00 ,2,365,t,0,0,21,30,2,1,0,30,1,6,1398,4.5,4.5,5,5,4.5,5,5,f,9,9,0,0,0.15
1.1767E+18,100%,83%,t,1,1,t,t,Brighton,42.34527,-71.1607,Entire rental unit,Entire home/apt,4,1,2,2,$231.00 ,2,60,t,14,34,60,195,24,22,1,65,9,132,30492,4.96,4.96,4.92,5,5,4.96,4.88,f,1,1,0,0,1.94
1.17686E+18,100%,100%,t,39,40,t,t,Brighton,42.3461462,-71.14416053,Entire rental unit,Entire home/apt,2,1,1,2,$183.00 ,1,365,t,8,38,68,137,71,57,3,78,31,255,46665,4.79,4.87,4.89,4.76,4.9,4.82,4.66,t,39,39,0,0,4.58
1.17698E+18,70%,19%,f,3,3,t,t,Charlestown,42.37675616,-71.05792112,Entire home,Entire home/apt,8,3.5,5,4,$750.00 ,2,20,t,18,48,78,258,2,2,0,88,0,12,9000,5,5,5,5,4.5,5,4,f,1,1,0,0,0.39
1.1771E+18,100%,100%,t,39,40,t,t,Brighton,42.34833711,-71.14493627,Entire rental unit,Entire home/apt,2,1,0,2,$149.00 ,1,365,t,23,53,83,194,43,28,2,92,28,168,25032,4.88,4.91,4.95,4.81,4.88,4.88,4.88,t,39,39,0,0,2.77
1.17713E+18,100%,100%,t,39,40,t,t,Brighton,42.34861,-71.14525,Entire rental unit,Entire home/apt,2,1,0,2,$177.00 ,1,365,t,14,44,74,173,78,62,2,83,32,255,45135,4.9,4.91,4.99,4.74,4.91,4.87,4.82,t,39,39,0,0,5.19
1.17748E+18,98%,50%,f,602,1413,t,t,Fenway,42.34232,-71.09625,Private room in rental unit,Private room,1,,1,,,91,365,t,0,0,0,57,0,0,0,5,0,0,,,,,,,,,f,51,4,47,0,
1.17794E+18,89%,94%,f,19,49,t,t,Fenway,42.3510006,-71.09354589,Entire rental unit,Entire home/apt,7,1,2,4,$145.00 ,29,365,t,28,58,88,362,31,30,0,97,9,255,36975,4.87,4.87,4.87,4.9,4.9,5,4.81,f,14,12,2,0,1.98
1.17827E+18,100%,100%,t,130,133,t,t,Back Bay,42.3493361,-71.0826586,Entire rental unit,Entire home/apt,6,1.5,2,3,$769.00 ,1,365,t,21,51,78,146,42,30,1,87,20,180,138420,4.86,4.81,4.79,4.86,4.9,4.98,4.6,t,36,36,0,0,2.8
1.17828E+18,98%,100%,,16,18,t,t,Downtown,42.36475,-71.06355,Entire rental unit,Entire home/apt,4,1,1,3,$257.00 ,1,365,t,22,52,82,151,64,48,3,92,29,255,65535,4.72,4.77,4.59,4.92,4.92,4.81,4.55,t,5,5,0,0,4.36
1.17828E+18,100%,98%,f,1,1,t,t,Dorchester,42.31656979,-71.05215552,Entire guesthouse,Entire home/apt,2,1,0,1,$142.00 ,2,90,t,3,10,39,39,54,36,2,39,27,216,30672,4.87,4.89,4.91,5,4.94,4.96,4.83,f,1,1,0,0,3.55
1.17857E+18,89%,92%,f,25,86,t,t,Back Bay,42.34942212,-71.07390271,Entire rental unit,Entire home/apt,6,1.5,2,3,$373.00 ,30,365,t,0,22,52,61,4,4,0,61,2,240,89520,5,5,4.75,5,5,5,4.75,f,9,9,0,0,0.34
1.17893E+18,100%,100%,t,130,133,t,t,Beacon Hill,42.35891,-71.06544,Entire rental unit,Entire home/apt,2,1,1,1,$235.00 ,1,365,t,22,52,82,181,47,30,1,91,24,180,42300,4.51,4.7,4.6,4.94,4.83,4.91,4.28,t,36,36,0,0,3.03
1.17902E+18,100%,96%,t,20,29,t,t,Dorchester,42.28319,-71.07236,Private room in rental unit,Private room,2,1.5,1,1,$65.00 ,29,150,t,1,1,1,242,3,2,0,1,1,116,7540,4.33,4.67,5,4.67,4.67,3,4.33,f,18,2,16,0,0.23
1.17903E+18,100%,96%,t,20,29,t,t,Dorchester,42.28154,-71.0724,Private room in rental unit,Private room,2,1.5,1,1,$60.00 ,29,365,t,0,0,0,177,3,3,0,7,2,174,10440,5,5,5,5,5,4.67,4.67,f,18,2,16,0,0.28
1.17968E+18,100%,80%,f,1,1,t,t,Downtown,42.3581485,-71.0624814,Entire rental unit,Entire home/apt,3,1,1,1,$155.00 ,29,365,t,6,6,35,173,2,2,1,44,0,116,17980,5,5,5,5,5,5,5,f,1,1,0,0,0.97
1.17994E+18,100%,96%,t,4,4,t,t,West Roxbury,42.27816883,-71.14712801,Private room in villa,Private room,2,2,1,1,$80.00 ,1,365,t,17,47,77,352,27,14,1,87,20,84,6720,4.93,5,4.96,5,5,4.96,4.96,f,4,0,4,0,1.76
1.17995E+18,95%,91%,f,117,207,t,t,Back Bay,42.3496,-71.07185,Entire rental unit,Entire home/apt,4,,1,,,30,1125,t,0,0,0,9,1,1,0,9,0,60,,5,5,4,5,5,4,4,f,33,33,0,0,0.21
1.17995E+18,89%,92%,f,25,86,t,t,Bay Village,42.34832941,-71.07179036,Entire rental unit,Entire home/apt,4,,1,,,2,365,t,0,0,0,9,1,0,0,9,1,0,,5,5,5,5,5,5,5,f,9,9,0,0,0.07
1.18032E+18,100%,99%,t,3,5,t,t,Roxbury,42.32396,-71.09028,Entire home,Entire home/apt,12,2.5,5,6,$749.00 ,1,28,t,14,32,56,218,102,86,8,60,43,255,190995,4.97,4.98,4.99,4.99,5,4.62,4.88,t,1,1,0,0,6.7
1.18112E+18,100%,100%,f,18,163,t,t,South End,42.34273,-71.08052,Entire rental unit,Entire home/apt,2,1,1,1,$194.00 ,1,14,t,20,50,80,347,2,2,2,89,0,12,2328,5,5,5,5,5,5,5,t,18,18,0,0,2
1.18123E+18,100%,99%,t,4,5,t,t,Roslindale,42.2821,-71.12259,Private room in rental unit,Private room,2,1,1,1,$65.00 ,29,365,t,8,38,68,248,11,4,0,78,9,232,15080,4.64,4.82,4.73,4.73,4.91,4.91,4.82,f,4,0,4,0,0.72
1.18131E+18,100%,98%,t,35,36,t,t,Roxbury,42.339042,-71.0803574,Entire rental unit,Entire home/apt,4,1,1,2,$293.00 ,2,251,t,8,31,58,257,46,36,3,63,20,216,63288,4.87,4.93,4.98,4.93,4.83,4.91,4.67,t,9,9,0,0,3.06
1.18131E+18,100%,98%,t,35,36,t,t,Roxbury,42.339042,-71.0803574,Entire rental unit,Entire home/apt,4,1,0,2,$266.00 ,2,238,t,7,31,61,267,17,9,0,70,12,54,14364,4.71,4.82,4.94,5,4.94,4.35,4.47,f,9,9,0,0,1.14
1.18131E+18,100%,98%,t,35,36,t,t,Roxbury,42.339042,-71.0803574,Entire rental unit,Entire home/apt,4,1,0,2,$261.00 ,2,237,t,9,29,59,268,17,12,2,68,7,72,18792,5,5,4.94,4.94,5,4.82,4.65,f,9,9,0,0,1.16
1.18131E+18,100%,98%,t,35,36,t,t,Roxbury,42.339042,-71.0803574,Entire rental unit,Entire home/apt,4,1,0,2,$222.00 ,2,236,t,8,27,57,261,7,4,1,66,3,24,5328,4.57,4.71,4.71,5,5,4.43,4.43,f,9,9,0,0,0.46
1.18131E+18,100%,98%,t,35,36,t,t,Roxbury,42.339042,-71.0803574,Entire rental unit,Entire home/apt,4,1,1,2,$227.00 ,2,264,t,10,33,63,272,19,13,1,72,10,78,17706,4.89,4.95,5,4.89,4.95,4.84,4.53,f,9,9,0,0,1.25
1.18131E+18,100%,98%,t,35,36,t,t,Roxbury,42.339042,-71.0803574,Entire rental unit,Entire home/apt,2,1,1,2,$256.00 ,2,248,t,12,42,72,281,24,17,1,81,12,102,26112,4.88,4.88,4.92,4.96,4.88,4.71,4.71,t,9,9,0,0,1.58
1.18131E+18,100%,98%,t,35,36,t,t,Roxbury,42.339042,-71.0803574,Entire rental unit,Entire home/apt,4,1,1,2,$220.00 ,2,235,t,10,38,68,273,7,3,1,77,4,18,3960,5,5,5,5,5,4.71,4.71,f,9,9,0,0,0.48
1.1818E+18,100%,99%,t,4,5,t,t,Roslindale,42.28401,-71.12231785,Private room in rental unit,Private room,2,1,1,1,$92.00 ,1,365,t,15,39,69,344,66,57,6,79,24,255,23460,4.8,4.85,4.83,4.86,4.92,4.85,4.73,f,4,0,4,0,4.62
1.18192E+18,100%,100%,f,59,74,t,t,Back Bay,42.34814,-71.08651,Entire rental unit,Entire home/apt,2,1,1,1,$474.00 ,29,365,t,0,0,0,209,37,18,0,0,34,255,120870,4.59,4.73,4.86,4.81,4.81,4.95,4.54,f,59,59,0,0,2.44
1.18226E+18,100%,81%,t,21,26,t,f,West Roxbury,42.27756064,-71.16141551,Private room in rental unit,Private room,2,1,1,1,$56.00 ,1,365,t,25,55,85,95,12,9,1,95,5,54,3024,5,5,5,5,5,4.92,5,f,16,4,12,0,0.84
1.18337E+18,100%,100%,f,1,4,t,t,Brighton,42.34321,-71.14698,Entire rental unit,Entire home/apt,8,1,4,5,$524.00 ,2,28,t,20,48,78,346,14,8,1,87,10,48,25152,4.71,4.71,4.86,4.86,4.86,4.79,4.64,f,1,1,0,0,0.97
1.18403E+18,99%,100%,f,12,19,t,t,North End,42.36573366,-71.05616306,Entire rental unit,Entire home/apt,2,1,1,1,$99.00 ,3,365,t,0,0,0,195,8,8,0,0,0,48,4752,4.38,4.63,4.25,4.75,4.63,4.63,4.38,f,7,7,0,0,1.33
1.18469E+18,100%,100%,t,9,9,t,t,Allston,42.35326179,-71.12610208,Entire rental unit,Entire home/apt,4,1,1,2,$265.00 ,29,365,t,2,2,2,170,4,4,0,2,2,232,61480,5,5,5,5,5,5,4.5,f,4,4,0,0,0.35
1.18647E+18,100%,99%,t,3,4,t,t,Hyde Park,42.26980269,-71.11877419,Private room in home,Private room,2,1,1,1,$81.00 ,1,365,t,3,23,53,143,28,21,6,63,13,126,10206,4.96,4.93,4.89,5,5,4.75,4.96,t,3,0,3,0,1.89
1.18874E+18,100%,98%,t,1,1,t,t,Brighton,42.34735,-71.15401,Entire rental unit,Entire home/apt,4,1,1,2,$158.00 ,2,29,t,16,38,63,152,52,41,1,72,19,246,38868,4.96,4.94,4.98,4.98,4.98,4.85,4.88,f,1,1,0,0,3.64
1.18983E+18,100%,80%,t,2,2,t,t,Roxbury,42.3152811,-71.0732458,Private room in home,Private room,1,1,1,1,$40.00 ,91,180,t,0,0,3,182,1,1,0,12,1,182,7280,5,5,5,5,5,3,5,t,2,0,2,0,0.11
1.18983E+18,100%,80%,t,2,2,t,t,Dorchester,42.3162,-71.07229,Private room in home,Private room,1,1,1,1,$50.00 ,91,180,t,0,0,0,180,2,2,0,10,1,255,12750,5,5,5,5,5,5,5,f,2,0,2,0,0.21
1.19006E+18,100%,56%,t,7,10,t,t,South Boston,42.33424486,-71.04870636,Entire home,Entire home/apt,6,2,2,2,$453.00 ,29,365,t,23,53,83,358,2,0,0,93,2,0,0,5,5,5,5,5,5,5,f,7,3,4,0,0.14
1.19007E+18,100%,56%,t,7,10,t,t,South Boston,42.33423767,-71.04871273,Private room in home,Private room,2,1,1,2,$181.00 ,29,365,t,30,60,90,180,1,0,0,100,1,0,0,5,5,5,5,5,5,5,f,7,3,4,0,0.07
1.1907E+18,100%,68%,t,10,11,t,t,East Boston,42.3669507,-71.03605703,Entire home,Entire home/apt,2,1,0,1,$204.00 ,1,1125,t,6,13,18,18,7,7,0,18,3,42,8568,5,5,5,5,4.86,5,5,f,3,3,0,0,0.64
1.19076E+18,100%,96%,t,1,1,t,t,Hyde Park,42.242,-71.13201,Entire rental unit,Entire home/apt,4,1,2,2,$144.00 ,3,29,t,0,0,0,153,22,16,0,0,11,96,13824,4.86,4.86,4.95,5,4.95,4.68,4.77,f,1,1,0,0,1.5
1.19139E+18,100%,100%,t,32,32,t,t,Back Bay,42.34438,-71.08304,Entire rental unit,Entire home/apt,2,1,1,1,$185.00 ,2,365,t,0,14,44,296,51,47,1,53,22,255,47175,4.9,4.84,4.82,4.98,4.98,5,4.8,f,30,28,2,0,4.02
1.19275E+18,89%,99%,f,54,112,t,f,South Boston,42.3333015,-71.05203971,Entire rental unit,Entire home/apt,8,,4,,,29,1125,t,0,0,0,0,3,3,0,0,3,174,,3.67,4,3.33,3.67,2.33,4,3.33,t,31,8,23,0,0.25
1.19346E+18,100%,90%,f,2864,6545,t,t,Longwood Medical Area,42.33832,-71.10647,Room in hotel,Hotel room,3,1,1,0,"$50,000.00 ",1,1125,t,11,38,68,332,1,1,0,77,0,6,300000,5,5,5,5,5,5,5,t,46,0,0,0,0.12
1.19351E+18,80%,90%,f,1,1,t,t,Roxbury,42.32290006,-71.06823786,Entire home,Entire home/apt,4,1.5,2,2,$162.00 ,1,365,t,6,30,56,311,30,30,0,66,8,180,29160,4.53,4.67,4.37,4.77,4.73,4.37,4.43,f,1,1,0,0,2.57
1.19706E+18,100%,96%,f,5084,5865,t,t,Downtown,42.3511858,-71.064017,Entire rental unit,Entire home/apt,4,2,2,2,$373.00 ,30,1125,t,0,0,0,147,0,0,0,0,0,0,0,,,,,,,,t,343,343,0,0,
1.19851E+18,100%,90%,f,2864,6545,t,t,Longwood Medical Area,42.33832,-71.10647,Room in hotel,Hotel room,3,,1,,,1,1125,t,11,38,68,332,0,0,0,77,0,0,,,,,,,,,t,46,0,0,0,
1.19852E+18,100%,90%,f,2864,6545,t,t,Longwood Medical Area,42.33832,-71.10647,Room in hotel,Hotel room,2,1,1,0,"$50,000.00 ",1,1125,t,22,52,82,348,3,3,1,91,0,18,900000,5,5,5,5,5,5,5,t,46,0,0,0,1.14
1.19852E+18,100%,90%,f,2864,6545,t,t,Longwood Medical Area,42.33832,-71.10647,Room in hotel,Hotel room,4,1,1,0,"$50,000.00 ",1,1125,t,25,55,85,358,0,0,0,94,0,0,0,,,,,,,,t,46,0,0,0,
1.19852E+18,100%,90%,f,2864,6545,t,t,Longwood Medical Area,42.33832,-71.10647,Room in hotel,Hotel room,8,,2,,,1,1125,t,25,55,85,352,0,0,0,94,0,0,,,,,,,,,t,46,0,0,0,
1.19852E+18,100%,90%,f,2864,6545,t,t,Longwood Medical Area,42.33832,-71.10647,Room in hotel,Hotel room,8,,2,,,1,1125,t,25,55,85,352,0,0,0,94,0,0,,,,,,,,,t,46,0,0,0,
1.19852E+18,100%,90%,f,2864,6545,t,t,Longwood Medical Area,42.33832,-71.10647,Room in hotel,Hotel room,4,,1,,,1,1125,t,22,50,80,354,1,1,0,89,0,6,,5,5,5,5,5,5,5,t,46,0,0,0,0.51
1.19852E+18,100%,90%,f,2864,6545,t,t,Longwood Medical Area,42.33832,-71.10647,Room in hotel,Hotel room,8,,2,,,1,1125,t,22,50,80,354,0,0,0,89,0,0,,,,,,,,,t,46,0,0,0,
1.19852E+18,100%,90%,f,2864,6545,t,t,Longwood Medical Area,42.33832,-71.10647,Room in hotel,Hotel room,8,,2,,,1,1125,t,22,50,80,354,0,0,0,89,0,0,,,,,,,,,t,46,0,0,0,
1.20027E+18,100%,89%,t,1,2,t,t,South Boston,42.33387,-71.05094,Entire home,Entire home/apt,8,2,4,4,$759.00 ,2,365,t,12,40,70,151,24,20,4,78,11,120,91080,4.96,5,4.96,5,4.96,4.92,4.79,f,1,1,0,0,1.82
1.20067E+18,70%,73%,f,1,4,t,f,Roslindale,42.29337259,-71.13204089,Entire townhouse,Entire home/apt,4,1,2,2,$360.00 ,2,365,t,0,22,52,326,31,10,0,61,27,60,21600,4.74,4.84,4.58,4.81,4.81,4.65,4.68,f,1,1,0,0,2.16
1.20142E+18,100%,N/A,f,1,2,t,t,East Boston,42.37116262,-71.03627927,Entire rental unit,Entire home/apt,2,1,1,1,$131.00 ,29,365,,0,21,51,326,0,0,0,61,0,0,0,,,,,,,,f,1,1,0,0,
1.20293E+18,100%,99%,t,1,1,t,f,East Boston,42.38999,-71.00823,Entire home,Entire home/apt,5,1,2,4,$237.00 ,1,7,t,3,25,54,230,65,49,5,64,32,255,60435,4.71,4.72,4.8,4.82,4.86,4.69,4.51,f,1,1,0,0,4.68
1.20392E+18,80%,83%,t,1,14,t,t,Fenway,42.340853,-71.09900111,Entire condo,Entire home/apt,3,1,1,1,$160.00 ,29,729,t,0,0,0,270,2,2,0,7,1,116,18560,5,5,4.5,5,5,5,4.5,f,1,1,0,0,0.2
1.20656E+18,100%,100%,f,18,163,t,t,South End,42.34288112,-71.07874188,Entire rental unit,Entire home/apt,2,1,1,1,$262.00 ,1,14,t,8,31,55,317,10,8,1,64,3,48,12576,4.8,4.8,4.8,4.8,4.9,4.9,4.6,t,18,18,0,0,0.75
1.20881E+18,100%,44%,t,2,6,t,t,South Boston,42.33529,-71.0286,Private room in condo,Private room,3,1,2,2,$400.00 ,2,300,t,0,0,4,4,1,0,0,4,1,0,0,5,5,5,5,5,5,4,f,2,0,2,0,0.08
1.20928E+18,100%,99%,t,4,5,t,t,Roslindale,42.28342,-71.12383,Private room in rental unit,Private room,2,1,1,1,$92.00 ,1,365,t,13,26,56,326,78,67,10,65,27,255,23460,4.77,4.79,4.81,4.78,4.87,4.78,4.71,f,4,0,4,0,5.57
1.21005E+18,99%,99%,f,15,22,t,t,North End,42.3676,-71.05826,Entire rental unit,Entire home/apt,10,2,4,6,$570.00 ,3,365,t,5,14,21,235,10,8,0,21,4,48,27360,4.5,4.6,4.4,4.8,4.7,5,4.3,f,10,10,0,0,0.72
1.2101E+18,100%,100%,f,6,7,t,t,Downtown,42.35505674,-71.062212,Private room in rental unit,Private room,2,1,0,2,$138.00 ,2,500,t,10,34,64,273,5,3,1,73,3,18,2484,3.8,4,4,4.6,5,5,4,t,6,3,3,0,0.37
1.2101E+18,100%,100%,f,6,7,t,t,Downtown,42.35505674,-71.062212,Private room in rental unit,Private room,2,1,0,2,$152.00 ,2,286,t,10,30,60,269,3,3,0,69,1,18,2736,4.67,4.67,4.67,5,5,5,4.67,t,6,3,3,0,0.28
1.2101E+18,100%,100%,f,6,7,t,t,Downtown,42.3550474,-71.0622106,Entire rental unit,Entire home/apt,2,1,1,2,$217.00 ,3,365,t,11,32,62,271,7,5,2,71,4,30,6510,4.14,4.43,4.43,4.29,4.86,4.14,3.57,t,6,3,3,0,0.51
1.21012E+18,100%,100%,f,6,7,t,t,Downtown,42.355087,-71.062149,Private room in rental unit,Private room,2,,,,,2,365,t,10,30,58,266,5,3,0,66,4,18,,4.2,4,4.2,4.8,4.4,4.6,4,t,6,3,3,0,0.37
1.21013E+18,99%,98%,f,20,22,t,t,Bay Village,42.348278,-71.0705054,Entire rental unit,Entire home/apt,1,1,1,1,$107.00 ,2,500,t,16,42,71,280,28,23,0,80,12,138,14766,4.07,4.11,4.07,4.64,4.68,4.54,4,t,20,5,15,0,2.01
1.21086E+18,100%,94%,t,1,1,t,t,Dorchester,42.28562646,-71.0692888,Entire home,Entire home/apt,16,3,5,8,$492.00 ,2,28,t,13,37,59,330,34,31,1,65,15,186,91512,4.97,4.91,5,5,4.94,4.62,4.88,f,1,1,0,0,2.63
1.21099E+18,100%,100%,t,4,13,t,t,North End,42.36720743,-71.05453961,Entire rental unit,Entire home/apt,2,1,1,1,$231.00 ,5,365,t,5,23,48,223,26,25,1,53,6,250,57750,5,5,4.92,4.96,4.96,4.96,4.77,t,4,4,0,0,2.09
1.21119E+18,100%,100%,t,4,13,t,t,North End,42.36756331,-71.05261702,Entire rental unit,Entire home/apt,2,1,1,1,$350.00 ,5,365,t,6,27,57,237,30,26,1,67,10,255,89250,4.97,4.97,5,5,5,5,4.8,t,4,4,0,0,2.16
1.21121E+18,100%,100%,t,1,1,t,t,Jamaica Plain,42.31512,-71.10048,Entire guest suite,Entire home/apt,2,1,1,1,$155.00 ,2,28,t,6,14,44,85,60,55,5,54,18,255,39525,4.98,5,5,4.95,5,4.8,4.98,f,1,1,0,0,4.38
1.21155E+18,100%,89%,f,7,36,t,t,Allston,42.35623,-71.13677,Entire rental unit,Entire home/apt,8,1,3,0,$276.00 ,29,365,t,11,33,63,152,4,3,0,72,4,174,48024,4.5,5,5,5,4.5,4.75,5,t,4,4,0,0,0.32
1.2116E+18,100%,100%,t,4,13,t,t,North End,42.36807297,-71.05307854,Entire rental unit,Entire home/apt,2,1,1,1,$306.00 ,5,365,t,5,29,59,232,35,33,2,69,12,255,78030,5,5,5,5,5,5,4.86,t,4,4,0,0,2.72
1.21165E+18,100%,100%,t,4,13,t,t,North End,42.36617,-71.0529,Entire rental unit,Entire home/apt,3,1,1,1,$318.00 ,5,365,t,5,21,51,150,29,26,2,60,12,255,81090,5,4.97,4.97,5,5,5,4.83,t,4,4,0,0,2.24
1.21249E+18,100%,100%,f,4,8,t,t,East Boston,42.38110067,-71.02533223,Entire rental unit,Entire home/apt,4,1,1,2,$136.00 ,1,365,t,9,35,65,340,54,54,2,75,12,255,34680,4.46,4.52,4.54,4.67,4.63,4.67,4.43,t,4,4,0,0,5.14
1.21273E+18,100%,82%,f,1,1,t,t,South End,42.34524,-71.06895,Entire rental unit,Entire home/apt,2,1,1,1,$383.00 ,4,90,t,11,30,59,59,5,5,0,59,2,40,15320,5,5,5,5,5,5,5,f,1,1,0,0,0.44
1.21314E+18,89%,94%,f,19,49,t,t,North End,42.36612,-71.05487,Entire rental unit,Entire home/apt,7,2,3,3,$452.00 ,3,365,t,3,8,22,256,47,46,1,28,15,255,115260,4.81,4.81,4.89,4.98,4.94,4.98,4.7,f,14,12,2,0,3.82
1.21324E+18,95%,91%,f,117,207,t,t,Back Bay,42.34973,-71.07172,Entire rental unit,Entire home/apt,4,1,2,2,$289.00 ,30,365,t,7,37,67,76,2,2,0,76,1,120,34680,3,3.5,4.5,3,4.5,4.5,2.5,f,33,33,0,0,0.18
1.21379E+18,100%,100%,f,4,8,t,t,East Boston,42.383255,-71.01917371,Entire rental unit,Entire home/apt,9,1,4,7,$236.00 ,1,1125,t,15,36,66,334,100,90,4,76,44,255,60180,4.51,4.45,4.49,4.8,4.61,4.65,4.44,t,4,4,0,0,7.33
1.21385E+18,100%,0%,f,1,3,t,t,Brighton,42.35185172,-71.14476544,Entire condo,Entire home/apt,4,2,2,2,$238.00 ,29,365,,0,0,23,298,0,0,0,32,0,0,0,,,,,,,,f,1,1,0,0,
1.21441E+18,100%,96%,f,5084,5865,t,t,Chinatown,42.3522851,-71.0591088,Entire rental unit,Entire home/apt,4,2,2,2,$463.00 ,30,1125,t,0,2,32,307,0,0,0,41,0,0,0,,,,,,,,t,343,343,0,0,
1.21517E+18,N/A,N/A,f,1,1,t,t,West Roxbury,42.2694724,-71.15062564,Entire home,Entire home/apt,4,,2,,,7,14,t,0,0,0,0,1,0,0,0,1,0,,5,5,5,5,5,5,5,f,1,1,0,0,0.08
1.21519E+18,87%,76%,f,102,193,t,t,Jamaica Plain,42.3284,-71.11191,Entire rental unit,Entire home/apt,6,2,2,3,$499.00 ,29,365,t,30,60,90,365,7,6,0,100,4,255,127245,4.71,4.71,5,5,5,4.71,4.71,f,72,72,0,0,0.51
1.21546E+18,87%,76%,f,102,193,t,t,South End,42.34401779,-71.06418787,Entire rental unit,Entire home/apt,5,2,2,3,$799.00 ,30,365,t,30,60,90,365,19,18,0,99,4,255,203745,4.95,5,5,4.84,4.68,5,4.95,f,72,72,0,0,1.53
1.21605E+18,99%,99%,f,15,22,t,t,North End,42.36726565,-71.05752232,Entire rental unit,Entire home/apt,6,1,3,5,$259.00 ,2,365,t,9,20,38,261,33,22,2,39,19,132,34188,4.55,4.61,4.45,4.91,4.73,4.97,4.39,f,10,10,0,0,2.43
1.21759E+18,89%,92%,f,25,86,t,t,Back Bay,42.34834984,-71.07376426,Entire rental unit,Entire home/apt,4,,2,,,30,365,t,4,25,55,64,3,3,0,64,1,180,,4.33,4,4,4.67,5,5,4.33,f,9,9,0,0,0.29
1.2177E+18,100%,96%,t,17,57,t,t,Allston,42.35993,-71.12736,Private room in rental unit,Private room,2,1,1,1,$50.00 ,29,140,t,23,53,83,357,0,0,0,92,0,0,0,,,,,,,,f,12,2,10,0,
1.21822E+18,100%,55%,f,1,3,t,t,Roxbury,42.32608,-71.0818,Entire rental unit,Entire home/apt,4,,1,,,1,365,t,0,0,0,0,22,16,0,0,17,96,,4.27,4.45,4.14,4.64,4.77,4,4,f,1,1,0,0,1.71
1.2189E+18,100%,100%,f,7,9,t,f,Back Bay,42.34941,-71.09055,Entire rental unit,Entire home/apt,2,1,0,1,$181.00 ,1,365,t,8,31,61,221,49,45,6,70,11,255,46155,4.51,4.67,4.57,4.86,4.88,4.88,4.45,t,7,7,0,0,3.71
1.2197E+18,100%,100%,t,5,8,t,t,Dorchester,42.28705,-71.04096,Entire rental unit,Entire home/apt,12,7,6,7,$701.00 ,1,365,t,18,45,73,79,33,33,1,79,11,198,138798,4.91,4.88,4.79,4.94,4.91,4.85,4.76,t,4,4,0,0,2.74
1.22041E+18,100%,100%,t,5,5,t,t,South Boston,42.33654011,-71.05269715,Entire home,Entire home/apt,5,1.5,2,2,$240.00 ,1,365,t,7,14,39,261,36,36,1,39,6,216,51840,4.89,4.86,4.94,4.94,4.94,4.78,4.72,f,5,5,0,0,3.39
1.22054E+18,100%,96%,f,10,22,t,t,Jamaica Plain,42.32336251,-71.10762143,Private room in home,Private room,2,1,1,1,$135.00 ,4,120,t,0,0,0,80,2,2,1,0,0,16,2160,5,5,4.5,5,5,5,4.5,f,10,1,9,0,0.57
1.22056E+18,100%,42%,f,1,2,t,f,Chinatown,42.35192,-71.05904,Entire rental unit,Entire home/apt,4,2.5,3,3,"$2,238.00 ",3,730,t,29,59,89,363,3,3,0,98,1,18,40284,5,5,5,5,5,5,4.67,f,1,1,0,0,0.3
1.22059E+18,100%,98%,t,50,57,t,t,South Boston,42.33084,-71.05546,Private room in home,Private room,2,,,,,29,91,t,0,0,0,0,0,0,0,0,0,0,,,,,,,,,f,18,8,10,0,
1.2206E+18,100%,98%,t,50,57,t,t,South Boston,42.33135937,-71.0554365,Private room in home,Private room,2,,,,,29,365,t,0,0,0,0,0,0,0,0,0,0,,,,,,,,,f,18,8,10,0,
1.22061E+18,100%,98%,t,50,57,t,t,South Boston,42.3300844,-71.05750976,Private room in home,Private room,2,,,,,29,365,t,0,0,0,0,0,0,0,0,0,0,,,,,,,,,f,18,8,10,0,
1.22061E+18,100%,98%,t,50,57,t,t,South Boston,42.32977095,-71.05735066,Private room in home,Private room,2,,,,,29,365,t,0,0,0,0,0,0,0,0,0,0,,,,,,,,,f,18,8,10,0,
1.22062E+18,100%,98%,t,50,57,t,t,South Boston,42.32922551,-71.05584341,Private room in home,Private room,4,,,,,29,365,t,0,0,0,0,0,0,0,0,0,0,,,,,,,,,f,18,8,10,0,
1.22105E+18,100%,94%,f,1,1,t,t,Jamaica Plain,42.31925,-71.11408,Entire rental unit,Entire home/apt,8,1,3,4,$211.00 ,29,180,t,28,58,88,297,11,8,0,97,8,255,53805,4.18,4.55,4.27,4.27,4.73,4.73,4.18,f,1,1,0,0,0.83
1.22105E+18,100%,98%,t,35,36,t,t,South End,42.34281,-71.07475,Entire rental unit,Entire home/apt,4,1,2,2,$494.00 ,2,330,t,18,45,75,347,31,27,2,82,14,162,80028,4.94,4.97,4.9,4.97,5,5,4.68,t,9,9,0,0,2.43
1.22178E+18,100%,100%,f,18,163,t,t,South End,42.34278,-71.08045,Entire rental unit,Entire home/apt,2,1,1,1,$215.00 ,1,14,t,17,47,77,341,15,11,4,86,6,66,14190,4.93,4.93,4.87,5,5,5,4.93,t,18,18,0,0,1.17
1.22183E+18,N/A,N/A,f,1,1,t,t,Roxbury,42.32595,-71.0803,Entire condo,Entire home/apt,3,1,2,2,$167.00 ,29,120,t,0,21,51,231,2,2,0,61,2,116,19372,5,5,5,5,5,5,5,f,1,1,0,0,0.17
1.22232E+18,100%,96%,f,5084,5865,t,t,Chinatown,42.3522851,-71.0591088,Entire rental unit,Entire home/apt,2,1,1,1,$307.00 ,30,1125,t,0,0,0,116,0,0,0,0,0,0,0,,,,,,,,t,343,343,0,0,
1.22349E+18,89%,69%,t,3,16,t,t,Allston,42.35283,-71.1279,Entire rental unit,Entire home/apt,3,,3,,,91,360,t,29,59,89,363,0,0,0,98,0,0,,,,,,,,,f,2,1,1,0,
1.22398E+18,88%,79%,t,4,5,t,f,Dorchester,42.32209,-71.05621,Entire rental unit,Entire home/apt,8,1,0,6,$446.00 ,2,365,t,17,45,75,335,10,10,2,85,3,60,26760,4.9,4.9,5,5,5,4.7,4.9,f,2,2,0,0,0.85
1.22421E+18,100%,100%,f,4,4,t,t,Brighton,42.3372541,-71.1478033,Private room in rental unit,Private room,1,,,,,100,365,t,0,0,0,170,2,2,0,0,1,255,,4,3.5,4.5,5,4.5,4.5,4,f,2,0,2,0,0.22
1.22606E+18,100%,96%,t,17,57,t,t,Allston,42.36167703,-71.12573102,Private room in rental unit,Private room,2,1,1,2,$69.00 ,30,365,t,29,58,88,363,2,2,0,98,1,120,8280,4.5,4.5,4.5,5,5,5,4.5,f,12,2,10,0,0.22
1.22619E+18,100%,100%,t,1,1,t,t,East Boston,42.38542,-71.00441,Entire guest suite,Entire home/apt,5,1,1,4,$122.00 ,29,365,t,30,60,90,365,27,20,0,99,23,255,31110,4.93,4.96,4.74,4.96,5,4.85,4.96,t,1,1,0,0,2.04
1.22676E+18,100%,88%,f,1,2,t,t,Charlestown,42.38267971,-71.07046986,Entire home,Entire home/apt,6,,3,,,3,1125,t,0,0,0,0,6,6,0,0,4,36,,5,5,5,5,5,5,5,f,1,1,0,0,0.57
1.22698E+18,100%,100%,t,39,40,t,t,Brighton,42.34676,-71.14521,Entire rental unit,Entire home/apt,3,1,1,2,$169.00 ,1,365,t,15,45,63,162,39,31,2,72,20,186,31434,4.82,4.87,4.95,4.59,4.82,4.77,4.82,t,39,39,0,0,2.95
1.22731E+18,100%,100%,t,1,1,t,t,South End,42.3374263,-71.0750942,Entire rental unit,Entire home/apt,2,1,1,1,$250.00 ,29,1125,t,0,23,31,235,5,5,0,31,2,255,63750,5,4.6,4.8,5,4.8,4.8,4.4,t,1,1,0,0,0.42
1.22819E+18,100%,100%,f,79,112,t,t,Fenway,42.34449233,-71.08887581,Entire rental unit,Entire home/apt,4,1,1,2,$291.00 ,1,1000,t,14,36,47,47,19,19,2,47,4,114,33174,4.84,4.95,4.84,4.95,4.89,5,4.58,t,57,27,30,0,1.61
1.22819E+18,100%,100%,f,79,112,t,t,Fenway,42.34453821,-71.08875779,Entire rental unit,Entire home/apt,4,1,1,2,$272.00 ,1,365,t,16,42,53,53,15,14,0,53,5,84,22848,4.53,4.6,4.93,4.6,4.73,4.87,4.33,t,57,27,30,0,1.21
1.22819E+18,100%,100%,f,79,112,t,t,Fenway,42.34447162,-71.08878461,Entire rental unit,Entire home/apt,4,1,1,2,$290.00 ,1,365,t,15,34,42,42,29,29,2,42,3,174,50460,4.86,4.76,4.83,4.72,4.66,4.93,4.55,t,57,27,30,0,2.56
1.2282E+18,100%,100%,f,79,112,t,t,Fenway,42.34453028,-71.0888007,Entire rental unit,Entire home/apt,4,1,1,2,$310.00 ,1,365,t,4,28,39,39,13,13,0,39,1,78,24180,4.85,4.92,4.92,4.92,4.69,4.92,4.62,t,57,27,30,0,1.16
1.22912E+18,100%,100%,t,1,1,t,t,Downtown,42.3616439,-71.0556778,Room in hotel,Private room,2,,1,,,1,365,t,0,0,0,0,55,50,1,0,28,255,,4.95,4.96,4.95,4.84,4.89,4.96,4.89,t,1,0,1,0,4.23
1.22965E+18,100%,97%,f,31,42,t,t,Mission Hill,42.33136,-71.111,Private room in rental unit,Private room,2,1,1,1,$60.00 ,30,365,t,18,48,78,353,1,0,0,88,1,0,0,5,5,5,5,5,5,5,t,11,0,11,0,0.08
1.23016E+18,100%,99%,t,42,50,t,t,Downtown,42.35274,-71.06396,Entire rental unit,Entire home/apt,6,2,3,8,$612.00 ,29,365,t,15,45,75,98,8,7,0,84,7,255,156060,4.38,4.75,4.75,4.38,4.25,4.5,4.25,t,9,9,0,0,0.61
1.23067E+18,100%,97%,f,31,42,t,t,Mission Hill,42.33127853,-71.1088037,Private room in rental unit,Private room,2,0,1,1,$60.00 ,30,365,t,0,0,22,297,3,3,1,32,1,180,10800,5,4.67,4.67,4.67,4.67,4.33,5,t,11,0,11,0,0.28
1.23124E+18,100%,100%,t,2,2,t,t,Roslindale,42.2791829,-71.1407393,Entire home,Entire home/apt,4,1,2,3,$234.00 ,2,30,t,2,22,45,310,18,15,1,55,16,90,21060,5,5,5,4.94,5,5,4.89,f,2,2,0,0,1.43
1.23133E+18,33%,28%,f,33,75,t,t,Jamaica Plain,42.3292,-71.11247,Entire rental unit,Entire home/apt,6,2,2,3,$599.00 ,1,365,t,30,60,90,365,0,0,0,100,0,0,0,,,,,,,,f,16,16,0,0,
1.23172E+18,100%,96%,f,5084,5865,t,t,Downtown,42.3522094,-71.0639027,Entire rental unit,Entire home/apt,4,2,2,2,$307.00 ,31,1125,t,0,0,0,130,1,1,0,0,1,62,19034,1,2,1,1,1,4,2,t,343,343,0,0,0.09
1.23264E+18,100%,100%,t,39,40,t,t,Brighton,42.34791321,-71.14721208,Entire rental unit,Entire home/apt,2,1,1,2,$160.00 ,1,365,t,19,49,76,144,42,39,2,85,18,234,37440,4.88,4.93,4.98,4.71,4.88,4.76,4.74,t,39,39,0,0,3.26
1.23269E+18,100%,94%,t,1,2,t,t,Mission Hill,42.3290092,-71.10832292,Private room in rental unit,Private room,1,1,1,2,$117.00 ,1,28,t,5,23,30,258,33,33,5,30,8,198,23166,4.97,4.94,4.97,4.97,4.97,4.82,4.88,f,1,0,1,0,2.88
1.23279E+18,100%,98%,f,1,1,f,f,Roxbury,42.3192067,-71.08947326,Entire rental unit,Entire home/apt,6,1,2,3,$313.00 ,2,365,t,4,4,4,4,21,21,1,4,4,126,39438,4.57,4.48,4.67,4.76,4.9,4.52,4.33,f,1,1,0,0,1.86
1.23287E+18,100%,100%,t,39,40,t,t,Brighton,42.34697473,-71.14595262,Entire rental unit,Entire home/apt,2,1,1,2,$180.00 ,1,365,t,18,48,78,147,32,30,1,88,10,180,32400,4.84,4.84,5,4.63,4.84,5,4.63,t,39,39,0,0,2.51
1.23307E+18,100%,96%,f,5084,5865,t,t,Downtown,42.3522094,-71.0639027,Entire rental unit,Entire home/apt,4,1,2,2,$295.00 ,31,1125,t,0,0,3,278,0,0,0,12,0,0,0,,,,,,,,t,343,343,0,0,
1.23355E+18,100%,85%,t,4,4,t,f,Dorchester,42.28634978,-71.04118947,Entire rental unit,Entire home/apt,4,1,1,1,$200.00 ,91,365,t,3,33,63,338,0,0,0,73,0,0,0,,,,,,,,f,1,1,0,0,
1.23405E+18,N/A,100%,f,3,3,t,t,West Roxbury,42.28245491,-71.15511023,Entire home,Entire home/apt,6,,3,,,3,365,t,0,0,0,0,2,2,0,0,2,12,,5,5,5,5,5,5,5,t,2,2,0,0,0.22
1.23637E+18,100%,100%,t,7,8,t,t,Roxbury,42.32614,-71.08678,Private room in home,Private room,2,1,1,1,$95.00 ,1,365,t,7,14,33,33,115,115,9,33,14,255,24225,4.89,4.9,4.84,4.97,4.88,4.71,4.87,t,7,1,6,0,10.06
1.2365E+18,100%,97%,f,31,42,t,t,Mission Hill,42.33222743,-71.10904741,Private room in rental unit,Private room,2,0,1,1,$60.00 ,30,365,t,1,6,36,311,3,3,1,46,2,180,10800,5,5,4.67,5,5,5,5,t,11,0,11,0,0.25
1.23793E+18,100%,98%,t,50,57,t,t,South Boston,42.32922042,-71.05708766,Entire home,Entire home/apt,14,3,5,6,$665.00 ,29,365,t,19,41,67,297,0,0,0,73,0,0,0,,,,,,,,f,18,8,10,0,
1.23844E+18,100%,73%,f,1,1,t,f,South End,42.3428146,-71.0709449,Entire condo,Entire home/apt,4,2,2,2,$650.00 ,5,365,t,13,36,58,67,7,7,1,67,2,70,45500,5,5,5,5,5,5,5,f,1,1,0,0,0.58
1.23923E+18,100%,98%,t,4,6,t,t,South Boston,42.33097061,-71.04129227,Private room in townhouse,Private room,2,1,1,1,$121.00 ,1,365,t,3,29,54,327,15,14,1,62,12,84,10164,4.93,4.86,4.5,5,5,4.86,4.71,f,4,2,2,0,1.18
1.23932E+18,100%,94%,t,1,1,t,t,Dorchester,42.28674926,-71.06844449,Entire rental unit,Entire home/apt,4,,1,,,2,28,t,0,0,0,0,23,23,0,0,6,138,,5,4.96,5,5,5,4.87,4.91,f,1,1,0,0,2.09
1.24001E+18,100%,100%,t,32,32,t,t,Brighton,42.34326317,-71.1495332,Entire rental unit,Entire home/apt,8,1.5,4,4,$267.00 ,2,365,t,13,40,63,311,48,44,3,72,11,255,68085,4.96,4.94,4.96,5,5,4.83,4.79,f,30,28,2,0,3.82
1.24018E+18,90%,94%,f,13,13,t,t,Dorchester,42.32268911,-71.05858088,Private room in rental unit,Private room,3,2.5,1,1,$119.00 ,1,365,t,8,38,68,343,26,23,0,78,14,138,16422,4.77,4.81,4.85,4.88,4.69,4.85,4.81,f,13,0,13,0,2.06
1.24194E+18,100%,100%,t,32,32,t,t,Brighton,42.34287892,-71.15064968,Private room in rental unit,Private room,2,1,1,1,$90.00 ,2,365,t,2,18,48,148,32,28,0,58,13,168,15120,4.94,4.97,4.94,5,5,4.94,4.75,f,30,28,2,0,2.55
1.24216E+18,90%,66%,f,10,21,t,t,Beacon Hill,42.35698,-71.07214,Private room in rental unit,Private room,1,1,1,1,$106.00 ,29,90,t,0,23,53,140,2,2,0,62,1,116,12296,5,5,5,5,5,5,4.5,f,6,2,4,0,0.18
1.24297E+18,100%,100%,t,1,1,t,f,West Roxbury,42.2740567,-71.1502902,Entire rental unit,Entire home/apt,5,1,3,5,$371.00 ,29,365,t,30,60,90,365,8,8,0,100,3,255,94605,5,5,5,5,5,5,4.75,t,1,1,0,0,0.68
1.2431E+18,N/A,N/A,f,2,2,t,t,East Boston,42.36672,-71.03848,Private room in rental unit,Private room,2,,,,,1,365,t,0,0,0,0,0,0,0,0,0,0,,,,,,,,,f,2,0,2,0,
1.24506E+18,100%,100%,t,2,2,t,t,Roslindale,42.2802445,-71.1415041,Entire home,Entire home/apt,4,1,3,4,$255.00 ,2,80,t,10,39,68,339,25,25,3,78,9,150,38250,4.92,5,5,5,5,5,4.76,f,2,2,0,0,2.08
1.24643E+18,100%,99%,t,10,10,t,t,Hyde Park,42.25876,-71.11842,Entire rental unit,Entire home/apt,8,1,4,4,$150.00 ,30,180,t,12,42,72,346,3,3,1,81,1,180,27000,5,5,5,5,5,5,5,f,1,1,0,0,0.26
1.24654E+18,N/A,N/A,f,1,3,t,t,South End,42.33915,-71.07723,Entire rental unit,Entire home/apt,4,2.5,2,2,$338.00 ,91,365,t,29,59,89,178,0,0,0,98,0,0,0,,,,,,,,f,1,1,0,0,
1.24666E+18,100%,94%,t,2,3,t,t,Roslindale,42.28370983,-71.11504111,Entire rental unit,Entire home/apt,2,,1,,,92,1125,t,0,0,22,201,8,8,0,31,6,255,,5,5,5,5,5,5,5,f,2,2,0,0,0.67
1.24738E+18,100%,99%,t,3,4,t,t,Dorchester,42.30218,-71.0624,Private room in home,Private room,2,1,1,1,$76.00 ,1,28,t,5,26,56,329,74,72,7,66,13,255,19380,4.78,4.81,4.77,4.93,4.92,4.62,4.77,f,3,0,3,0,6.03
1.24765E+18,100%,90%,f,2864,6545,t,t,Longwood Medical Area,42.33832,-71.10647,Room in hotel,Hotel room,4,,1,,,1,1125,t,22,50,80,354,0,0,0,89,0,0,,,,,,,,,t,46,0,0,0,
1.24765E+18,100%,90%,f,2864,6545,t,t,Longwood Medical Area,42.33832,-71.10647,Room in hotel,Hotel room,4,,1,,,1,1125,t,25,55,85,358,1,1,0,94,0,6,,4,5,4,4,4,4,3,t,46,0,0,0,0.94
1.24765E+18,100%,90%,f,2864,6545,t,t,Longwood Medical Area,42.33832,-71.10647,Room in hotel,Hotel room,2,,1,,,1,1125,t,22,52,82,348,0,0,0,91,0,0,,,,,,,,,t,46,0,0,0,
1.24782E+18,100%,100%,,12,18,t,f,Dorchester,42.31345,-71.0558,Entire rental unit,Entire home/apt,8,2,3,4,$370.00 ,2,365,t,8,31,61,235,10,10,2,71,1,60,22200,4.9,4.8,4.8,4.8,4.7,4.6,4.7,f,9,9,0,0,0.89
1.24784E+18,100%,84%,f,3,4,t,t,East Boston,42.3774429,-71.0385832,Entire rental unit,Entire home/apt,4,1,2,3,$96.00 ,1,365,t,15,38,68,343,40,40,4,78,7,240,23040,4.83,4.88,4.93,4.98,5,4.8,4.78,f,2,2,0,0,3.41
1.24789E+18,100%,89%,f,1,1,t,t,Roslindale,42.28689,-71.13246,Entire rental unit,Entire home/apt,2,1,0,1,$129.00 ,2,365,t,3,23,53,313,14,14,4,56,0,84,10836,5,5,5,4.92,5,5,4.92,t,1,1,0,0,4.12
1.24794E+18,100%,100%,,12,18,t,f,Dorchester,42.31384,-71.05528,Entire rental unit,Entire home/apt,9,2,3,4,$381.00 ,2,365,t,14,40,70,250,25,25,2,80,3,150,57150,4.68,4.8,4.72,4.8,4.64,4.56,4.6,f,9,9,0,0,2.16
1.24919E+18,0%,N/A,f,1,1,t,t,East Boston,42.39078,-70.99749,Entire rental unit,Entire home/apt,4,2,2,2,$180.00 ,91,365,t,30,60,90,365,0,0,0,100,0,0,0,,,,,,,,f,1,1,0,0,
1.24924E+18,100%,100%,t,35,76,t,t,North End,42.36541813,-71.05177218,Entire rental unit,Entire home/apt,2,1,0,1,$181.00 ,29,365,t,15,27,27,290,7,6,0,27,7,255,46155,5,4.86,4.86,5,4.86,5,5,f,23,23,0,0,0.57
1.24997E+18,100%,100%,f,59,74,t,t,Downtown,42.35411049,-71.06309369,Entire rental unit,Entire home/apt,6,1,3,3,$455.00 ,29,365,t,15,34,64,325,13,13,0,73,11,255,116025,4.62,4.77,4.85,4.85,4.85,4.62,4.54,t,59,59,0,0,1.08
1.25177E+18,100%,97%,f,31,42,t,t,Mission Hill,42.33058425,-71.10956327,Private room in rental unit,Private room,1,0,1,1,$57.00 ,30,365,t,6,6,19,294,3,3,2,29,1,180,10260,5,5,5,5,5,4.67,5,t,11,0,11,0,0.27
1.25215E+18,100%,97%,f,31,42,t,t,Mission Hill,42.33212515,-71.10887202,Private room in rental unit,Private room,2,1,1,1,$59.00 ,30,365,t,3,3,3,270,2,2,1,5,0,120,7080,5,5,5,4.5,5,4.5,5,t,11,0,11,0,0.46
1.25253E+18,100%,97%,f,31,42,t,t,Mission Hill,42.33074439,-71.10950967,Private room in rental unit,Private room,2,3,1,1,$60.00 ,30,365,t,19,49,79,354,1,1,0,89,1,60,3600,5,5,5,5,5,5,5,t,11,0,11,0,0.09
1.25255E+18,100%,97%,f,31,42,t,t,Mission Hill,42.33264672,-71.11076586,Private room in rental unit,Private room,2,0,1,1,$59.00 ,30,365,t,11,41,71,346,2,2,0,81,0,120,7080,5,5,5,5,5,5,5,t,11,0,11,0,0.73
1.25297E+18,100%,100%,f,2,2,f,f,Roxbury,42.32791186,-71.09100272,Entire condo,Entire home/apt,6,,3,,,2,28,t,0,0,0,0,24,24,2,0,4,144,,5,4.88,4.96,4.92,4.96,4.63,4.71,f,2,2,0,0,2.04
1.25368E+18,100%,100%,t,16,21,t,t,East Boston,42.38065,-71.03814,Entire rental unit,Entire home/apt,4,2,2,2,$258.00 ,29,365,t,10,34,61,335,20,20,0,70,0,255,65790,4.85,4.95,4.85,4.95,4.9,4.7,4.55,t,5,5,0,0,2.41
1.25368E+18,89%,94%,f,19,49,t,t,Fenway,42.3493957,-71.09571994,Entire rental unit,Entire home/apt,4,1,1,3,$178.00 ,29,365,t,23,28,37,307,28,28,0,47,3,255,45390,4.89,4.86,4.89,5,4.89,4.96,4.79,f,14,12,2,0,2.34
1.25423E+18,100%,98%,f,1,1,f,t,South End,42.34112751,-71.07742612,Entire condo,Entire home/apt,5,2.5,2,2,$321.00 ,2,365,t,4,22,52,141,14,14,2,61,0,84,26964,4.71,4.71,4.57,5,4.86,5,4.64,f,1,1,0,0,2.08
1.25443E+18,100%,100%,f,52,57,t,t,Downtown,42.35108,-71.06546,Entire rental unit,Entire home/apt,2,1,1,1,$237.00 ,5,365,t,0,0,19,197,11,11,3,28,0,110,26070,4.91,4.73,4.91,4.82,5,4.82,4.82,f,52,52,0,0,3.11
1.25443E+18,100%,100%,f,8,10,t,t,Brighton,42.34786595,-71.14091133,Entire rental unit,Entire home/apt,4,2,2,1,$165.00 ,29,60,t,12,42,51,51,0,0,0,51,0,0,0,,,,,,,,t,8,8,0,0,
1.25732E+18,N/A,25%,f,2,2,t,t,South Boston,42.33347,-71.03959,Entire rental unit,Entire home/apt,2,1,1,1,$102.00 ,29,90,t,0,0,6,281,0,0,0,16,0,0,0,,,,,,,,f,1,1,0,0,
1.25752E+18,100%,100%,t,2,2,t,t,East Boston,42.37670269,-71.03515852,Entire rental unit,Entire home/apt,8,1,3,4,$308.00 ,2,365,t,15,42,72,343,19,19,2,81,2,114,35112,4.95,4.95,5,5,5,5,4.89,t,1,1,0,0,1.7
1.25868E+18,100%,100%,f,79,112,t,t,South Boston,42.33631271,-71.04591405,Entire rental unit,Entire home/apt,2,1,1,1,$120.00 ,1,365,t,14,36,58,58,29,29,3,58,9,174,20880,4.21,4.38,4.14,4.52,4.69,4.48,4,t,57,27,30,0,2.49
1.25872E+18,100%,100%,f,19,19,t,t,Mission Hill,42.33421215,-71.10553634,Entire rental unit,Entire home/apt,1,1,0,1,$154.00 ,2,30,t,4,21,46,175,22,22,2,56,3,132,20328,4.95,5,4.95,5,5,4.82,4.68,f,19,19,0,0,2.02
1.25878E+18,100%,100%,f,19,19,t,t,Mission Hill,42.33369,-71.1071,Entire rental unit,Entire home/apt,2,1,0,1,$130.00 ,2,30,t,3,17,30,155,37,37,1,40,6,222,28860,4.76,4.89,4.97,4.97,4.92,4.81,4.62,f,19,19,0,0,3.47
1.25965E+18,96%,98%,f,155,169,t,t,Roxbury,42.31048,-71.08924,Private room in rental unit,Private room,1,1,1,1,$111.00 ,29,365,t,30,60,90,365,0,0,0,100,0,0,0,,,,,,,,t,6,0,6,0,
1.25974E+18,96%,98%,f,155,169,t,t,Roxbury,42.31198449,-71.08908671,Private room in rental unit,Private room,1,1,1,1,$121.00 ,2,365,t,24,54,84,359,3,3,0,93,2,18,2178,4.67,4.67,5,5,5,4.67,4.67,t,6,0,6,0,0.26
1.26024E+18,100%,94%,f,23,23,t,t,Dorchester,42.30354975,-71.06459543,Private room in rental unit,Private room,2,1.5,1,1,$109.00 ,29,30,t,8,27,57,324,2,2,0,66,0,116,12644,3,3,3,3,3,3,3,t,23,2,21,0,0.27
1.26031E+18,98%,100%,,16,18,t,t,Back Bay,42.34512593,-71.0809787,Entire rental unit,Entire home/apt,2,1,1,1,$296.00 ,1,365,t,22,49,73,128,25,25,4,73,6,150,44400,4.76,4.88,4.72,4.96,4.92,4.88,4.8,t,5,5,0,0,2.19
1.26107E+18,100%,100%,t,39,40,t,t,Brighton,42.34828159,-71.14711118,Entire rental unit,Entire home/apt,4,1,2,5,$208.00 ,1,365,t,20,50,80,148,54,54,3,89,8,255,53040,4.93,4.89,4.94,4.67,4.96,4.83,4.81,t,39,39,0,0,4.76
1.26114E+18,100%,94%,t,1,1,t,t,Dorchester,42.30967,-71.04689,Entire guest suite,Entire home/apt,4,1,2,2,$323.00 ,2,21,t,11,41,71,165,26,26,2,81,4,156,50388,5,5,5,4.88,4.96,4.88,4.92,f,1,1,0,0,2.48
1.26199E+18,100%,100%,t,39,40,t,t,Brighton,42.34794,-71.14484,Entire rental unit,Entire home/apt,3,1,1,2,$173.00 ,29,365,t,18,48,78,147,22,22,2,88,1,255,44115,4.91,4.91,4.95,4.91,4.91,4.73,4.73,t,39,39,0,0,1.89
1.26222E+18,100%,81%,f,1,3,t,t,Jamaica Plain,42.30716761,-71.11328289,Entire rental unit,Entire home/apt,3,1,2,2,$251.00 ,2,25,t,9,32,40,40,2,2,2,40,0,12,3012,5,5,4.5,4,5,5,5,f,1,1,0,0,2
1.26244E+18,100%,80%,f,1,2,t,t,North End,42.36478268,-71.05356507,Entire rental unit,Entire home/apt,2,1,1,1,$334.00 ,4,30,t,9,32,41,127,0,0,0,47,0,0,0,,,,,,,,f,1,1,0,0,
1.26316E+18,100%,95%,f,3,4,t,t,Downtown,42.3550474,-71.0622106,Entire rental unit,Entire home/apt,2,1,1,1,$221.00 ,1,365,t,9,24,54,259,9,9,0,63,3,54,11934,3.78,4.33,3.89,4.33,4.22,5,3.89,t,3,3,0,0,0.83
1.26316E+18,100%,95%,f,3,4,t,t,Downtown,42.35505674,-71.062212,Entire rental unit,Entire home/apt,2,1,1,1,$229.00 ,3,180,t,12,37,67,276,5,5,1,76,1,30,6870,3.6,4,2.8,4.2,4.2,4.6,3.6,t,3,3,0,0,0.48
1.26316E+18,99%,98%,f,20,22,t,t,Bay Village,42.3483657,-71.0698862,Entire rental unit,Entire home/apt,2,1,1,1,$207.00 ,3,180,t,9,33,63,272,4,4,0,72,0,24,4968,4.25,4.25,4.25,5,5,5,4,t,20,5,15,0,0.45
1.26316E+18,99%,98%,f,20,22,t,t,Bay Village,42.3484186,-71.0698384,Private room in rental unit,Private room,1,1,1,1,$110.00 ,3,365,t,7,18,47,256,0,0,0,56,0,0,0,,,,,,,,t,20,5,15,0,
1.26316E+18,99%,98%,f,20,22,t,t,Bay Village,42.3483308,-71.0698714,Entire rental unit,Entire home/apt,2,1,1,1,$166.00 ,3,365,t,12,31,61,270,12,12,1,70,2,72,11952,4.08,4.25,3.92,4.75,4.67,4.5,4.17,f,20,5,15,0,1.07
1.26317E+18,99%,98%,f,20,22,t,t,Bay Village,42.348419,-71.069916,Private room in rental unit,Private room,2,1,1,1,$151.00 ,2,500,t,9,34,64,273,8,8,2,73,2,48,7248,4.13,4.25,4.5,4.63,4.88,4.38,3.88,t,20,5,15,0,0.75
1.26317E+18,99%,98%,f,20,22,t,t,Bay Village,42.3484037,-71.0697483,Private room in rental unit,Private room,1,1,0,1,$107.00 ,1,180,t,8,18,34,301,3,3,1,43,1,18,1926,4.33,4.33,4,4.67,4,4.33,3.67,t,20,5,15,0,0.28
1.26376E+18,100%,96%,t,4,7,t,t,Roxbury,42.31126,-71.08744,Private room in home,Private room,1,1,1,1,$68.00 ,2,365,t,0,0,0,0,28,28,3,0,5,168,11424,4.93,4.93,4.85,4.93,5,4.67,4.96,f,4,0,4,0,2.43
1.26515E+18,100%,100%,t,1,1,t,t,Roslindale,42.28127929,-71.12624786,Entire home,Entire home/apt,6,1,3,4,$217.00 ,1,365,t,6,20,45,74,58,58,8,47,7,255,55335,4.88,4.88,4.89,4.98,4.96,4.91,4.77,t,1,1,0,0,5.61
1.26519E+18,100%,100%,t,130,133,t,t,Beacon Hill,42.35861,-71.06574,Entire rental unit,Entire home/apt,2,1,0,1,$182.00 ,1,365,t,0,3,16,68,31,31,2,18,10,186,33852,4.77,4.81,4.81,4.9,4.94,4.97,4.65,t,36,36,0,0,2.74
1.26662E+18,100%,92%,t,9,9,t,t,West Roxbury,42.2727392,-71.1635905,Entire home,Entire home/apt,2,1,1,1,$97.00 ,91,365,t,30,60,90,365,0,0,0,100,0,0,0,,,,,,,,t,3,3,0,0,
1.26699E+18,100%,97%,f,31,42,t,t,Mission Hill,42.33263,-71.11022,Private room in rental unit,Private room,1,3,1,1,$70.00 ,30,365,t,11,41,71,346,1,1,0,81,1,60,4200,5,4,4,5,5,4,5,t,11,0,11,0,0.09
1.2673E+18,84%,95%,f,60,97,t,t,Dorchester,42.31906,-71.06312,Private room in rental unit,Private room,2,1,1,1,$110.00 ,30,365,t,0,0,0,255,1,1,1,0,0,60,6600,5,5,5,4,5,3,5,f,58,18,40,0,1
1.26732E+18,84%,95%,f,60,97,t,t,Dorchester,42.3172016,-71.06296151,Private room in rental unit,Private room,2,1,1,1,$102.00 ,29,730,t,0,0,0,266,1,1,0,1,0,58,5916,3,3,3,2,2,3,2,f,58,18,40,0,0.55
1.26733E+18,84%,95%,f,60,97,t,t,Dorchester,42.31901946,-71.06107373,Private room in rental unit,Private room,2,1,1,1,$73.00 ,29,730,t,0,0,22,297,1,1,0,32,0,58,4234,5,4,5,5,5,5,4,f,58,18,40,0,0.7
1.26734E+18,84%,95%,f,60,97,t,t,Dorchester,42.31912,-71.06306,Private room in rental unit,Private room,2,1,1,1,$69.00 ,30,360,t,0,0,0,114,1,1,0,0,0,60,4140,5,5,5,5,5,4,5,f,58,18,40,0,0.5
1.26735E+18,84%,95%,f,60,97,t,t,Dorchester,42.31756,-71.06269,Private room in rental unit,Private room,2,1,1,1,$72.00 ,30,180,t,19,49,79,354,0,0,0,89,0,0,0,,,,,,,,f,58,18,40,0,
1.2674E+18,100%,97%,f,7,13,t,t,Allston,42.36165957,-71.13326008,Entire home,Entire home/apt,6,2,4,4,$319.00 ,3,365,t,16,43,70,99,21,21,3,79,0,126,40194,4.57,4.62,4.9,4.95,4.9,4.9,4.52,f,6,2,4,0,2.93
1.268E+18,100%,N/A,f,2,4,t,t,Allston,42.3587162,-71.1296267,Entire rental unit,Entire home/apt,10,3,5,5,$640.00 ,91,365,t,30,60,90,364,0,0,0,99,0,0,0,,,,,,,,t,2,2,0,0,
1.26821E+18,100%,100%,f,52,57,t,t,Back Bay,42.34366202,-71.08224215,Entire rental unit,Entire home/apt,1,1,0,1,$135.00 ,29,365,t,7,21,50,232,7,7,0,59,4,255,34425,4.43,4.43,4.43,4.86,5,4.86,4,t,52,52,0,0,0.61
1.26903E+18,87%,76%,f,102,193,t,t,Fenway,42.34681124,-71.10237852,Entire rental unit,Entire home/apt,6,,2,,,4,365,t,25,55,85,354,4,4,0,94,0,32,,4.75,4.75,5,5,5,5,4.75,f,72,72,0,0,0.56
1.26903E+18,95%,91%,f,117,207,t,t,Back Bay,42.35289725,-71.08083884,Entire rental unit,Entire home/apt,6,1,2,1,$457.00 ,29,730,t,0,20,50,324,2,2,0,59,0,116,53012,5,4.5,4.5,5,5,5,5,f,33,33,0,0,0.29
1.26969E+18,N/A,100%,f,1,1,t,t,Dorchester,42.293378,-71.0587616,Entire rental unit,Entire home/apt,4,1,2,3,$218.00 ,29,365,t,0,0,0,115,1,1,0,0,0,58,12644,5,5,5,5,5,4,5,f,1,1,0,0,0.18
1.26977E+18,96%,98%,f,155,169,t,t,Roxbury,42.31204416,-71.08712218,Private room in rental unit,Private room,1,1,1,1,$155.00 ,2,365,t,30,60,90,365,1,1,1,100,0,6,930,5,5,5,5,5,5,5,t,6,0,6,0,1
1.26978E+18,100%,87%,f,14,22,t,t,Back Bay,42.35199,-71.08114,Entire rental unit,Entire home/apt,6,1,2,1,$458.00 ,29,730,t,0,20,50,324,6,6,0,59,6,255,116790,5,5,4.5,4.33,5,5,5,f,12,12,0,0,0.55
1.26987E+18,100%,87%,f,14,22,t,t,Downtown,42.35980616,-71.05595181,Entire rental unit,Entire home/apt,4,2,2,2,$417.00 ,30,730,t,7,26,56,319,5,5,0,66,5,255,106335,4.6,4.6,4.8,4.2,4.4,5,4.6,f,12,12,0,0,0.45
1.26991E+18,100%,97%,f,31,42,t,t,Mission Hill,42.33278,-71.1107,Private room in rental unit,Private room,2,3,1,1,$69.00 ,30,365,t,0,21,51,191,3,3,0,61,2,180,12420,4.67,4.33,4.67,5,5,4.67,4.67,t,11,0,11,0,0.27
1.27028E+18,100%,100%,f,3,4,t,t,South End,42.33795,-71.07647,Entire condo,Entire home/apt,6,1.5,3,3,$379.00 ,2,365,t,14,31,53,320,10,10,2,62,0,60,22740,4.9,4.8,4.9,4.9,5,4.8,4.8,t,3,3,0,0,1.92
1.27133E+18,95%,91%,f,117,207,t,t,Downtown,42.36119979,-71.05766733,Entire rental unit,Entire home/apt,2,1,0,1,$219.00 ,30,730,t,0,0,23,297,0,0,0,32,0,0,0,,,,,,,,f,33,33,0,0,
1.27178E+18,83%,98%,f,1,1,t,f,Brighton,42.35402,-71.16611,Entire rental unit,Entire home/apt,8,3,6,6,$540.00 ,29,365,t,25,55,85,360,16,16,0,95,0,255,137700,4.56,4.88,4.63,4.81,4.63,4.88,4.56,t,1,1,0,0,2.5
1.27246E+18,100%,46%,f,1,1,f,t,Roxbury,42.32603188,-71.08202251,Entire rental unit,Entire home/apt,4,1,2,2,$198.00 ,1,365,t,0,0,0,95,6,6,0,0,2,36,7128,4.83,5,4.33,5,5,4.17,4.83,f,1,1,0,0,0.56
1.27246E+18,100%,96%,t,1,1,t,t,Jamaica Plain,42.3083695,-71.1188783,Entire rental unit,Entire home/apt,4,1,2,2,$303.00 ,3,30,t,7,34,51,132,30,30,5,54,4,180,54540,5,5,5,5,5,4.97,5,f,1,1,0,0,2.83
1.27261E+18,100%,99%,t,42,50,t,t,Chinatown,42.3512,-71.0617,Entire rental unit,Entire home/apt,6,,3,,,29,365,t,0,0,0,0,4,4,0,0,3,232,,4.75,4.75,5,5,4.75,5,4.75,t,9,9,0,0,0.36
1.27383E+18,100%,100%,t,36,44,t,t,Fenway,42.34456431,-71.08898107,Entire rental unit,Entire home/apt,2,1,1,1,$85.00 ,150,365,t,0,0,0,19,1,1,0,0,0,255,21675,5,5,5,5,5,5,5,f,1,1,0,0,0.26
1.27492E+18,99%,98%,f,17,17,t,t,Roxbury,42.31381208,-71.08829178,Entire rental unit,Entire home/apt,7,2,4,5,$254.00 ,2,28,t,10,31,33,33,28,28,4,33,1,168,42672,4.75,4.68,4.82,4.75,4.71,4.46,4.61,t,3,3,0,0,3.05
1.2756E+18,96%,98%,f,155,169,t,t,Dorchester,42.27999,-71.07479,Private room in rental unit,Private room,2,1,1,1,$161.00 ,2,365,t,30,60,90,365,1,1,0,100,0,6,966,2,1,2,5,2,1,1,t,6,0,6,0,0.19
1.27627E+18,96%,98%,f,155,169,t,t,Mattapan,42.27782768,-71.07329745,Private room in rental unit,Private room,2,1,1,1,$172.00 ,2,365,t,30,60,90,365,1,1,0,100,0,6,1032,1,1,4,1,1,1,1,t,6,0,6,0,0.19
1.2775E+18,100%,100%,f,18,163,t,t,South End,42.34288668,-71.07887507,Entire rental unit,Entire home/apt,2,1,1,1,$275.00 ,1,21,t,22,52,82,357,2,2,0,91,0,12,3300,5,5,5,5,5,5,5,t,18,18,0,0,0.64
1.27762E+18,98%,99%,f,448,2201,t,t,East Boston,42.36638,-71.04007,Entire serviced apartment,Entire home/apt,3,1,1,2,$284.00 ,29,365,t,7,22,40,268,1,1,0,50,1,58,16472,4,4,2,5,3,5,4,t,29,29,0,0,0.11
1.27781E+18,100%,29%,f,3,3,t,t,Dorchester,42.28659,-71.06742,Entire rental unit,Entire home/apt,4,1,2,2,$199.00 ,30,365,t,6,36,66,341,0,0,0,75,0,0,0,,,,,,,,f,3,3,0,0,
1.27783E+18,89%,92%,f,25,86,t,t,Downtown,42.35992,-71.05549,Entire rental unit,Entire home/apt,4,1.5,1,1,$458.00 ,2,730,t,10,26,56,331,2,2,0,66,0,12,5496,4.5,5,5,5,5,5,4.5,f,9,9,0,0,0.25
1.27829E+18,98%,99%,f,448,2201,t,t,East Boston,42.36732,-71.04101,Entire serviced apartment,Entire home/apt,3,1,1,2,$354.00 ,29,365,t,9,37,63,326,1,1,0,65,0,58,20532,5,5,5,5,5,5,5,t,29,29,0,0,0.21
1.27905E+18,100%,100%,t,1,1,t,t,South Boston,42.3348975,-71.0534291,Entire rental unit,Entire home/apt,6,1,3,4,$270.00 ,2,28,t,2,21,48,239,32,32,6,50,3,192,51840,4.91,4.97,4.94,5,5,4.78,4.94,f,1,1,0,0,3.05
1.27929E+18,100%,34%,f,21,32,t,t,Hyde Park,42.24990376,-71.13359079,Entire rental unit,Entire home/apt,2,1,2,2,$141.00 ,30,365,t,0,0,29,303,1,1,0,38,0,60,8460,5,5,5,5,5,5,5,f,11,11,0,0,0.16
1.27953E+18,100%,96%,f,5084,5865,t,t,Mission Hill,42.3295719,-71.1040886,Entire rental unit,Entire home/apt,2,1,0,1,$204.00 ,31,1125,t,0,0,0,60,0,0,0,0,0,0,0,,,,,,,,t,343,343,0,0,
1.27953E+18,100%,96%,f,5084,5865,t,t,Mission Hill,42.3295719,-71.1040886,Entire rental unit,Entire home/apt,2,1,0,1,$191.00 ,31,1125,t,0,0,0,186,0,0,0,0,0,0,0,,,,,,,,t,343,343,0,0,
1.28041E+18,100%,100%,f,3,4,t,t,South End,42.33629,-71.07671,Entire rental unit,Entire home/apt,2,1.5,1,1,$247.00 ,2,365,t,15,38,60,327,4,4,1,70,2,24,5928,5,4.75,5,4.75,5,5,5,f,3,3,0,0,0.39
1.28057E+18,100%,96%,f,5084,5865,t,t,Mission Hill,42.3295719,-71.1040886,Entire rental unit,Entire home/apt,2,1,1,1,$238.00 ,31,1125,t,0,0,0,185,0,0,0,0,0,0,0,,,,,,,,t,343,343,0,0,
1.28057E+18,100%,96%,f,5084,5865,t,t,South Boston Waterfront,42.3490262,-71.0446092,Entire rental unit,Entire home/apt,2,1,0,1,$276.00 ,31,1125,t,0,22,52,327,0,0,0,62,0,0,0,,,,,,,,t,343,343,0,0,
1.28095E+18,100%,34%,f,21,32,t,t,Hyde Park,42.24944553,-71.13283727,Entire rental unit,Entire home/apt,3,1,2,2,$145.00 ,30,365,t,0,0,0,133,1,1,0,0,0,60,8700,5,5,5,5,5,5,5,f,11,11,0,0,0.81
1.28121E+18,N/A,N/A,f,1,2,t,t,Fenway,42.34515392,-71.10267654,Entire rental unit,Entire home/apt,2,1,0,1,$229.00 ,91,365,t,30,60,90,365,0,0,0,100,0,0,0,,,,,,,,t,1,1,0,0,
1.28188E+18,100%,99%,t,1,2,t,t,East Boston,42.38213396,-71.03132196,Entire guest suite,Entire home/apt,3,1,1,1,$179.00 ,1,90,t,5,24,53,323,39,39,4,63,0,234,41886,4.92,4.92,4.95,4.97,4.92,4.79,4.71,t,1,1,0,0,4.72
1.28386E+18,100%,97%,t,22,26,t,t,Charlestown,42.38395,-71.07739,Entire rental unit,Entire home/apt,4,1,1,2,$144.00 ,1,365,t,0,10,32,206,0,0,0,35,0,0,0,,,,,,,,f,12,3,9,0,
1.28411E+18,100%,100%,t,35,76,t,t,North End,42.36467,-71.05444,Entire rental unit,Entire home/apt,6,1,3,3,$343.00 ,1,365,t,3,22,40,309,10,10,3,49,0,60,20580,4.8,4.8,5,5,5,4.9,4.7,t,23,23,0,0,1.56
1.28414E+18,100%,67%,f,1,1,t,t,Dorchester,42.30491366,-71.08013783,Private room in condo,Private room,1,2,1,1,$142.00 ,2,5,t,21,51,81,350,0,0,0,91,0,0,0,,,,,,,,f,1,0,1,0,
1.28469E+18,100%,34%,f,21,32,t,t,Hyde Park,42.25008,-71.13073,Entire rental unit,Entire home/apt,2,1,1,1,$76.00 ,30,365,t,0,0,28,303,0,0,0,38,0,0,0,,,,,,,,f,11,11,0,0,
1.28482E+18,99%,98%,f,25,194,t,t,Dorchester,42.30947688,-71.05047633,Entire rental unit,Entire home/apt,4,1.5,2,2,$125.00 ,29,365,t,6,15,15,290,11,11,0,25,3,255,31875,4.55,4.45,4.73,4.82,4.73,4.82,4.73,f,60,60,0,0,1.06
1.28547E+18,100%,98%,t,3,7,t,f,West Roxbury,42.2581,-71.16128,Entire rental unit,Entire home/apt,4,1,2,2,$114.00 ,1,365,t,3,14,32,265,62,62,7,38,5,255,29070,4.81,4.79,4.82,4.87,4.98,4.72,4.77,f,3,3,0,0,5.85
1.28548E+18,100%,100%,f,79,112,t,t,South Boston,42.3357334,-71.0449784,Private room in rental unit,Private room,2,1,1,1,$120.00 ,29,1000,t,0,0,0,182,0,0,0,0,0,0,0,,,,,,,,t,57,27,30,0,
1.2864E+18,100%,94%,f,1,2,t,t,Roxbury,42.32032553,-71.08153357,Entire rental unit,Entire home/apt,4,0,0,1,$198.00 ,4,5,t,26,56,86,360,3,3,0,95,0,24,4752,4.67,4.33,4.67,3.67,4.33,4,4,t,1,1,0,0,0.58
1.28645E+18,96%,98%,f,155,169,t,t,Hyde Park,42.25268,-71.11634,Private room in rental unit,Private room,2,1,1,1,$99.00 ,2,365,t,30,60,90,365,1,1,0,100,0,6,594,2,2,4,1,4,4,3,t,6,0,6,0,0.19
1.28784E+18,N/A,30%,f,1,2,t,t,South End,42.3464,-71.07435,Entire home,Entire home/apt,10,,4,,,29,1125,t,0,15,33,39,3,3,0,33,0,174,,5,5,5,5,5,5,5,f,1,1,0,0,0.6
1.28879E+18,100%,98%,t,3,7,t,f,West Roxbury,42.25812,-71.16088,Entire rental unit,Entire home/apt,5,1,3,4,$132.00 ,1,365,t,6,21,46,225,30,30,7,54,1,180,23760,4.8,4.67,4.7,4.9,4.93,4.6,4.73,f,3,3,0,0,3.01
1.28911E+18,100%,96%,f,5084,5865,t,t,Dorchester,42.2954992,-71.0471404,Entire rental unit,Entire home/apt,2,1,0,1,$202.00 ,31,1125,t,0,0,0,54,0,0,0,0,0,0,0,,,,,,,,t,343,343,0,0,
1.28911E+18,100%,96%,f,5084,5865,t,t,Dorchester,42.2954992,-71.0471404,Entire rental unit,Entire home/apt,2,1,0,1,$214.00 ,31,1125,t,0,0,0,123,1,1,0,0,0,62,13268,5,5,5,5,5,5,5,t,343,343,0,0,0.12
1.28911E+18,100%,96%,f,5084,5865,t,t,Dorchester,42.2954992,-71.0471404,Entire rental unit,Entire home/apt,2,1,0,1,$204.00 ,31,1125,t,1,1,1,270,0,0,0,5,0,0,0,,,,,,,,t,343,343,0,0,
1.28927E+18,89%,99%,f,54,112,t,f,Downtown,42.35056,-71.06409,Entire rental unit,Entire home/apt,2,,,,,29,1125,t,1,1,7,282,0,0,0,16,0,0,,,,,,,,,t,31,8,23,0,
1.28938E+18,100%,93%,,280,445,t,t,Beacon Hill,42.35848,-71.06554,Private room in rental unit,Private room,1,1,1,1,$54.00 ,29,365,t,17,17,45,205,2,2,0,54,0,116,6264,4.5,3.5,4,5,5,5,4,f,115,52,63,0,0.26
1.28984E+18,50%,100%,f,1,1,t,f,East Boston,42.3788879,-71.04001695,Entire rental unit,Entire home/apt,5,2,2,3,$116.00 ,29,365,t,0,0,0,22,0,0,0,0,0,0,0,,,,,,,,f,1,1,0,0,
1.28987E+18,100%,100%,f,543,1254,t,t,East Boston,42.388704,-71.0084016,Entire rental unit,Entire home/apt,6,1,3,3,$270.00 ,2,1125,t,4,14,38,300,39,39,5,42,1,234,63180,4.95,5,5,5,4.87,4.92,4.9,t,4,4,0,0,3.76
1.28998E+18,100%,100%,t,1,1,t,t,East Boston,42.38917493,-71.00424036,Entire rental unit,Entire home/apt,6,1,3,5,$305.00 ,2,365,t,18,44,74,249,7,7,0,83,0,42,12810,4.86,4.71,5,5,5,4.86,4.71,f,1,1,0,0,1.09
1.2908E+18,100%,93%,,280,445,t,t,Beacon Hill,42.35978,-71.06751,Private room in rental unit,Private room,1,1,1,1,$59.00 ,29,365,t,23,23,51,211,2,2,0,60,0,116,6844,5,4.5,4.5,5,5,5,4.5,f,115,52,63,0,0.25
1.29081E+18,100%,93%,,280,445,t,t,Beacon Hill,42.3595,-71.06692,Private room in rental unit,Private room,1,1,1,1,$52.00 ,29,365,t,0,0,0,174,0,0,0,4,0,0,0,,,,,,,,f,115,52,63,0,
1.29159E+18,100%,93%,,280,445,t,t,West End,42.36123817,-71.06718288,Private room in rental unit,Private room,2,,,,,29,365,t,0,0,21,21,0,0,0,21,0,0,,,,,,,,,f,115,52,63,0,
1.29211E+18,84%,95%,f,60,97,t,t,West Roxbury,42.29261,-71.15475,Private room in rental unit,Private room,1,1,1,1,$78.00 ,30,180,t,30,60,90,365,0,0,0,100,0,0,0,,,,,,,,t,58,18,40,0,
1.29212E+18,84%,95%,f,60,97,t,t,West Roxbury,42.29129287,-71.15498161,Private room in rental unit,Private room,1,1,1,1,$78.00 ,30,365,t,30,60,90,365,0,0,0,100,0,0,0,,,,,,,,t,58,18,40,0,
1.29286E+18,80%,88%,f,3,3,t,t,South Boston Waterfront,42.34793,-71.04241,Entire rental unit,Entire home/apt,5,2,2,3,$500.00 ,29,365,t,30,60,90,365,23,23,0,100,1,255,127500,4.96,4.96,5,4.87,4.96,4.96,4.96,f,2,2,0,0,2.44
1.29289E+18,100%,93%,,280,445,t,t,West End,42.36192743,-71.06526307,Private room in rental unit,Private room,1,1,1,1,$60.00 ,29,365,t,0,0,22,201,0,0,0,31,0,0,0,,,,,,,,f,115,52,63,0,
1.2929E+18,100%,93%,,280,445,t,t,Beacon Hill,42.3601102,-71.0660903,Private room in rental unit,Private room,1,1,1,1,$60.00 ,29,365,t,19,49,78,78,2,2,0,78,0,116,6960,5,5,5,5,5,5,4.5,f,115,52,63,0,0.25
1.29291E+18,100%,93%,,280,445,t,t,Beacon Hill,42.35992,-71.06967,Private room in rental unit,Private room,1,1,1,1,$60.00 ,29,365,t,0,0,16,195,0,0,0,25,0,0,0,,,,,,,,f,115,52,63,0,
1.29291E+18,100%,93%,,280,445,t,t,Beacon Hill,42.35984,-71.06941,Private room in rental unit,Private room,2,1,1,1,$68.00 ,29,365,t,0,0,16,290,0,0,0,25,0,0,0,,,,,,,,f,115,52,63,0,
1.29307E+18,95%,91%,f,117,207,t,t,West End,42.36548,-71.06728,Entire rental unit,Entire home/apt,3,1,1,1,$321.00 ,30,730,t,7,29,57,331,0,0,0,66,0,0,0,,,,,,,,f,33,33,0,0,
1.29389E+18,100%,N/A,f,1,2,f,t,Brighton,42.3567282,-71.1574074,Entire home,Entire home/apt,6,1,3,4,$234.00 ,91,365,t,30,60,90,365,0,0,0,100,0,0,0,,,,,,,,t,1,1,0,0,
1.29427E+18,100%,100%,f,79,112,t,t,South Boston,42.33685281,-71.04519863,Private room in rental unit,Private room,2,2,1,2,$120.00 ,29,1000,t,0,0,0,183,0,0,0,0,0,0,0,,,,,,,,t,57,27,30,0,
1.29502E+18,100%,93%,,280,445,t,t,Beacon Hill,42.36098,-71.06669,Private room in rental unit,Private room,1,1,1,1,$68.00 ,29,365,t,0,0,1,51,0,0,0,1,0,0,0,,,,,,,,f,115,52,63,0,
1.29504E+18,100%,100%,f,59,74,t,t,Bay Village,42.34971,-71.06669,Entire rental unit,Entire home/apt,2,1,1,1,$112.00 ,29,365,t,0,0,8,230,3,3,0,17,0,174,19488,4.67,4.67,4.67,4.67,4.67,4.33,4,t,59,59,0,0,0.34
1.29507E+18,100%,100%,f,59,74,t,t,Downtown,42.34983,-71.06503,Entire rental unit,Entire home/apt,2,1,1,1,$260.00 ,29,365,t,0,0,0,197,3,3,0,0,1,174,45240,4,3.67,4.67,4.67,4.67,4,4,f,59,59,0,0,0.33
1.29507E+18,100%,93%,,280,445,t,t,Dorchester,42.31445999,-71.06521411,Private room in rental unit,Private room,1,,,,,29,365,t,0,0,0,0,0,0,0,0,0,0,,,,,,,,,f,115,52,63,0,
1.29518E+18,80%,81%,f,2,2,t,t,Downtown,42.35731268,-71.05259957,Entire rental unit,Entire home/apt,2,1,1,1,$165.00 ,29,365,t,3,9,39,105,1,1,1,49,0,58,9570,5,5,5,5,5,5,5,f,1,1,0,0,1
1.29528E+18,N/A,N/A,f,1,1,t,t,South Boston,42.32802,-71.05622,Private room in rental unit,Private room,2,2,2,2,$80.00 ,91,365,t,0,0,2,277,0,0,0,12,0,0,0,,,,,,,,f,1,0,1,0,
1.29552E+18,94%,91%,f,3,3,t,t,Roxbury,42.31473355,-71.07499175,Private room in home,Private room,2,1.5,1,1,$65.00 ,1,365,t,13,30,58,333,32,32,4,68,0,192,12480,4.81,4.84,4.59,4.84,4.78,4.69,4.78,t,3,0,3,0,6.62
1.29566E+18,100%,96%,f,5084,5865,t,t,Dorchester,42.2954992,-71.0471404,Entire rental unit,Entire home/apt,2,,1,,,31,1125,t,16,46,76,351,0,0,0,85,0,0,,,,,,,,,t,343,343,0,0,
1.29566E+18,100%,96%,f,5084,5865,t,t,East Boston,42.3733886,-71.0401856,Entire rental unit,Entire home/apt,4,1,2,2,$282.00 ,31,1125,t,3,33,63,338,0,0,0,72,0,0,0,,,,,,,,t,343,343,0,0,
1.29566E+18,100%,96%,f,5084,5865,t,t,East Boston,42.3772615,-71.0292983,Entire rental unit,Entire home/apt,2,1,1,1,$238.00 ,31,1125,t,0,0,0,181,0,0,0,0,0,0,0,,,,,,,,t,343,343,0,0,
1.29582E+18,99%,97%,t,12,14,t,t,Dorchester,42.30914177,-71.06698299,Entire rental unit,Entire home/apt,4,1,1,2,$87.00 ,2,365,t,5,22,27,27,14,14,5,27,0,84,7308,4.71,4.43,4.79,5,4.57,4.14,4.57,t,5,5,0,0,1.79
1.29617E+18,90%,37%,f,5,5,t,t,Jamaica Plain,42.32613695,-71.1063703,Private room in bed and breakfast,Private room,1,1,1,1,$45.00 ,29,93,t,9,31,38,191,1,1,0,41,0,58,2610,5,5,4,4,4,5,5,f,4,0,4,0,0.34
1.29644E+18,100%,100%,t,1,1,t,t,East Boston,42.37876536,-71.02927114,Entire condo,Entire home/apt,6,2,2,1,$299.00 ,2,90,t,2,25,55,327,26,26,5,65,0,156,46644,4.81,4.77,4.77,4.88,4.85,4.58,4.77,t,1,1,0,0,6.45
1.29644E+18,84%,95%,f,60,97,t,t,Dorchester,42.31723,-71.06137,Entire rental unit,Entire home/apt,6,3,3,4,$255.00 ,31,365,t,0,0,0,255,0,0,0,0,0,0,0,,,,,,,,f,58,18,40,0,
1.29668E+18,100%,93%,,280,445,t,t,Dorchester,42.31568542,-71.06655546,Private room in rental unit,Private room,1,,,,,29,365,t,0,0,0,0,0,0,0,0,0,0,,,,,,,,,f,115,52,63,0,
1.29668E+18,100%,93%,,280,445,t,t,Beacon Hill,42.35904,-71.06583,Private room in rental unit,Private room,1,,,,,29,365,t,3,4,4,4,2,2,0,4,0,116,,5,5,4.5,5,5,5,4.5,f,115,52,63,0,0.24
1.2967E+18,N/A,65%,f,1,3,f,t,Beacon Hill,42.35835,-71.07009,Entire home,Entire home/apt,16,1,1,5,$190.00 ,91,365,t,30,60,89,89,0,0,0,89,0,0,0,,,,,,,,f,1,1,0,0,
1.29725E+18,100%,93%,,280,445,t,t,Dorchester,42.31439319,-71.06504849,Private room in rental unit,Private room,1,,,,,29,365,t,0,0,0,0,0,0,0,0,0,0,,,,,,,,,f,115,52,63,0,
1.29725E+18,100%,93%,,280,445,t,t,Dorchester,42.31451553,-71.06540692,Private room in rental unit,Private room,1,,,,,29,365,t,0,0,0,0,0,0,0,0,0,0,,,,,,,,,f,115,52,63,0,
1.2973E+18,100%,93%,,280,445,t,t,Beacon Hill,42.3594256,-71.069931,Private room in rental unit,Private room,1,1,1,1,$64.00 ,29,365,t,5,35,65,225,0,0,0,74,0,0,0,,,,,,,,f,115,52,63,0,
1.29731E+18,100%,93%,,280,445,t,t,Beacon Hill,42.35826135,-71.0688716,Private room in rental unit,Private room,1,,,,,29,365,t,0,0,0,22,0,0,0,0,0,0,,,,,,,,,f,115,52,63,0,
1.29734E+18,100%,92%,t,3,3,t,t,Roslindale,42.2867345,-71.1472243,Entire rental unit,Entire home/apt,4,1,2,2,$235.00 ,29,365,t,22,52,82,172,2,2,0,92,0,116,27260,5,5,5,5,5,5,5,f,2,2,0,0,0.35
1.29775E+18,100%,100%,f,1,1,t,t,East Boston,42.38,-71.0143,Entire home,Entire home/apt,10,4.5,4,7,$708.00 ,2,365,t,10,36,59,322,29,29,3,61,2,174,123192,5,4.93,4.86,5,4.96,4.96,4.79,t,1,1,0,0,3.16
1.29783E+18,100%,100%,f,3,4,t,t,Fenway,42.34141945,-71.10165757,Entire rental unit,Entire home/apt,2,1,0,1,$188.00 ,1,365,t,15,36,41,51,35,35,6,51,1,210,39480,4.89,4.86,4.83,4.94,4.94,4.94,4.74,t,1,1,0,0,3.87
1.29798E+18,100%,93%,,280,445,t,t,Beacon Hill,42.3601102,-71.0660903,Private room in rental unit,Private room,1,1,1,1,$64.00 ,29,365,t,0,0,10,99,0,0,0,19,0,0,0,,,,,,,,f,115,52,63,0,
1.29802E+18,100%,93%,,280,445,t,t,Beacon Hill,42.36088173,-71.06522777,Private room in rental unit,Private room,1,,,,,29,365,t,0,0,0,0,0,0,0,0,0,0,,,,,,,,,f,115,52,63,0,
1.29833E+18,100%,96%,f,5084,5865,t,t,East Boston,42.3733886,-71.0401856,Entire rental unit,Entire home/apt,4,1,2,2,$283.00 ,31,1125,t,0,23,53,328,0,0,0,62,0,0,0,,,,,,,,t,343,343,0,0,
1.29864E+18,100%,91%,f,3,3,t,t,Allston,42.3589886,-71.1285993,Private room in home,Private room,2,1,1,1,$65.00 ,29,365,t,0,29,59,334,0,0,0,69,0,0,0,,,,,,,,f,3,0,3,0,
1.29866E+18,100%,93%,,280,445,t,t,Beacon Hill,42.3607286,-71.0658805,Private room in rental unit,Private room,1,1,1,1,$60.00 ,29,365,t,4,23,53,213,1,1,0,62,0,58,3480,5,5,5,5,5,5,5,f,115,52,63,0,0.22
1.29867E+18,100%,93%,,280,445,t,t,Beacon Hill,42.36102,-71.06692,Private room in rental unit,Private room,1,1,1,1,$60.00 ,29,365,t,0,22,52,212,4,4,0,61,0,232,13920,4.75,5,5,5,4.75,5,4.75,f,115,52,63,0,0.51
1.29873E+18,100%,93%,,280,445,t,t,Beacon Hill,42.36002399,-71.06507955,Private room in rental unit,Private room,1,,,,,29,365,t,0,0,0,0,0,0,0,0,0,0,,,,,,,,,f,115,52,63,0,
1.29873E+18,100%,93%,,280,445,t,t,Beacon Hill,42.36106236,-71.06474768,Private room in rental unit,Private room,1,1,1,1,$75.00 ,29,365,t,0,22,52,231,0,0,0,61,0,0,0,,,,,,,,f,115,52,63,0,
1.2992E+18,100%,96%,f,5084,5865,t,t,Downtown,42.3589214,-71.0541634,Entire rental unit,Entire home/apt,2,1,1,1,$324.00 ,31,1125,t,30,60,90,365,0,0,0,99,0,0,0,,,,,,,,t,343,343,0,0,
1.2992E+18,100%,96%,f,5084,5865,t,t,Downtown,42.3589214,-71.0541634,Entire rental unit,Entire home/apt,2,1,1,1,$304.00 ,31,1125,t,0,0,0,200,0,0,0,0,0,0,0,,,,,,,,t,343,343,0,0,
1.2992E+18,100%,96%,f,5084,5865,t,t,Downtown,42.3589214,-71.0541634,Entire rental unit,Entire home/apt,4,0,2,2,$385.00 ,31,1125,t,0,0,0,197,0,0,0,0,0,0,0,,,,,,,,t,343,343,0,0,
1.30042E+18,N/A,0%,f,1,2,t,t,South End,42.34647,-71.07081,Entire rental unit,Entire home/apt,4,2,2,2,$744.00 ,29,365,t,30,60,90,364,0,0,0,99,0,0,0,,,,,,,,f,1,1,0,0,
1.30059E+18,100%,96%,f,5084,5865,t,t,Jamaica Plain,42.3009269,-71.1125116,Entire rental unit,Entire home/apt,2,1,1,1,$231.00 ,31,1125,t,0,0,0,141,0,0,0,0,0,0,0,,,,,,,,t,343,343,0,0,
1.3022E+18,100%,91%,f,3,3,t,t,Allston,42.35796271,-71.12795651,Private room in home,Private room,1,1,1,1,$55.00 ,29,365,t,0,0,0,207,0,0,0,0,0,0,0,,,,,,,,f,3,0,3,0,
1.30301E+18,N/A,N/A,f,1,1,t,f,West Roxbury,42.2931086,-71.15732584,Entire rental unit,Entire home/apt,3,,2,,,91,130,t,0,0,0,0,0,0,0,0,0,0,,,,,,,,,f,1,1,0,0,
1.30372E+18,100%,93%,,280,445,t,t,Beacon Hill,42.3595002,-71.0684738,Private room in rental unit,Private room,1,,,,,29,365,t,0,1,2,2,0,0,0,2,0,0,,,,,,,,,f,115,52,63,0,
1.30375E+18,100%,93%,,280,445,t,t,Beacon Hill,42.3595002,-71.0684738,Private room in rental unit,Private room,1,,,,,29,365,t,0,0,0,0,0,0,0,0,0,0,,,,,,,,,f,115,52,63,0,
1.30435E+18,100%,100%,f,2,2,t,t,Dorchester,42.2823479,-71.0599718,Entire townhouse,Entire home/apt,16,3,5,9,$347.00 ,1,28,t,8,23,53,283,19,19,2,63,0,114,39558,4.95,4.89,4.89,4.95,5,4.79,4.74,t,2,2,0,0,2.63
1.3045E+18,87%,76%,f,102,193,t,t,South Boston Waterfront,42.34797,-71.0385,Entire rental unit,Entire home/apt,5,2,2,3,$485.00 ,29,365,t,25,55,83,330,7,7,0,92,1,255,123675,4.29,4.43,4.43,3.43,3.86,4.86,4.29,f,72,72,0,0,0.73
1.30461E+18,90%,37%,f,5,5,t,t,Jamaica Plain,42.32548763,-71.10591769,Private room in bed and breakfast,Private room,1,1,1,1,$42.00 ,29,123,t,6,36,66,138,0,0,0,76,0,0,0,,,,,,,,f,4,0,4,0,
1.30473E+18,90%,37%,f,5,5,t,t,Jamaica Plain,42.32517,-71.10615,Private room in bed and breakfast,Private room,1,1,1,1,$51.00 ,29,124,t,14,44,74,233,0,0,0,83,0,0,0,,,,,,,,f,4,0,4,0,
1.30509E+18,100%,62%,f,184,251,t,t,Fenway,42.34291,-71.09904,Entire rental unit,Entire home/apt,3,1,1,1,$276.00 ,30,730,t,2,32,62,337,2,2,0,72,0,120,33120,5,5,5,5,5,5,5,t,55,55,0,0,0.36
1.30517E+18,100%,93%,,280,445,t,t,Beacon Hill,42.3594256,-71.069931,Private room in rental unit,Private room,1,1,1,1,$59.00 ,29,365,t,20,50,80,240,0,0,0,89,0,0,0,,,,,,,,f,115,52,63,0,
1.3052E+18,100%,93%,,280,445,t,t,Beacon Hill,42.3594256,-71.069931,Private room in rental unit,Private room,1,1,1,1,$65.00 ,29,365,t,1,1,30,190,2,2,0,39,0,116,7540,5,5,5,5,5,5,5,f,115,52,63,0,0.37
1.30523E+18,100%,93%,,280,445,t,t,Beacon Hill,42.36008361,-71.06883054,Private room in rental unit,Private room,1,1,1,1,$60.00 ,29,365,t,10,40,70,230,0,0,0,79,0,0,0,,,,,,,,f,115,52,63,0,
1.3053E+18,100%,100%,t,1,2,t,t,West Roxbury,42.26149721,-71.16269048,Entire rental unit,Entire home/apt,2,1,1,1,$78.00 ,29,60,t,8,27,57,210,3,3,0,67,0,174,13572,4.67,5,4.67,5,4.33,4.67,4,t,1,1,0,0,0.39
1.3053E+18,87%,76%,f,102,193,t,t,Downtown,42.35055,-71.0652,Entire rental unit,Entire home/apt,5,2,2,2,$599.00 ,29,365,t,26,56,86,361,9,9,1,95,0,255,152745,5,4.89,4.89,4.78,5,4.67,4.78,t,72,72,0,0,2.03
1.30585E+18,100%,76%,t,5,6,t,f,South End,42.34403156,-71.07406554,Entire rental unit,Entire home/apt,2,1,0,1,$137.00 ,29,365,t,0,28,58,333,1,1,0,67,0,58,7946,5,5,5,5,5,5,5,t,2,2,0,0,0.41
1.30601E+18,98%,100%,f,2,3,t,t,Roxbury,42.32977,-71.09409,Entire rental unit,Entire home/apt,4,1,1,2,$164.00 ,1,365,t,0,16,46,285,4,4,4,55,0,24,3936,5,5,5,4,4.25,4.75,4.75,t,2,2,0,0,4
1.30672E+18,100%,93%,,280,445,t,t,Beacon Hill,42.3601102,-71.0660903,Private room in rental unit,Private room,1,,,,,29,365,t,0,0,0,0,0,0,0,0,0,0,,,,,,,,,f,115,52,63,0,
1.30731E+18,N/A,100%,f,1,1,t,t,Dorchester,42.28136892,-71.05919124,Entire rental unit,Entire home/apt,12,3,4,6,$356.00 ,29,365,,23,53,82,82,0,0,0,82,0,0,0,,,,,,,,f,1,1,0,0,
1.30735E+18,80%,92%,f,1,2,t,t,Roxbury,42.32288,-71.06792,Entire rental unit,Entire home/apt,8,2,4,4,$210.00 ,1,365,t,13,34,64,295,24,24,2,71,1,144,30240,4.63,4.54,4.63,4.96,4.83,4,4.38,f,1,1,0,0,2.66
1.30794E+18,100%,100%,f,18,163,t,t,South End,42.34271,-71.07916,Entire rental unit,Entire home/apt,2,,1,,,1,14,t,18,48,78,349,1,1,0,87,0,6,,4,4,3,3,5,4,3,t,18,18,0,0,0.25
1.30953E+18,100%,98%,t,3,7,t,f,West Roxbury,42.2578383,-71.16170668,Entire rental unit,Entire home/apt,8,2,5,6,$266.00 ,1,365,t,1,9,27,185,2,2,0,33,0,12,3192,5,4.5,4.5,5,5,5,4.5,t,3,3,0,0,0.41
1.31021E+18,100%,100%,f,39,74,t,t,Downtown,42.35671654,-71.06022821,Entire rental unit,Entire home/apt,2,,1,,,29,365,t,1,4,4,4,2,2,0,4,0,116,,5,5,5,5,5,5,5,t,39,39,0,0,0.24
1.31024E+18,100%,100%,f,39,74,t,t,Downtown,42.3550933,-71.06022339,Entire rental unit,Entire home/apt,2,,2,,,29,365,t,3,5,5,5,4,4,0,5,0,232,,4.75,5,5,5,5,4.5,4.5,t,39,39,0,0,0.47
1.31042E+18,100%,100%,f,2,2,t,t,Mattapan,42.26481097,-71.09742672,Entire rental unit,Entire home/apt,10,1,4,5,$218.00 ,2,60,t,12,42,72,251,20,20,2,81,0,120,26160,4.7,4.55,5,4.65,4.9,4.2,4.65,t,1,1,0,0,3.11
1.31094E+18,100%,100%,f,39,74,t,t,Downtown,42.35675,-71.0605,Entire rental unit,Entire home/apt,4,,2,,,29,365,t,2,4,4,4,2,2,0,4,0,116,,3,3,4.5,5,3,4.5,3.5,t,39,39,0,0,0.38
1.31096E+18,75%,100%,f,2,4,t,t,South Boston,42.3316757,-71.0472464,Entire rental unit,Entire home/apt,5,2,2,2,$136.00 ,29,365,t,7,16,46,317,8,8,0,55,3,255,34680,4.38,4.25,4.5,4.88,4.88,4.88,4.38,t,2,2,0,0,0.87
1.31097E+18,75%,100%,f,2,4,t,t,East Boston,42.38761214,-71.0014214,Entire rental unit,Entire home/apt,5,2,2,2,$119.00 ,29,365,t,24,54,84,359,4,4,0,94,1,232,27608,4,4,3.75,4,4,4,4,t,2,2,0,0,0.43
1.31199E+18,N/A,N/A,f,1,1,t,f,Jamaica Plain,42.31691,-71.10632,Entire home,Entire home/apt,5,,3,,,91,91,t,30,60,89,89,0,0,0,89,0,0,,,,,,,,,t,1,1,0,0,
1.31304E+18,100%,94%,t,1,1,t,t,East Boston,42.38128651,-71.02897275,Private room in condo,Private room,2,1,1,1,$130.00 ,1,6,t,3,22,52,321,46,46,11,61,0,255,33150,4.98,4.98,5,4.98,4.96,4.74,4.91,f,1,0,1,0,8.07
1.31321E+18,100%,93%,,280,445,t,t,Beacon Hill,42.35896869,-71.06873893,Private room in rental unit,Private room,1,1,1,1,$79.00 ,29,365,t,0,0,7,186,1,1,0,16,0,58,4582,5,5,4,5,5,5,3,f,115,52,63,0,0.2
1.3133E+18,100%,93%,,280,445,t,t,Beacon Hill,42.35919,-71.06715,Private room in rental unit,Private room,1,1,1,1,$72.00 ,29,365,t,26,56,85,85,1,1,0,85,0,58,4176,5,3,5,5,5,5,4,f,115,52,63,0,0.26
1.3138E+18,100%,93%,,280,445,t,t,Dorchester,42.31466219,-71.06536927,Private room in rental unit,Private room,1,,,,,29,365,t,30,60,90,269,0,0,0,99,0,0,,,,,,,,,f,115,52,63,0,
1.31405E+18,100%,100%,t,2,2,t,t,Roslindale,42.28169342,-71.13406768,Entire rental unit,Entire home/apt,2,1,1,1,$147.00 ,2,365,t,4,23,47,215,12,12,5,51,0,72,10584,5,5,5,5,5,4.67,4.92,t,2,2,0,0,1.36
1.31455E+18,100%,100%,t,2,4,t,t,Downtown,42.35576,-71.062,Entire rental unit,Entire home/apt,7,2,3,4,$662.00 ,3,29,t,2,9,16,240,11,11,4,22,0,66,43692,5,5,5,5,5,5,4.73,t,2,2,0,0,4.46
1.31461E+18,100%,100%,f,79,112,t,t,South Boston Waterfront,42.34377,-71.05558,Private room in rental unit,Private room,2,,,,,29,1000,t,0,0,0,0,0,0,0,0,0,0,,,,,,,,,t,57,27,30,0,
1.31466E+18,100%,93%,,280,445,t,t,Dorchester,42.31620868,-71.06525935,Private room in rental unit,Private room,1,,,,,29,365,t,0,0,0,0,0,0,0,0,0,0,,,,,,,,,f,115,52,63,0,
1.31622E+18,100%,97%,f,7,13,t,t,Allston,42.3628448,-71.132281,Entire home,Entire home/apt,4,1,2,3,$143.00 ,1,30,t,12,38,68,120,9,9,1,73,0,54,7722,4.56,4.33,5,5,5,4.78,4.44,f,6,2,4,0,1.22
1.31635E+18,90%,37%,f,5,5,t,t,Jamaica Plain,42.32603,-71.10606,Private room in bed and breakfast,Private room,1,1,1,1,$51.00 ,29,184,t,14,44,74,233,0,0,0,83,0,0,0,,,,,,,,f,4,0,4,0,
1.31816E+18,100%,96%,f,5084,5865,t,t,Downtown,42.3589214,-71.0541634,Entire rental unit,Entire home/apt,4,2,2,2,$424.00 ,31,1125,t,0,0,0,131,1,1,0,0,0,62,26288,5,5,5,5,3,5,5,t,343,343,0,0,0.31
1.31826E+18,100%,98%,t,3,3,t,t,South Boston Waterfront,42.35371,-71.04829,Room in hotel,Private room,2,1,1,1,$545.00 ,1,365,t,14,39,69,155,12,12,4,79,0,72,39240,4.58,4.58,4.75,4.5,4.67,4.58,4.33,t,3,0,3,0,1.63
1.31826E+18,100%,98%,t,3,3,t,t,South Boston Waterfront,42.35371,-71.04829,Room in hotel,Private room,4,1,1,2,$592.00 ,1,365,t,13,38,68,154,7,7,3,78,0,42,24864,4.71,4.86,4.86,4.43,4.71,5,4.43,t,3,0,3,0,2.56
1.31826E+18,100%,98%,t,3,3,t,t,South Boston Waterfront,42.35371,-71.04829,Room in hotel,Private room,2,1,1,1,$929.00 ,1,365,t,24,51,81,166,0,0,0,90,0,0,0,,,,,,,,t,3,0,3,0,
1.31886E+18,100%,96%,f,5084,5865,t,t,Back Bay,42.348129,-71.080849,Entire rental unit,Entire home/apt,2,1,1,1,$326.00 ,31,1125,t,0,0,4,207,1,1,0,13,0,62,20212,5,5,4,5,5,5,5,t,343,343,0,0,0.3
1.31886E+18,100%,96%,f,5084,5865,t,t,Back Bay,42.348129,-71.080849,Entire rental unit,Entire home/apt,2,1,0,1,$275.00 ,31,1125,t,6,36,62,207,0,0,0,62,0,0,0,,,,,,,,t,343,343,0,0,
1.31886E+18,100%,96%,f,5084,5865,t,t,Back Bay,42.348129,-71.080849,Entire rental unit,Entire home/apt,2,1,0,1,$278.00 ,31,1125,t,0,0,2,277,0,0,0,11,0,0,0,,,,,,,,t,343,343,0,0,
1.31886E+18,100%,96%,f,5084,5865,t,t,Back Bay,42.348129,-71.080849,Entire rental unit,Entire home/apt,2,1,1,1,$353.00 ,31,1125,t,0,4,34,309,0,0,0,43,0,0,0,,,,,,,,t,343,343,0,0,
1.31886E+18,100%,96%,f,5084,5865,t,t,Back Bay,42.348129,-71.080849,Entire rental unit,Entire home/apt,2,1,1,1,$327.00 ,31,1125,t,17,17,17,133,0,0,0,17,0,0,0,,,,,,,,t,343,343,0,0,
1.31886E+18,100%,96%,f,5084,5865,t,t,Back Bay,42.3491652,-71.0807758,Entire rental unit,Entire home/apt,4,2,2,2,$480.00 ,31,1125,t,0,0,0,0,0,0,0,0,0,0,0,,,,,,,,t,343,343,0,0,
1.31886E+18,100%,96%,f,5084,5865,t,t,Back Bay,42.348129,-71.080849,Entire rental unit,Entire home/apt,4,2,2,2,$474.00 ,31,1125,t,0,0,0,147,0,0,0,0,0,0,0,,,,,,,,t,343,343,0,0,
1.31886E+18,100%,96%,f,5084,5865,t,t,Back Bay,42.3491652,-71.0807758,Entire rental unit,Entire home/apt,4,2,2,2,$483.00 ,31,1125,t,0,0,0,0,0,0,0,0,0,0,0,,,,,,,,t,343,343,0,0,
1.31966E+18,100%,100%,t,35,76,t,t,North End,42.36699732,-71.05755723,Entire rental unit,Entire home/apt,6,1,3,3,$407.00 ,1,365,t,7,27,57,236,21,21,3,66,0,126,51282,4.86,4.9,4.9,5,4.9,4.95,4.76,f,23,23,0,0,3.6
1.31968E+18,100%,100%,t,35,76,t,t,North End,42.36576,-71.05748,Entire rental unit,Entire home/apt,6,1,3,3,$407.00 ,1,365,t,13,27,54,329,12,12,2,64,0,72,29304,4.83,4.92,5,4.92,5,5,4.58,f,23,23,0,0,2.06
1.32138E+18,100%,100%,t,1,1,t,t,South End,42.3431,-71.07371,Entire condo,Entire home/apt,4,,2,,,2,365,t,0,0,0,0,22,22,0,0,0,132,,4.91,4.91,4.91,4.95,4.95,4.91,4.68,f,1,1,0,0,2.97
1.32257E+18,N/A,100%,f,1,1,t,f,Roxbury,42.34022162,-71.08165763,Entire condo,Entire home/apt,4,1,2,3,$220.00 ,30,1125,t,0,4,34,308,2,2,1,43,0,120,26400,5,5,5,5,5,5,5,f,1,1,0,0,0.4
1.32352E+18,N/A,100%,f,1,1,t,t,Beacon Hill,42.36018,-71.06699,Entire rental unit,Entire home/apt,2,,1,,,29,365,t,0,0,0,0,2,2,0,0,0,116,,5,5,5,5,5,5,4.5,t,1,1,0,0,0.41
1.32397E+18,100%,100%,f,39,74,t,t,Downtown,42.35553,-71.06235,Entire rental unit,Entire home/apt,4,,2,,,29,365,t,0,0,0,0,6,6,0,0,0,255,,5,5,5,5,5,5,5,t,39,39,0,0,0.68
1.32398E+18,100%,100%,f,39,74,t,t,Downtown,42.35672,-71.06033,Entire rental unit,Entire home/apt,4,1,2,2,$330.00 ,29,365,t,1,1,1,1,2,2,0,1,0,116,38280,4,4.5,4.5,5,4.5,4,4,t,39,39,0,0,0.23
1.324E+18,91%,99%,f,2,2,t,f,Dorchester,42.2950894,-71.0738029,Entire condo,Entire home/apt,8,2,4,2,$211.00 ,1,1125,t,0,0,0,0,13,13,1,0,0,78,16458,4.69,4.69,4.77,4.92,4.23,4.23,4.46,f,2,2,0,0,2.04
1.32461E+18,100%,95%,f,3,4,t,t,Jamaica Plain,42.32229,-71.10336,Entire rental unit,Entire home/apt,3,1,1,1,$194.00 ,3,28,t,5,13,13,14,15,15,2,14,0,90,17460,4.8,4.73,4.73,4.87,4.8,4.87,4.67,f,2,2,0,0,1.79
1.32478E+18,N/A,N/A,f,1,7,t,t,Brighton,42.35337,-71.15598,Entire rental unit,Entire home/apt,3,,2,,,29,365,t,0,0,0,0,0,0,0,0,0,0,,,,,,,,,f,1,1,0,0,
1.32552E+18,99%,100%,f,897,1539,t,t,Hyde Park,42.27012,-71.1114,Entire home,Entire home/apt,7,1,2,4,$219.00 ,2,365,t,21,51,81,356,7,7,0,90,0,42,9198,3.71,4,4,4.29,4,4,3.86,t,2,2,0,0,1.01
1.32611E+18,100%,100%,t,14,23,t,t,Beacon Hill,42.36005,-71.0714,Entire rental unit,Entire home/apt,6,2,2,2,$481.00 ,29,125,t,9,30,56,321,0,0,0,65,0,0,0,,,,,,,,t,2,2,0,0,
1.32664E+18,90%,97%,f,4,8,t,t,Beacon Hill,42.3591,-71.06356,Entire rental unit,Entire home/apt,1,,,,,1,365,t,0,0,0,0,10,10,0,0,0,60,,4.3,4.5,4.2,4.1,4.4,4.4,4.2,t,3,3,0,0,1.32
1.32972E+18,100%,96%,f,5084,5865,t,t,East Boston,42.3772615,-71.0292983,Entire rental unit,Entire home/apt,4,1,2,2,$283.00 ,31,1125,t,0,21,51,326,0,0,0,61,0,0,0,,,,,,,,t,343,343,0,0,
1.32976E+18,100%,89%,f,7,36,t,t,Allston,42.35602,-71.13687,Entire rental unit,Entire home/apt,6,1,2,0,$273.00 ,29,365,t,0,0,0,0,0,0,0,0,0,0,0,,,,,,,,t,4,4,0,0,
1.32977E+18,100%,89%,f,7,36,t,t,Allston,42.35602,-71.13687,Entire rental unit,Entire home/apt,8,1,3,0,$273.00 ,29,365,t,0,0,0,0,0,0,0,0,0,0,0,,,,,,,,t,4,4,0,0,
1.32995E+18,100%,93%,,280,445,t,t,Beacon Hill,42.35824,-71.07058,Private room in rental unit,Private room,1,1,1,1,$60.00 ,29,365,t,24,25,53,181,1,1,0,62,0,58,3480,5,5,5,5,5,5,5,f,115,52,63,0,0.75
1.33047E+18,100%,96%,f,5084,5865,t,t,East Boston,42.3772615,-71.0292983,Entire rental unit,Entire home/apt,4,1,2,2,$258.00 ,31,1125,t,30,60,90,365,0,0,0,99,0,0,0,,,,,,,,t,343,343,0,0,
1.33048E+18,100%,96%,f,5084,5865,t,t,Jamaica Plain,42.300862,-71.1118753,Entire rental unit,Entire home/apt,2,1,1,1,$230.00 ,31,1125,t,3,4,4,14,0,0,0,4,0,0,0,,,,,,,,t,343,343,0,0,
1.33124E+18,89%,99%,f,54,112,t,f,Back Bay,42.35140771,-71.07951544,Entire rental unit,Entire home/apt,2,1,1,1,$323.00 ,91,365,t,4,34,58,330,0,0,0,67,0,0,0,,,,,,,,t,31,8,23,0,
1.33156E+18,100%,100%,t,17,24,t,t,Beacon Hill,42.359432,-71.0704429,Entire rental unit,Entire home/apt,4,,1,,,29,365,t,1,1,1,1,0,0,0,1,0,0,,,,,,,,,f,4,4,0,0,
1.33156E+18,100%,100%,t,17,24,t,t,Beacon Hill,42.3594106,-71.0704413,Entire rental unit,Entire home/apt,4,1,1,3,$239.00 ,29,365,t,0,20,28,210,0,0,0,29,0,0,0,,,,,,,,f,4,4,0,0,
1.33156E+18,100%,100%,t,17,24,t,t,Beacon Hill,42.3594106,-71.0704413,Entire rental unit,Entire home/apt,6,2,2,5,$352.00 ,29,365,t,0,15,45,267,0,0,0,54,0,0,0,,,,,,,,f,4,4,0,0,
1.33156E+18,100%,100%,t,17,24,t,t,Beacon Hill,42.3594106,-71.0704413,Entire rental unit,Entire home/apt,4,1,1,3,$239.00 ,29,365,t,0,14,17,184,3,3,1,26,0,174,41586,5,5,5,5,5,5,5,f,4,4,0,0,1.02
1.33404E+18,99%,99%,f,15,22,t,t,West End,42.36172822,-71.07097755,Entire rental unit,Entire home/apt,3,1,1,2,$168.00 ,1,365,t,14,32,54,140,25,25,2,54,0,150,25200,4.16,4.4,4,4.6,4.2,4.88,4.08,f,10,10,0,0,3.1
1.33408E+18,100%,100%,f,5,5,t,t,East Boston,42.37768,-71.03533,Private room in rental unit,Private room,1,1,0,1,$50.00 ,30,365,t,1,1,1,50,1,1,0,1,0,60,3000,5,5,5,5,5,5,5,f,5,0,5,0,0.29
1.33494E+18,100%,98%,t,50,57,t,t,South Boston,42.33093244,-71.05666548,Entire home,Entire home/apt,14,3,5,6,$566.00 ,2,365,t,12,27,52,259,5,5,1,58,0,30,16980,5,4.8,5,5,5,5,5,f,18,8,10,0,0.9
1.33507E+18,100%,97%,f,7,13,t,t,Allston,42.36201518,-71.13140924,Private room in home,Private room,1,1,1,1,$138.00 ,29,365,t,0,0,3,238,2,2,0,13,0,116,16008,5,4.5,4.5,5,5,5,5,t,6,2,4,0,0.48
1.33513E+18,100%,97%,f,7,13,t,t,Allston,42.36176,-71.13203,Private room in home,Private room,1,1,1,1,$253.00 ,29,365,t,0,0,29,267,1,1,0,39,0,58,14674,4,5,4,5,5,5,4,f,6,2,4,0,0.29
1.33515E+18,100%,29%,f,3,3,t,t,Dorchester,42.28731162,-71.0679324,Entire rental unit,Entire home/apt,5,1,3,4,$205.00 ,60,365,t,26,56,86,361,0,0,0,95,0,0,0,,,,,,,,f,3,3,0,0,
1.33549E+18,100%,96%,f,5084,5865,t,t,Downtown,42.3511858,-71.064017,Entire rental unit,Entire home/apt,4,2,2,2,$430.00 ,31,1125,t,7,15,45,320,0,0,0,54,0,0,0,,,,,,,,t,343,343,0,0,
1.3355E+18,100%,96%,f,5084,5865,t,t,Downtown,42.3511858,-71.064017,Entire rental unit,Entire home/apt,4,2,2,2,$403.00 ,31,1125,t,0,0,0,111,0,0,0,0,0,0,0,,,,,,,,t,343,343,0,0,
1.3355E+18,100%,96%,f,5084,5865,t,t,East Boston,42.3733886,-71.0401856,Entire rental unit,Entire home/apt,2,1,1,1,$218.00 ,31,1125,t,0,0,0,85,0,0,0,0,0,0,0,,,,,,,,t,343,343,0,0,
1.33551E+18,100%,100%,f,1,1,f,t,Dorchester,42.2877088,-71.0921785,Entire rental unit,Entire home/apt,4,1,2,2,$148.00 ,2,15,t,14,44,74,164,10,10,3,84,0,60,8880,4.6,4.8,4.1,4.8,4.9,4.7,4.6,t,1,1,0,0,1.39
1.33556E+18,100%,97%,f,7,13,t,t,Allston,42.36383652,-71.13302356,Private room in home,Private room,1,1,1,1,$144.00 ,29,365,t,0,0,22,261,0,0,0,32,0,0,0,,,,,,,,f,6,2,4,0,
1.33557E+18,100%,97%,f,7,13,t,t,Allston,42.36396,-71.13172,Private room in home,Private room,1,1,1,1,$113.00 ,29,365,t,0,19,49,289,1,1,0,59,0,58,6554,4,5,4,5,5,5,4,f,6,2,4,0,0.35
1.33559E+18,100%,67%,f,13,22,t,t,Beacon Hill,42.35629,-71.07055,Private room in rental unit,Private room,1,1,1,1,$171.00 ,29,365,t,30,60,90,186,0,0,0,99,0,0,0,,,,,,,,f,2,1,1,0,
1.3356E+18,100%,99%,t,1,1,t,t,Roxbury,42.3336376,-71.081672,Room in hotel,Private room,2,1,1,1,$302.00 ,1,365,t,25,55,85,95,120,120,13,94,0,255,77010,4.79,4.84,4.89,4.79,4.62,4.28,4.67,t,1,0,1,0,16.59
1.3358E+18,100%,93%,,280,445,t,t,Beacon Hill,42.35839602,-71.07018588,Private room in rental unit,Private room,1,1,1,1,$68.00 ,29,365,t,0,0,0,155,0,0,0,0,0,0,0,,,,,,,,f,115,52,63,0,
1.33581E+18,100%,93%,,280,445,t,t,Beacon Hill,42.36029545,-71.06941311,Private room in rental unit,Private room,1,1,1,1,$71.00 ,29,365,t,26,56,86,246,0,0,0,95,0,0,0,,,,,,,,f,115,52,63,0,
1.3365E+18,100%,93%,,280,445,t,t,Beacon Hill,42.3603,-71.07083,Private room in rental unit,Private room,1,1,1,1,$65.00 ,29,365,t,0,23,53,142,0,0,0,62,0,0,0,,,,,,,,f,115,52,63,0,
1.33722E+18,100%,93%,,280,445,t,t,Beacon Hill,42.35869,-71.06927,Private room in rental unit,Private room,1,1,1,1,$65.00 ,29,365,t,0,23,53,232,2,2,0,62,0,116,7540,5,5,4.5,5,5,5,4.5,f,115,52,63,0,0.64
1.33725E+18,100%,93%,,280,445,t,t,Beacon Hill,42.36031948,-71.06960242,Private room in rental unit,Private room,1,1,1,1,$65.00 ,29,365,t,0,23,53,142,2,2,0,62,0,116,7540,5,4.5,5,5,5,5,4.5,f,115,52,63,0,0.52
1.33727E+18,100%,93%,,280,445,t,t,Beacon Hill,42.35838,-71.06782,Private room in rental unit,Private room,1,1,1,1,$80.00 ,29,365,t,2,26,56,216,0,0,0,65,0,0,0,,,,,,,,f,115,52,63,0,
1.33793E+18,100%,93%,,280,445,t,t,Beacon Hill,42.36061,-71.06799,Entire rental unit,Entire home/apt,3,1,3,3,$148.00 ,29,365,t,26,56,86,175,0,0,0,95,0,0,0,,,,,,,,f,115,52,63,0,
1.33794E+18,100%,92%,t,5,5,t,t,Back Bay,42.3529622,-71.0774286,Entire rental unit,Entire home/apt,6,1,2,3,$781.00 ,1,365,t,0,0,0,139,0,0,0,0,0,0,0,,,,,,,,f,1,1,0,0,
1.33795E+18,100%,93%,,280,445,t,t,Beacon Hill,42.36062942,-71.06802411,Private room in rental unit,Private room,1,1,1,1,$65.00 ,29,365,t,5,7,9,169,3,3,1,18,0,174,11310,4.33,4.33,4.67,4.67,4.67,4.67,4.33,f,115,52,63,0,0.77
1.33796E+18,100%,93%,,280,445,t,t,Beacon Hill,42.35866,-71.06738,Private room in rental unit,Private room,1,1,1,1,$75.00 ,29,365,t,3,3,5,165,0,0,0,14,0,0,0,,,,,,,,f,115,52,63,0,
1.33845E+18,90%,99%,t,266,1126,t,t,Back Bay,42.34701,-71.08213,Entire rental unit,Entire home/apt,5,2,2,2,$365.00 ,32,270,t,0,25,55,324,0,0,0,64,0,0,0,,,,,,,,t,43,43,0,0,
1.33852E+18,100%,93%,,280,445,t,t,Beacon Hill,42.359137,-71.06759345,Private room in rental unit,Private room,1,1,1,1,$70.00 ,29,365,t,25,27,29,189,1,1,0,38,0,58,4060,3,4,2,5,2,5,1,f,115,52,63,0,0.2
1.33856E+18,100%,93%,,280,445,t,t,Beacon Hill,42.36001308,-71.06934747,Private room in rental unit,Private room,1,1,1,1,$59.00 ,29,365,t,11,41,71,231,0,0,0,80,0,0,0,,,,,,,,f,115,52,63,0,
1.33859E+18,100%,93%,,280,445,t,t,Beacon Hill,42.36034164,-71.06810327,Private room in rental unit,Private room,1,1,1,1,$60.00 ,29,365,t,10,21,51,211,2,2,0,60,0,116,6960,5,4.5,5,5,5,5,4,f,115,52,63,0,0.41
1.3386E+18,100%,93%,,280,445,t,t,Beacon Hill,42.36036887,-71.06906904,Private room in rental unit,Private room,1,,,,,29,365,t,7,14,14,21,0,0,0,21,0,0,,,,,,,,,f,115,52,63,0,
1.33912E+18,99%,98%,f,25,194,t,t,East Boston,42.37518069,-71.03008951,Entire rental unit,Entire home/apt,2,,1,,,1,365,t,23,53,83,357,15,15,3,92,0,90,,4.87,4.87,4.93,4.8,4.87,4.8,4.67,f,60,60,0,0,1.88
1.33917E+18,98%,100%,,48,68,t,t,Brighton,42.34625364,-71.15768629,Private room in home,Private room,2,2,1,1,$74.00 ,2,265,t,12,40,70,345,15,15,1,79,0,90,6660,4.07,4.13,4,4.6,4.47,4.07,4.13,t,5,0,5,0,1.96
1.33923E+18,100%,93%,,280,445,t,t,Beacon Hill,42.35968,-71.06898,Private room in rental unit,Private room,1,1,1,1,$62.00 ,29,365,t,0,0,2,91,0,0,0,11,0,0,0,,,,,,,,f,115,52,63,0,
1.33932E+18,100%,100%,f,55,56,t,t,Allston,42.35939,-71.13044,Private room in home,Private room,2,1,1,2,$102.00 ,1,365,t,0,0,0,0,4,4,3,0,0,24,2448,5,5,5,5,5,5,5,f,17,0,17,0,1.12
1.33933E+18,100%,100%,f,55,56,t,t,Brighton,42.35589,-71.15815,Private room in home,Private room,2,2,1,1,$87.00 ,1,365,t,22,52,82,357,26,26,3,91,0,156,13572,4.58,4.69,4.46,4.81,4.65,4.58,4.42,t,17,0,17,0,3.36
1.33992E+18,100%,100%,f,55,56,t,t,Brighton,42.35629,-71.15822,Private room in home,Private room,3,2,1,3,$83.00 ,1,365,t,18,48,78,353,23,23,1,88,0,138,11454,4.61,4.57,4.48,4.78,4.7,4.61,4.57,t,17,0,17,0,3.69
1.33992E+18,99%,98%,f,17,17,t,t,Dorchester,42.30927603,-71.06781649,Entire rental unit,Entire home/apt,6,1.5,3,3,$288.00 ,1,365,t,9,36,66,67,6,6,1,67,0,36,10368,4.5,4.83,4.83,4.67,4.33,4.17,4.33,f,3,3,0,0,0.87
1.33993E+18,100%,99%,f,7,8,t,t,Back Bay,42.34543,-71.07974,Entire rental unit,Entire home/apt,3,1,1,2,$410.00 ,1,365,t,19,46,74,312,5,5,0,83,0,30,12300,4.8,4.2,5,5,5,5,4.6,f,7,7,0,0,1.39
1.33993E+18,100%,99%,f,7,8,t,t,Back Bay,42.34564,-71.07987,Entire rental unit,Entire home/apt,3,1,1,2,$399.00 ,1,365,t,17,43,71,311,4,4,1,80,0,24,9576,4.75,5,5,5,5,5,4.75,f,7,7,0,0,1.36
1.33994E+18,100%,100%,f,55,56,t,t,Brighton,42.35565,-71.15627,Private room in home,Private room,2,2,1,1,$86.00 ,1,365,t,21,51,81,356,48,48,9,91,0,255,21930,4.65,4.79,4.54,4.88,4.73,4.79,4.67,t,17,0,17,0,6.23
1.3406E+18,100%,100%,f,55,56,t,t,Brighton,42.35757678,-71.15691548,Private room in home,Private room,2,1,1,2,$83.00 ,1,365,t,20,50,80,355,68,68,9,90,0,255,21165,4.82,4.85,4.75,4.93,4.9,4.78,4.82,t,17,0,17,0,9.27
1.34064E+18,100%,100%,f,55,56,t,t,Brighton,42.35598,-71.15656,Private room in home,Private room,2,1,1,1,$83.00 ,1,365,t,25,55,85,360,52,52,1,95,0,255,21165,4.62,4.69,4.67,4.71,4.67,4.58,4.56,t,17,0,17,0,6.72
1.34064E+18,100%,100%,f,55,56,t,t,Brighton,42.35639,-71.15837,Private room in home,Private room,2,1,1,2,$85.00 ,1,365,t,22,52,82,357,43,43,0,92,0,255,21675,4.65,4.77,4.53,4.81,4.86,4.79,4.77,t,17,0,17,0,5.61
1.34065E+18,100%,100%,f,55,56,t,t,Brighton,42.35551151,-71.156671,Private room in home,Private room,2,2,1,2,$83.00 ,1,365,t,23,50,80,355,2,2,2,90,0,12,996,5,5,5,5,5,5,5,t,17,0,17,0,2
1.34069E+18,100%,100%,f,1,1,t,t,Charlestown,42.38113336,-71.06790861,Entire rental unit,Entire home/apt,2,1,1,1,$270.00 ,2,365,t,19,37,67,248,6,6,2,77,0,36,9720,5,4.5,5,4.83,4.83,5,4.67,f,1,1,0,0,1.78
1.34073E+18,99%,100%,f,12,19,t,t,North End,42.3663011,-71.0551741,Entire rental unit,Entire home/apt,3,1,0,2,$159.00 ,2,365,t,0,5,21,285,35,35,3,28,0,210,33390,4.57,4.79,4.59,4.85,4.82,4.97,4.47,f,7,7,0,0,4.57
1.34074E+18,99%,100%,f,12,19,t,t,North End,42.3663528,-71.0551423,Entire rental unit,Entire home/apt,3,1,1,1,$159.00 ,2,365,t,3,11,32,303,36,36,2,40,0,216,34344,4.25,4.47,4.03,4.39,4.67,4.97,3.94,t,7,7,0,0,4.6
1.3409E+18,33%,40%,f,1,1,f,t,Beacon Hill,42.36027,-71.07014,Entire rental unit,Entire home/apt,3,1,1,2,$450.00 ,4,14,t,1,2,2,59,2,2,0,2,0,16,7200,5,5,4.5,4.5,5,5,5,f,1,1,0,0,0.38
1.34133E+18,99%,100%,f,12,19,t,t,North End,42.36745,-71.05562,Entire rental unit,Entire home/apt,3,1,1,2,$159.00 ,2,365,t,0,3,20,279,48,48,6,26,0,255,40545,4.6,4.77,4.48,4.83,4.75,4.9,4.52,t,7,7,0,0,6.29
1.34133E+18,99%,100%,f,12,19,t,t,North End,42.36741022,-71.05479931,Entire rental unit,Entire home/apt,3,1,0,1,$190.00 ,2,365,t,1,7,27,297,26,26,4,37,0,156,29640,4.54,4.54,4.58,4.85,4.65,4.92,4.46,f,7,7,0,0,4.17
1.34136E+18,99%,98%,f,25,194,t,t,Downtown,42.35293786,-71.06309007,Entire rental unit,Entire home/apt,4,,2,,,1,365,t,8,34,64,333,22,22,6,73,0,132,,4.36,4.55,4.59,4.82,4.68,4.91,4.45,t,60,60,0,0,4.02
1.34136E+18,99%,98%,f,25,194,t,t,Downtown,42.35517097,-71.0625365,Entire rental unit,Entire home/apt,4,,2,,,1,365,t,5,29,58,332,33,33,4,67,0,198,,4.7,4.84,4.84,4.81,4.88,4.88,4.66,f,60,60,0,0,4.63
1.34136E+18,99%,98%,f,25,194,t,t,South End,42.34323425,-71.06559982,Entire rental unit,Entire home/apt,6,,2,,,29,365,t,12,33,61,321,14,14,0,70,0,255,,4.71,4.57,4.93,4.93,4.79,4.71,4.57,f,60,60,0,0,2.21
1.34136E+18,99%,98%,f,25,194,t,t,Downtown,42.3552,-71.06033,Entire rental unit,Entire home/apt,4,,2,,,1,365,t,1,24,49,323,6,6,0,58,0,36,,4.33,4.83,5,5,5,5,4.33,f,60,60,0,0,0.87
1.34137E+18,99%,98%,f,25,194,t,t,Downtown,42.35277166,-71.06279282,Entire rental unit,Entire home/apt,5,,2,,,29,365,t,2,26,56,326,2,2,0,65,0,116,,5,5,4.5,4.5,5,5,4.5,t,60,60,0,0,0.37
1.34137E+18,99%,98%,f,25,194,t,t,Downtown,42.35314,-71.06286,Entire rental unit,Entire home/apt,4,,2,,,1,365,t,8,32,62,332,31,31,4,71,0,186,,4.65,4.58,4.71,4.81,4.94,4.68,4.68,t,60,60,0,0,4.49
1.34137E+18,99%,98%,f,25,194,t,t,South End,42.33804548,-71.06756111,Entire rental unit,Entire home/apt,4,,2,,,1,365,t,12,12,16,290,1,1,0,25,0,6,,5,5,5,5,5,5,5,f,60,60,0,0,0.35
1.34137E+18,99%,98%,f,25,194,t,t,Downtown,42.35312,-71.06311,Entire rental unit,Entire home/apt,5,,2,,,1,365,t,9,24,29,297,25,25,4,32,0,150,,4.68,4.88,4.92,4.88,4.8,4.68,4.48,t,60,60,0,0,3.59
1.34139E+18,99%,98%,f,25,194,t,t,South End,42.34267,-71.06416,Entire rental unit,Entire home/apt,5,,2,,,29,365,t,8,18,41,308,12,12,0,50,0,255,,4.92,5,5,5,4.92,4.83,4.92,f,60,60,0,0,1.74
1.34142E+18,99%,98%,f,25,194,t,t,East Boston,42.37678,-71.03169,Entire rental unit,Entire home/apt,4,,2,,,1,365,t,13,43,66,335,4,4,0,75,0,24,,4.75,5,5,5,5,5,5,f,60,60,0,0,0.66
1.34142E+18,99%,98%,f,25,194,t,t,South Boston Waterfront,42.3442,-71.05559,Entire rental unit,Entire home/apt,2,,1,,,1,365,t,10,31,61,335,21,21,5,70,0,126,,4.67,5,4.76,4.76,4.95,4.71,4.71,f,60,60,0,0,3.1
1.34143E+18,99%,98%,f,25,194,t,t,Downtown,42.35143553,-71.06444587,Entire rental unit,Entire home/apt,2,,,,,29,365,t,3,26,56,327,12,12,0,65,0,255,,4.83,4.83,4.92,4.92,5,5,4.83,t,60,60,0,0,1.69
1.34145E+18,99%,98%,f,25,194,t,t,South End,42.34416,-71.06376,Entire rental unit,Entire home/apt,7,,3,,,29,365,t,4,18,43,303,16,16,0,52,0,255,,4.69,4.69,4.88,4.75,4.56,4.63,4.56,f,60,60,0,0,2.34
1.34145E+18,99%,98%,f,25,194,t,t,South End,42.33816423,-71.06980717,Entire rental unit,Entire home/apt,6,,2,,,1,365,t,6,32,53,322,4,4,0,62,0,24,,4.25,4.5,4.5,5,5,4.25,4.25,f,60,60,0,0,0.68
1.34151E+18,99%,98%,f,25,194,t,t,South Boston,42.34203729,-71.05713423,Entire rental unit,Entire home/apt,2,,1,,,1,365,t,9,23,48,318,14,14,2,57,0,84,,5,4.93,5,4.93,5,4.93,4.93,f,60,60,0,0,2.11
1.34151E+18,99%,98%,f,25,194,t,t,East Boston,42.37639,-71.03017,Entire rental unit,Entire home/apt,4,,2,,,1,365,t,13,38,61,335,1,1,0,70,0,6,,5,5,5,5,5,5,4,f,60,60,0,0,0.2
1.34151E+18,99%,98%,f,25,194,t,t,South Boston,42.34256108,-71.05709737,Entire rental unit,Entire home/apt,2,,1,,,1,365,t,0,0,23,297,18,18,0,32,0,108,,4.94,4.94,5,4.94,5,4.5,4.89,f,60,60,0,0,2.54
1.34151E+18,99%,98%,f,25,194,t,t,South Boston Waterfront,42.34418262,-71.05590201,Entire rental unit,Entire home/apt,2,,1,,,1,365,t,14,36,66,340,2,2,0,75,0,12,,4.5,5,4.5,5,5,5,5,f,60,60,0,0,0.29
1.34153E+18,99%,98%,f,25,194,t,t,South End,42.34429,-71.06545,Entire rental unit,Entire home/apt,6,,2,,,29,365,t,8,26,54,283,7,7,0,58,0,255,,5,4.86,4.86,5,5,4.86,5,f,60,60,0,0,1.45
1.34154E+18,99%,98%,f,25,194,t,t,Downtown,42.35321,-71.06312,Entire rental unit,Entire home/apt,3,,1,,,1,365,t,11,35,65,335,14,14,3,74,0,84,,4.64,4.29,4.64,4.64,4.5,4.86,4.14,t,60,60,0,0,2.35
1.34154E+18,99%,98%,f,25,194,t,t,South End,42.34489043,-71.06380707,Entire rental unit,Entire home/apt,7,,3,,,29,365,t,7,14,38,263,1,1,0,47,0,58,,5,5,4,5,5,4,5,f,60,60,0,0,0.24
1.34157E+18,99%,98%,f,25,194,t,t,Downtown,42.35207,-71.0651,Entire rental unit,Entire home/apt,2,,1,,,1,365,t,8,11,14,283,15,15,5,23,0,90,,4.53,4.33,4.8,4.67,4.47,4.93,4.67,t,60,60,0,0,2.71
1.34157E+18,99%,98%,f,25,194,t,t,South End,42.3363,-71.06776,Entire rental unit,Entire home/apt,4,,2,,,1,365,t,9,9,11,273,1,1,0,11,0,6,,5,4,3,5,5,5,3,f,60,60,0,0,0.19
1.34158E+18,99%,98%,f,25,194,t,t,South End,42.33696147,-71.06954386,Entire rental unit,Entire home/apt,6,,2,,,1,365,t,8,33,63,333,16,16,2,72,0,96,,4.5,4.63,4.56,4.75,4.81,4.63,4.63,f,60,60,0,0,3.33
1.34158E+18,99%,98%,f,25,194,t,t,Downtown,42.35342255,-71.06369664,Entire rental unit,Entire home/apt,2,,,,,1,365,t,6,32,59,328,25,25,8,68,0,150,,4.72,4.56,4.6,4.68,4.76,4.96,4.56,t,60,60,0,0,3.91
1.34164E+18,99%,98%,f,25,194,t,t,Downtown,42.35460541,-71.06043623,Entire rental unit,Entire home/apt,2,,1,,,1,365,t,18,42,72,342,2,2,0,81,0,12,,5,5,5,5,5,5,5,f,60,60,0,0,0.3
1.34227E+18,100%,87%,,279,427,t,t,Beacon Hill,42.35910381,-71.06906096,Entire rental unit,Entire home/apt,3,1,1,1,$120.00 ,29,365,t,3,3,21,181,0,0,0,30,0,0,0,,,,,,,,f,7,7,0,0,
1.3423E+18,100%,93%,,280,445,t,t,Beacon Hill,42.35860813,-71.06902656,Private room in rental unit,Private room,1,1,1,1,$64.00 ,29,365,t,0,17,47,207,1,1,0,56,0,58,3712,5,5,5,5,5,5,5,f,115,52,63,0,0.26
1.34232E+18,100%,100%,f,1,1,t,t,Hyde Park,42.23941593,-71.13331438,Entire rental unit,Entire home/apt,4,1,2,3,$179.00 ,2,1125,t,16,39,61,331,11,11,2,71,0,66,11814,5,5,5,5,4.91,4.91,4.82,t,1,1,0,0,2.12
1.34234E+18,100%,93%,,280,445,t,t,Dorchester,42.31428628,-71.06511561,Private room in rental unit,Private room,1,1,1,1,$84.00 ,29,365,t,4,33,63,63,0,0,0,63,0,0,0,,,,,,,,f,115,52,63,0,
1.34296E+18,100%,93%,,280,445,t,t,Dorchester,42.31614398,-71.06499437,Private room in rental unit,Private room,1,,,,,29,365,t,0,0,0,0,0,0,0,0,0,0,,,,,,,,,f,115,52,63,0,
1.34299E+18,99%,98%,f,25,194,t,t,East Boston,42.37658,-71.03067,Entire rental unit,Entire home/apt,4,,2,,,1,365,t,13,43,66,335,17,17,4,75,0,102,,5,5,5,4.94,5,4.88,4.82,f,60,60,0,0,2.55
1.34299E+18,99%,98%,f,25,194,t,t,East Boston,42.3749,-71.0307,Entire rental unit,Entire home/apt,4,,2,,,1,365,t,13,38,61,335,20,20,3,70,0,120,,5,5,5,4.95,4.95,4.8,4.8,f,60,60,0,0,3.05
1.34299E+18,100%,93%,,280,445,t,t,Dorchester,42.31456577,-71.06487017,Private room in rental unit,Private room,1,,,,,29,365,t,0,0,0,0,0,0,0,0,0,0,,,,,,,,,f,115,52,63,0,
1.34301E+18,99%,98%,f,25,194,t,t,South Boston Waterfront,42.34412,-71.05523,Entire rental unit,Entire home/apt,2,,1,,,1,365,t,14,36,66,340,16,16,2,75,0,96,,5,5,4.94,4.75,5,4.75,4.69,f,60,60,0,0,2.14
1.34303E+18,100%,93%,,280,445,t,t,Dorchester,42.31471,-71.0666,Private room in rental unit,Private room,1,,,,,29,365,t,0,0,0,0,0,0,0,0,0,0,,,,,,,,,f,115,52,63,0,
1.34304E+18,100%,93%,,280,445,t,t,Dorchester,42.31661,-71.06665,Private room in rental unit,Private room,1,,,,,29,365,t,1,31,61,240,0,0,0,70,0,0,,,,,,,,,f,115,52,63,0,
1.34306E+18,95%,81%,,50,71,t,t,Beacon Hill,42.35638,-71.07155,Private room in rental unit,Private room,1,1,1,1,$175.00 ,29,365,t,30,57,57,59,0,0,0,57,0,0,0,,,,,,,,f,6,2,4,0,
1.3433E+18,100%,100%,f,5,8,t,t,Chinatown,42.34833,-71.06113,Private room in rental unit,Private room,2,1,1,1,$91.00 ,91,365,t,30,60,89,89,0,0,0,89,0,0,0,,,,,,,,f,4,2,2,0,
1.3436E+18,90%,N/A,f,2,2,t,t,Roxbury,42.32238124,-71.07543466,Private room in rental unit,Private room,1,1,1,1,$55.00 ,91,365,t,28,58,88,363,0,0,0,98,0,0,0,,,,,,,,f,1,0,1,0,
1.34366E+18,100%,93%,,280,445,t,t,Dorchester,42.31489773,-71.06698933,Private room in rental unit,Private room,1,1,1,1,$87.00 ,29,365,t,0,29,59,239,0,0,0,69,0,0,0,,,,,,,,f,115,52,63,0,
1.34366E+18,100%,93%,,280,445,t,t,Dorchester,42.31457923,-71.06640485,Private room in rental unit,Private room,1,1,1,1,$64.00 ,29,365,t,0,29,59,239,0,0,0,69,0,0,0,,,,,,,,f,115,52,63,0,
1.34367E+18,90%,99%,t,266,1126,t,t,Back Bay,42.34784367,-71.08060712,Entire rental unit,Entire home/apt,3,1,1,1,$250.00 ,32,270,t,30,60,90,359,0,0,0,99,0,0,0,,,,,,,,t,43,43,0,0,
1.34422E+18,100%,100%,t,39,40,t,t,Brighton,42.34663671,-71.14513678,Entire rental unit,Entire home/apt,4,1,2,3,$222.00 ,1,365,t,12,38,68,333,41,41,3,74,0,246,54612,4.95,4.93,4.98,4.71,4.98,4.85,4.76,t,39,39,0,0,5.35
1.34429E+18,99%,98%,f,25,194,t,t,Downtown,42.35259,-71.06266,Entire rental unit,Entire home/apt,5,,2,,,29,365,t,5,16,46,316,8,8,0,55,0,255,,4.88,4.75,4.75,4.88,4.75,4.63,4.63,t,60,60,0,0,1.13
1.34432E+18,99%,98%,f,25,194,t,t,East Boston,42.37474,-71.0305,Entire rental unit,Entire home/apt,2,,1,,,1,365,t,22,52,82,356,20,20,5,91,0,120,,4.8,5,5,4.6,4.8,4.8,4.7,f,60,60,0,0,3
1.34437E+18,100%,100%,f,5,8,t,t,Chinatown,42.34909674,-71.06161751,Private room in rental unit,Private room,2,1,1,1,$91.00 ,91,365,t,30,60,89,89,0,0,0,89,0,0,0,,,,,,,,f,4,2,2,0,
1.34444E+18,96%,96%,t,6,7,t,t,East Boston,42.3789773,-71.0356991,Entire townhouse,Entire home/apt,4,3,2,4,$246.00 ,28,365,t,16,46,76,351,1,1,0,86,0,56,13776,5,5,5,5,5,5,5,t,1,1,0,0,0.64
1.34458E+18,90%,97%,f,4,8,t,t,Roxbury,42.32838756,-71.07008096,Entire rental unit,Entire home/apt,2,1,1,1,$124.00 ,1,365,t,0,0,0,0,8,8,0,0,0,48,5952,4,4.38,4.75,4.75,4.5,3.13,4.13,t,3,3,0,0,1.15
1.34459E+18,90%,97%,f,4,8,t,t,Downtown,42.35037,-71.06414,Entire rental unit,Entire home/apt,2,1,0,1,$164.00 ,29,365,t,12,42,43,236,10,10,0,44,0,255,41820,4.5,4.3,4.3,3.7,5,4.9,4.4,t,3,3,0,0,1.4
1.34482E+18,100%,100%,t,5,5,t,t,Allston,42.3534001,-71.1283549,Entire rental unit,Entire home/apt,9,2,4,5,$434.00 ,1,365,t,6,16,32,201,18,18,2,35,0,108,46872,4.94,4.89,4.94,4.94,4.94,4.83,4.78,f,5,5,0,0,2.51
1.34489E+18,84%,95%,f,60,97,t,t,Dorchester,42.31892273,-71.06095765,Entire rental unit,Entire home/apt,4,2,2,2,$185.00 ,30,180,t,0,0,0,114,0,0,0,0,0,0,0,,,,,,,,f,58,18,40,0,
1.34504E+18,100%,100%,f,5,5,t,t,East Boston,42.37855,-71.03528,Private room in rental unit,Private room,1,0,1,1,$61.00 ,29,183,t,0,0,1,90,0,0,0,10,0,0,0,,,,,,,,f,5,0,5,0,
1.34513E+18,100%,93%,,280,445,t,t,Dorchester,42.31639702,-71.06566402,Private room in rental unit,Private room,1,1,1,1,$84.00 ,29,365,t,0,27,57,237,0,0,0,67,0,0,0,,,,,,,,f,115,52,63,0,
1.34515E+18,84%,95%,f,60,97,t,t,Dorchester,42.31766683,-71.06106584,Entire rental unit,Entire home/apt,6,2,3,3,$205.00 ,30,365,t,0,0,0,266,0,0,0,1,0,0,0,,,,,,,,f,58,18,40,0,
1.34516E+18,84%,95%,f,60,97,t,t,Dorchester,42.31725657,-71.06232974,Private room in rental unit,Private room,2,1,1,1,$77.00 ,30,365,t,0,0,18,293,2,2,0,28,0,120,9240,4.5,5,5,5,3.5,3.5,4.5,f,58,18,40,0,0.38
1.34517E+18,100%,93%,,280,445,t,t,Dorchester,42.31622367,-71.06638289,Private room in rental unit,Private room,1,1,1,1,$88.00 ,29,365,t,0,27,57,237,0,0,0,67,0,0,0,,,,,,,,f,115,52,63,0,
1.34517E+18,84%,95%,f,60,97,t,t,Dorchester,42.3188077,-71.06116823,Private room in rental unit,Private room,2,1,1,1,$72.00 ,30,365,t,0,0,0,273,0,0,0,8,0,0,0,,,,,,,,f,58,18,40,0,
1.34517E+18,84%,95%,f,60,97,t,t,Dorchester,42.31706323,-71.06158661,Private room in rental unit,Private room,2,1,1,1,$68.00 ,30,365,t,0,0,0,266,2,2,0,1,0,120,8160,5,5,5,5,5,5,5,f,58,18,40,0,0.26
1.34518E+18,100%,93%,,280,445,t,t,Dorchester,42.31498314,-71.06490316,Private room in rental unit,Private room,1,1,1,1,$88.00 ,29,365,t,0,27,57,237,0,0,0,67,0,0,0,,,,,,,,f,115,52,63,0,
1.34574E+18,100%,100%,f,2,2,f,f,Roxbury,42.32528652,-71.09017988,Entire rental unit,Entire home/apt,6,1.5,3,4,$293.00 ,1,7,t,0,0,29,29,12,12,0,29,0,72,21096,4.83,4.83,4.83,4.92,5,4.58,4.75,f,2,2,0,0,2.54
1.34588E+18,100%,100%,t,39,40,t,t,Brighton,42.3486,-71.14702,Entire rental unit,Entire home/apt,4,1,2,2,$306.00 ,1,365,t,18,48,74,349,19,19,1,84,0,114,34884,4.89,4.95,5,4.68,5,5,4.95,t,39,39,0,0,2.45
1.34647E+18,90%,99%,t,266,1126,t,t,Back Bay,42.347,-71.08089,Entire rental unit,Entire home/apt,3,1,1,1,$260.00 ,32,270,t,30,60,90,359,0,0,0,99,0,0,0,,,,,,,,t,43,43,0,0,
1.34659E+18,99%,98%,f,25,194,t,t,Downtown,42.35179587,-71.06497598,Entire rental unit,Entire home/apt,3,,1,,,29,365,t,7,37,67,341,8,8,0,76,0,255,,4.13,4.5,4.25,4.75,4.63,4.88,4.13,t,60,60,0,0,1.15
1.3479E+18,100%,67%,f,13,22,t,t,Beacon Hill,42.35993347,-71.06556734,Entire home,Entire home/apt,2,1,1,1,$286.00 ,29,180,t,30,60,90,269,0,0,0,99,0,0,0,,,,,,,,f,2,1,1,0,
1.34872E+18,100%,100%,t,130,133,t,t,Back Bay,42.35254,-71.07599,Entire rental unit,Entire home/apt,2,1,0,1,$300.00 ,1,365,t,22,52,82,305,18,18,0,91,0,108,32400,4.56,4.61,4.56,4.83,4.89,5,4.33,t,36,36,0,0,2.83
1.34874E+18,99%,100%,,19,19,t,t,South End,42.33779958,-71.07809448,Entire rental unit,Entire home/apt,2,1,0,1,$225.00 ,1,365,t,17,43,73,141,21,21,2,82,0,126,28350,4.76,4.86,4.76,4.95,4.9,4.86,4.52,t,12,12,0,0,3.3
1.34875E+18,99%,100%,,19,19,t,t,South End,42.33776071,-71.07720197,Entire rental unit,Entire home/apt,2,1,0,1,$198.00 ,1,365,t,14,42,72,140,20,20,3,81,0,120,23760,4.85,4.8,4.65,4.95,4.85,4.8,4.55,t,12,12,0,0,3.23
1.34932E+18,87%,76%,f,102,193,t,t,Jamaica Plain,42.32829,-71.11206,Entire rental unit,Entire home/apt,6,2,2,3,$292.00 ,29,365,t,22,22,22,274,7,7,1,22,0,255,74460,4.43,4.29,4.14,4.86,4.14,4.57,4,f,72,72,0,0,1.09
1.34943E+18,100%,100%,t,5,8,t,t,Dorchester,42.28803856,-71.03931808,Entire townhouse,Entire home/apt,6,6,5,6,$621.00 ,1,365,t,22,49,79,89,12,12,0,89,0,72,44712,4.83,4.92,4.75,4.92,4.67,4.67,4.67,t,4,4,0,0,1.94
1.34947E+18,100%,100%,t,12,15,t,t,Roxbury,42.3292148,-71.0949007,Entire rental unit,Entire home/apt,6,2,3,3,$323.00 ,3,365,t,2,14,40,50,5,5,0,50,0,30,9690,5,5,4.8,5,5,4.8,4.8,t,11,11,0,0,0.78
1.34995E+18,98%,50%,f,602,1413,t,t,Brighton,42.35013,-71.17156,Private room in rental unit,Private room,1,0,5,1,$40.00 ,91,365,t,0,22,52,114,0,0,0,62,0,0,0,,,,,,,,f,51,4,47,0,
1.35E+18,98%,50%,f,602,1413,t,t,South Boston,42.33378,-71.04937,Private room in rental unit,Private room,1,,,,,91,365,t,0,0,21,82,0,0,0,30,0,0,,,,,,,,,f,51,4,47,0,
1.35E+18,100%,96%,t,17,57,t,t,Brighton,42.34865768,-71.14037567,Private room in rental unit,Private room,1,1,1,1,$107.00 ,31,180,t,0,0,0,251,2,2,1,0,0,124,13268,4.5,4.5,5,5,5,5,5,f,12,2,10,0,0.43
1.35E+18,98%,50%,f,602,1413,t,t,Brighton,42.34165,-71.14336,Private room in rental unit,Private room,1,,1,,,91,365,t,0,0,2,63,0,0,0,11,0,0,,,,,,,,,f,51,4,47,0,
1.35001E+18,98%,50%,f,602,1413,t,t,North End,42.36344,-71.05566,Private room in rental unit,Private room,1,0,3,1,$52.00 ,91,365,t,0,8,38,99,0,0,0,47,0,0,0,,,,,,,,f,51,4,47,0,
1.35001E+18,98%,50%,f,602,1413,t,t,Brighton,42.35096679,-71.14716095,Private room in rental unit,Private room,1,,6,,,91,365,t,0,0,23,93,0,0,0,32,0,0,,,,,,,,,f,51,4,47,0,
1.35001E+18,98%,50%,f,602,1413,t,t,Allston,42.35428088,-71.13108851,Private room in rental unit,Private room,1,0,1,1,$45.00 ,91,365,t,0,22,52,128,0,0,0,62,0,0,0,,,,,,,,f,51,4,47,0,
1.35001E+18,98%,50%,f,602,1413,t,t,Allston,42.36121502,-71.12596561,Private room in rental unit,Private room,1,0,6,1,$45.00 ,91,365,t,0,22,52,114,0,0,0,62,0,0,0,,,,,,,,f,51,4,47,0,
1.35001E+18,98%,50%,f,602,1413,t,t,Allston,42.35810081,-71.12947321,Private room in rental unit,Private room,1,,6,,,91,365,t,0,0,0,62,0,0,0,1,0,0,,,,,,,,,f,51,4,47,0,
1.35001E+18,98%,50%,f,602,1413,t,t,Brighton,42.35223025,-71.15928182,Private room in rental unit,Private room,1,,5,,,91,365,t,28,58,88,220,0,0,0,97,0,0,,,,,,,,,f,51,4,47,0,
1.35001E+18,98%,50%,f,602,1413,t,t,Allston,42.35740605,-71.13138655,Private room in rental unit,Private room,1,0,6,1,$48.00 ,91,365,t,0,13,43,104,0,0,0,52,0,0,0,,,,,,,,f,51,4,47,0,
1.35001E+18,98%,50%,f,602,1413,t,t,South Boston,42.33817,-71.02719,Private room in rental unit,Private room,1,0,4,1,$48.00 ,91,365,t,27,57,87,149,0,0,0,97,0,0,0,,,,,,,,f,51,4,47,0,
1.35002E+18,98%,50%,f,602,1413,t,t,Mission Hill,42.33035,-71.1039,Private room in rental unit,Private room,1,0,4,1,$41.00 ,91,365,t,24,54,84,216,0,0,0,93,0,0,0,,,,,,,,f,51,4,47,0,
1.35002E+18,98%,50%,f,602,1413,t,t,Chinatown,42.34764144,-71.06265241,Private room in rental unit,Private room,1,0,2,1,$47.00 ,91,365,t,0,22,52,113,0,0,0,61,0,0,0,,,,,,,,f,51,4,47,0,
1.35002E+18,98%,50%,f,602,1413,t,t,Brighton,42.35396,-71.14665,Private room in rental unit,Private room,1,,,,,91,365,t,28,58,88,149,0,0,0,97,0,0,,,,,,,,,f,51,4,47,0,
1.35002E+18,98%,50%,f,602,1413,t,t,Allston,42.35845602,-71.12956719,Private room in rental unit,Private room,1,0,6,1,$38.00 ,91,365,t,23,53,83,131,0,0,0,93,0,0,0,,,,,,,,f,51,4,47,0,
1.35002E+18,98%,50%,f,602,1413,t,t,Allston,42.35915623,-71.12767592,Private room in rental unit,Private room,1,0,6,1,$38.00 ,91,365,t,0,21,51,113,0,0,0,61,0,0,0,,,,,,,,f,51,4,47,0,
1.35003E+18,98%,50%,f,602,1413,t,t,North End,42.36479425,-71.0576551,Private room in rental unit,Private room,1,0,1,1,$48.00 ,91,365,t,0,0,0,124,0,0,0,1,0,0,0,,,,,,,,f,51,4,47,0,
1.35003E+18,98%,50%,f,602,1413,t,t,Roxbury,42.327081,-71.07855522,Private room in rental unit,Private room,1,0,3,1,$42.00 ,91,365,t,27,57,87,151,0,0,0,97,0,0,0,,,,,,,,f,51,4,47,0,
1.35003E+18,98%,50%,f,602,1413,t,t,Roxbury,42.33047,-71.08704,Private room in rental unit,Private room,1,,5,,,91,365,t,24,54,84,156,0,0,0,93,0,0,,,,,,,,,f,51,4,47,0,
1.35003E+18,98%,50%,f,602,1413,t,t,Allston,42.35646056,-71.13237738,Private room in rental unit,Private room,1,,5,,,91,365,t,0,0,6,67,0,0,0,15,0,0,,,,,,,,,f,51,4,47,0,
1.35003E+18,98%,50%,f,602,1413,t,t,Dorchester,42.31992009,-71.05504997,Private room in rental unit,Private room,1,,4,,,91,365,t,28,58,88,158,0,0,0,97,0,0,,,,,,,,,f,51,4,47,0,
1.35003E+18,98%,50%,f,602,1413,t,t,Dorchester,42.30101419,-71.08331082,Private room in rental unit,Private room,1,0,1,1,$48.00 ,91,365,t,27,57,87,149,0,0,0,97,0,0,0,,,,,,,,f,51,4,47,0,
1.35003E+18,98%,50%,f,602,1413,t,t,Brighton,42.34916198,-71.14888875,Private room in rental unit,Private room,1,,6,,,91,365,t,0,0,23,298,0,0,0,32,0,0,,,,,,,,,f,51,4,47,0,
1.35003E+18,98%,50%,f,602,1413,t,t,Allston,42.3587981,-71.1320785,Private room in rental unit,Private room,1,0,4,1,$48.00 ,91,365,t,0,22,52,114,0,0,0,62,0,0,0,,,,,,,,f,51,4,47,0,
1.35003E+18,98%,50%,f,602,1413,t,t,North End,42.36426,-71.05544,Private room in rental unit,Private room,1,0,1,1,$48.00 ,31,365,t,0,0,9,70,0,0,0,18,0,0,0,,,,,,,,f,51,4,47,0,
1.35003E+18,98%,50%,f,602,1413,t,t,Dorchester,42.32026682,-71.05497706,Private room in rental unit,Private room,1,0,4,1,$43.00 ,91,365,t,27,57,87,110,0,0,0,97,0,0,0,,,,,,,,f,51,4,47,0,
1.35003E+18,98%,50%,f,602,1413,t,t,Allston,42.35405652,-71.13237577,Private room in rental unit,Private room,1,,4,,,91,365,t,0,0,15,90,0,0,0,24,0,0,,,,,,,,,f,51,4,47,0,
1.35003E+18,98%,50%,f,602,1413,t,t,Allston,42.3600737,-71.13206814,Private room in rental unit,Private room,1,0,1,1,$52.00 ,91,365,t,0,0,24,172,0,0,0,34,0,0,0,,,,,,,,f,51,4,47,0,
1.35003E+18,98%,50%,f,602,1413,t,t,Brighton,42.35059542,-71.14904851,Private room in rental unit,Private room,1,,,,,91,365,t,0,0,0,54,0,0,0,2,0,0,,,,,,,,,f,51,4,47,0,
1.35003E+18,98%,50%,f,602,1413,t,t,Brighton,42.34224,-71.1441,Private room in rental unit,Private room,1,,,,,91,365,t,0,0,23,84,0,0,0,32,0,0,,,,,,,,,f,51,4,47,0,
1.35004E+18,98%,50%,f,602,1413,t,t,Brighton,42.34642778,-71.15316064,Private room in rental unit,Private room,1,,6,,,91,365,t,0,0,22,123,0,0,0,31,0,0,,,,,,,,,f,51,4,47,0,
1.35004E+18,98%,50%,f,602,1413,t,t,North End,42.36494,-71.05771,Private room in rental unit,Private room,1,0,2,1,$53.00 ,91,365,t,0,23,53,114,0,0,0,62,0,0,0,,,,,,,,f,51,4,47,0,
1.35004E+18,98%,50%,f,602,1413,t,t,North End,42.36553,-71.05579,Private room in rental unit,Private room,1,0,4,1,$53.00 ,91,365,t,22,52,82,357,0,0,0,92,0,0,0,,,,,,,,f,51,4,47,0,
1.35007E+18,99%,98%,f,25,194,t,t,East Boston,42.37471,-71.03156,Entire rental unit,Entire home/apt,2,,1,,,1,365,t,21,51,81,355,14,14,5,90,0,84,,4.93,5,4.93,4.93,5,4.93,4.93,f,60,60,0,0,2.41
1.35007E+18,99%,98%,f,25,194,t,t,South Boston,42.34277384,-71.05508344,Entire rental unit,Entire home/apt,2,,1,,,1,365,t,6,7,11,255,21,21,4,11,0,126,,4.9,4.95,4.95,4.9,4.81,4.71,4.76,f,60,60,0,0,3.23
1.35008E+18,98%,50%,f,602,1413,t,t,Fenway,42.34400348,-71.09480584,Private room in rental unit,Private room,1,0,3,1,$60.00 ,91,365,t,0,29,59,120,0,0,0,68,0,0,0,,,,,,,,f,51,4,47,0,
1.35009E+18,100%,100%,t,5,5,t,t,Dorchester,42.3062311,-71.0602314,Entire rental unit,Entire home/apt,12,1,4,8,$221.00 ,1,28,t,16,44,71,288,6,6,1,71,0,36,7956,4.5,4.67,4.5,4.67,4.5,3.67,4,t,2,2,0,0,1.14
1.35009E+18,100%,100%,t,5,5,t,t,Dorchester,42.3062311,-71.0602314,Entire rental unit,Entire home/apt,10,1,3,6,$209.00 ,1,28,t,3,31,58,257,11,11,0,58,0,66,13794,4.82,4.73,4.73,4.73,4.82,4.18,4.45,t,2,2,0,0,1.53
1.35074E+18,98%,50%,f,602,1413,t,t,Brighton,42.34175209,-71.14429899,Private room in rental unit,Private room,1,,1,,,91,365,t,0,0,0,61,0,0,0,9,0,0,,,,,,,,,f,51,4,47,0,
1.35074E+18,98%,50%,f,602,1413,t,t,Roxbury,42.3305717,-71.08821795,Private room in rental unit,Private room,1,0,4,1,$48.00 ,91,365,t,0,26,56,118,0,0,0,66,0,0,0,,,,,,,,f,51,4,47,0,
1.35074E+18,98%,50%,f,602,1413,t,t,Jamaica Plain,42.31518752,-71.09826425,Private room in rental unit,Private room,1,0,4,1,$41.00 ,31,365,t,0,20,50,111,0,0,0,59,0,0,0,,,,,,,,f,51,4,47,0,
1.35074E+18,98%,50%,f,602,1413,t,t,South Boston,42.3355,-71.04788,Private room in rental unit,Private room,1,,5,,,91,365,t,0,0,0,62,0,0,0,1,0,0,,,,,,,,,f,51,4,47,0,
1.35074E+18,98%,50%,f,602,1413,t,t,North End,42.36461,-71.05408,Private room in rental unit,Private room,1,0,1,1,$60.00 ,31,365,t,0,0,11,234,0,0,0,20,0,0,0,,,,,,,,f,51,4,47,0,
1.35081E+18,98%,50%,f,602,1413,t,t,Allston,42.35433,-71.13248,Private room in rental unit,Private room,1,,,,,91,365,t,0,0,23,84,0,0,0,32,0,0,,,,,,,,,f,51,4,47,0,
1.35081E+18,98%,50%,f,602,1413,t,t,Allston,42.35749855,-71.13395335,Private room in rental unit,Private room,1,0,1,1,$39.00 ,91,365,t,28,58,88,149,0,0,0,97,0,0,0,,,,,,,,f,51,4,47,0,
1.35115E+18,100%,100%,f,2,2,t,t,Dorchester,42.28235,-71.05997,Entire rental unit,Entire home/apt,14,2,4,8,$297.00 ,1,28,t,11,38,68,300,24,24,3,78,0,144,42768,4.88,4.96,5,5,5,4.92,4.96,t,2,2,0,0,4.14
1.3517E+18,100%,92%,t,3,3,t,f,Jamaica Plain,42.31760644,-71.10613025,Entire rental unit,Entire home/apt,2,1,1,1,$150.00 ,29,365,t,0,0,1,276,0,0,0,10,0,0,0,,,,,,,,f,2,2,0,0,
1.35184E+18,100%,100%,t,39,40,t,t,Brighton,42.34839373,-71.1451439,Entire rental unit,Entire home/apt,2,1,1,1,$200.00 ,1,365,t,15,45,75,350,30,30,2,85,0,180,36000,4.9,4.9,4.9,4.63,4.87,4.83,4.67,t,39,39,0,0,4.07
1.35186E+18,100%,100%,t,39,40,t,t,Brighton,42.34728891,-71.14511577,Entire rental unit,Entire home/apt,2,1,0,1,$162.00 ,1,365,t,14,44,74,340,27,27,2,84,0,162,26244,4.81,4.81,4.85,4.52,4.96,4.81,4.7,t,39,39,0,0,3.68
1.35188E+18,100%,100%,t,39,40,t,t,Brighton,42.34666016,-71.14668614,Entire rental unit,Entire home/apt,2,1,0,1,$158.00 ,1,365,t,26,56,86,361,33,33,1,96,0,198,31284,4.82,4.79,4.94,4.7,4.88,4.82,4.7,t,39,39,0,0,4.52
1.35226E+18,84%,95%,f,60,97,t,t,West Roxbury,42.29076729,-71.15525614,Private room in rental unit,Private room,2,1,1,1,$69.00 ,30,180,t,0,9,39,313,0,0,0,48,0,0,0,,,,,,,,f,58,18,40,0,
1.35227E+18,84%,95%,f,60,97,t,t,West Roxbury,42.29263,-71.1535,Private room in rental unit,Private room,2,1,1,1,$66.00 ,30,180,t,0,8,38,313,0,0,0,48,0,0,0,,,,,,,,t,58,18,40,0,
1.35228E+18,84%,95%,f,60,97,t,t,West Roxbury,42.29263,-71.15329,Private room in rental unit,Private room,2,1,1,1,$69.00 ,30,180,t,0,23,53,328,0,0,0,62,0,0,0,,,,,,,,t,58,18,40,0,
1.35229E+18,84%,95%,f,60,97,t,t,West Roxbury,42.29226131,-71.15318579,Private room in rental unit,Private room,2,1,1,1,$69.00 ,30,180,t,0,23,53,327,0,0,0,62,0,0,0,,,,,,,,f,58,18,40,0,
1.3523E+18,84%,95%,f,60,97,t,t,West Roxbury,42.29099125,-71.15385244,Private room in rental unit,Private room,1,1,1,1,$46.00 ,30,180,t,0,23,53,327,0,0,0,62,0,0,0,,,,,,,,f,58,18,40,0,
1.35232E+18,84%,95%,f,60,97,t,t,Brighton,42.34006556,-71.15040003,Private room in rental unit,Private room,2,2,1,1,$66.00 ,30,365,t,0,0,2,277,0,0,0,12,0,0,0,,,,,,,,f,58,18,40,0,
1.35232E+18,84%,95%,f,60,97,t,t,Brighton,42.33888,-71.15023,Private room in rental unit,Private room,2,,,,,30,180,t,0,0,3,277,0,0,0,12,0,0,,,,,,,,,f,58,18,40,0,
1.35233E+18,84%,95%,f,60,97,t,t,Brighton,42.33827,-71.15232,Private room in rental unit,Private room,2,2,1,1,$74.00 ,30,365,t,0,0,0,270,0,0,0,4,0,0,0,,,,,,,,f,58,18,40,0,
1.35234E+18,84%,95%,f,60,97,t,t,Brighton,42.34011819,-71.15058081,Private room in rental unit,Private room,2,2,1,1,$62.00 ,30,365,t,0,0,0,270,0,0,0,4,0,0,0,,,,,,,,f,58,18,40,0,
1.35236E+18,84%,95%,f,60,97,t,t,Brighton,42.34046345,-71.15041064,Private room in rental unit,Private room,2,2,1,1,$63.00 ,30,365,t,0,0,0,270,0,0,0,4,0,0,0,,,,,,,,f,58,18,40,0,
1.35248E+18,100%,93%,,280,445,t,t,Beacon Hill,42.36062,-71.06493,Private room in rental unit,Private room,1,1,1,1,$60.00 ,29,365,t,0,18,47,47,0,0,0,47,0,0,0,,,,,,,,f,115,52,63,0,
1.35248E+18,100%,93%,,280,445,t,t,Beacon Hill,42.36097313,-71.06671301,Private room in rental unit,Private room,1,,,,,29,365,t,0,0,21,21,0,0,0,21,0,0,,,,,,,,,f,115,52,63,0,
1.35287E+18,95%,91%,f,117,207,t,t,Roxbury,42.32795,-71.07853,Entire rental unit,Entire home/apt,1,2,1,1,$57.00 ,30,365,t,0,0,0,34,1,1,0,0,0,60,3420,5,5,5,5,5,5,5,f,33,33,0,0,0.26
1.35314E+18,100%,93%,,280,445,t,t,Beacon Hill,42.36103,-71.06552,Private room in rental unit,Private room,1,1,1,1,$60.00 ,29,365,t,0,0,0,170,0,0,0,0,0,0,0,,,,,,,,f,115,52,63,0,
1.35315E+18,100%,100%,t,3,3,t,t,Dorchester,42.29077172,-71.06155967,Entire rental unit,Entire home/apt,5,1,2,6,$238.00 ,2,28,t,8,33,61,329,0,0,0,65,0,0,0,,,,,,,,f,3,2,1,0,
1.35315E+18,95%,91%,f,117,207,t,t,Downtown,42.35972792,-71.05715357,Entire rental unit,Entire home/apt,4,1,1,2,$354.00 ,30,730,t,0,13,43,317,5,5,0,52,0,255,90270,4.6,4.8,4.6,4.6,5,4.6,4.6,f,33,33,0,0,0.79
1.35318E+18,100%,93%,,280,445,t,t,West End,42.3612338,-71.06488558,Private room in rental unit,Private room,1,1,1,1,$60.00 ,29,365,t,0,0,22,201,0,0,0,31,0,0,0,,,,,,,,f,115,52,63,0,
1.3532E+18,100%,93%,,280,445,t,t,West End,42.36186586,-71.0653,Private room in rental unit,Private room,1,1,1,1,$60.00 ,29,365,t,0,0,22,201,0,0,0,31,0,0,0,,,,,,,,f,115,52,63,0,
1.35321E+18,100%,93%,,280,445,t,t,West End,42.36151,-71.06694,Private room in rental unit,Private room,1,1,1,1,$60.00 ,29,365,t,0,0,22,201,0,0,0,31,0,0,0,,,,,,,,f,115,52,63,0,
1.35322E+18,95%,91%,f,117,207,t,t,Roxbury,42.32672186,-71.07661335,Entire rental unit,Entire home/apt,1,,1,,,31,365,t,0,0,0,27,0,0,0,0,0,0,,,,,,,,,f,33,33,0,0,
1.35378E+18,100%,100%,f,1,1,t,t,Brighton,42.34591086,-71.14718668,Entire rental unit,Entire home/apt,4,1,2,3,$184.00 ,2,1125,t,4,27,54,299,39,39,6,58,0,234,43056,5,4.9,4.97,4.92,5,4.92,4.87,f,1,1,0,0,5.32
1.35389E+18,99%,98%,f,25,194,t,t,East Boston,42.38615,-71.00678,Entire rental unit,Entire home/apt,8,,3,,,29,365,t,9,38,46,222,5,5,0,46,0,255,,4.6,4.8,4.8,5,4.8,4.6,4.8,t,60,60,0,0,0.74
1.35404E+18,N/A,0%,f,1,1,t,t,Allston,42.36514992,-71.11851532,Private room in rental unit,Private room,2,2,2,2,$62.00 ,91,91,t,18,48,78,353,0,0,0,88,0,0,0,,,,,,,,f,1,0,1,0,
1.35415E+18,98%,50%,f,602,1413,t,t,Brighton,42.34379316,-71.15183331,Private room in rental unit,Private room,1,,9,,,91,365,t,20,50,80,141,0,0,0,89,0,0,,,,,,,,,f,51,4,47,0,
1.35458E+18,84%,95%,f,60,97,t,t,Dorchester,42.32150723,-71.06183281,Private room in rental unit,Private room,2,1,1,1,$80.00 ,30,365,t,0,19,49,324,0,0,0,59,0,0,0,,,,,,,,f,58,18,40,0,
1.35462E+18,84%,95%,f,60,97,t,t,Dorchester,42.32329552,-71.06176734,Private room in rental unit,Private room,2,1,1,1,$72.00 ,30,365,t,0,19,49,324,0,0,0,59,0,0,0,,,,,,,,t,58,18,40,0,
1.35503E+18,100%,99%,f,1,1,t,t,Roslindale,42.2762662,-71.1341335,Entire rental unit,Entire home/apt,4,1,2,2,$169.00 ,2,365,t,16,36,64,332,32,32,3,74,0,192,32448,4.59,4.72,4.63,4.66,4.53,4.53,4.5,t,1,1,0,0,4.82
1.35525E+18,100%,92%,t,1,1,t,t,Jamaica Plain,42.299526,-71.112895,Entire rental unit,Entire home/apt,6,1,3,3,$202.00 ,2,30,t,10,27,37,189,28,28,5,37,0,168,33936,5,4.96,5,5,5,4.93,4.93,f,1,1,0,0,4.97
1.3554E+18,97%,96%,t,10,13,t,t,Dorchester,42.31539,-71.06217,Private room in rental unit,Private room,1,1,1,1,$63.00 ,91,365,t,0,24,54,274,0,0,0,64,0,0,0,,,,,,,,f,4,0,4,0,
1.35577E+18,100%,96%,f,5084,5865,t,t,South Boston Waterfront,42.3490262,-71.0446092,Entire rental unit,Entire home/apt,2,,1,,,31,1125,t,0,0,0,204,0,0,0,0,0,0,,,,,,,,,t,343,343,0,0,
1.35604E+18,100%,100%,t,23,33,t,t,Roxbury,42.32553382,-71.07972656,Entire home,Entire home/apt,6,2,3,3,$228.00 ,1,365,t,13,43,73,348,15,15,2,83,0,90,20520,4.87,4.73,4.87,4.93,4.87,4.53,4.6,t,1,1,0,0,3.26
1.3567E+18,100%,93%,,280,445,t,t,Beacon Hill,42.35925064,-71.06740486,Entire rental unit,Entire home/apt,2,1,2,2,$136.00 ,29,365,t,2,2,28,207,0,0,0,37,0,0,0,,,,,,,,f,115,52,63,0,
1.35738E+18,84%,95%,f,60,97,t,t,Dorchester,42.31764063,-71.06102566,Private room in rental unit,Private room,3,1,1,1,$78.00 ,30,365,t,30,60,90,365,1,1,1,100,0,60,4680,4,5,5,5,3,2,2,f,58,18,40,0,1
1.35808E+18,84%,95%,f,60,97,t,t,Brighton,42.33849796,-71.14763275,Private room in rental unit,Private room,2,,,,,30,365,t,0,14,44,318,0,0,0,53,0,0,,,,,,,,,f,58,18,40,0,
1.35816E+18,84%,95%,f,60,97,t,t,Brighton,42.33793906,-71.14806779,Private room in rental unit,Private room,2,,,,,30,365,t,0,14,44,318,0,0,0,53,0,0,,,,,,,,,f,58,18,40,0,
1.35826E+18,90%,60%,t,2,2,t,t,South End,42.34112,-71.08019,Entire rental unit,Entire home/apt,2,1,1,1,$225.00 ,30,180,t,23,53,83,357,0,0,0,92,0,0,0,,,,,,,,f,1,1,0,0,
1.35829E+18,100%,95%,,40,72,t,t,Roxbury,42.33738033,-71.08534631,Entire rental unit,Entire home/apt,4,2,2,2,$317.00 ,30,365,t,0,0,0,264,3,3,0,0,0,180,57060,5,5,5,5,5,5,5,f,14,14,0,0,0.57
1.35835E+18,100%,95%,,40,72,t,t,South End,42.34767353,-71.07229236,Entire rental unit,Entire home/apt,4,1.5,2,1,$317.00 ,30,365,t,0,4,34,43,5,5,0,43,0,255,80835,4.6,5,5,5,5,5,5,f,14,14,0,0,0.87
1.35838E+18,100%,95%,,40,72,t,t,Back Bay,42.34972,-71.07329,Entire rental unit,Entire home/apt,2,1,1,1,$317.00 ,30,365,t,13,18,48,57,0,0,0,57,0,0,0,,,,,,,,f,14,14,0,0,
1.35872E+18,100%,96%,f,5084,5865,t,t,Jamaica Plain,42.300862,-71.1118753,Entire rental unit,Entire home/apt,2,1,1,1,$222.00 ,31,1125,t,2,2,2,178,0,0,0,2,0,0,0,,,,,,,,t,343,343,0,0,
1.35906E+18,90%,10%,f,4,5,t,t,Charlestown,42.37299243,-71.0631399,Entire rental unit,Entire home/apt,3,1,1,1,$208.00 ,29,365,t,10,40,70,344,1,1,0,79,0,58,12064,5,5,5,5,5,5,5,f,1,1,0,0,0.19
1.36003E+18,100%,96%,f,5084,5865,t,t,Fenway,42.3451746,-71.0870626,Entire rental unit,Entire home/apt,2,1,1,1,$253.00 ,31,1125,t,0,0,0,116,0,0,0,0,0,0,0,,,,,,,,t,343,343,0,0,
1.36031E+18,87%,76%,f,102,193,t,t,Jamaica Plain,42.32834407,-71.11049864,Entire rental unit,Entire home/apt,8,2,3,5,$699.00 ,29,365,t,30,60,90,365,0,0,0,100,0,0,0,,,,,,,,f,72,72,0,0,
1.3604E+18,100%,100%,t,8,25,t,t,Dorchester,42.29942,-71.06949,Entire townhouse,Entire home/apt,15,2.5,5,7,$677.00 ,2,365,t,15,42,72,247,9,9,0,82,0,54,36558,4.89,4.89,5,5,5,4.89,4.89,t,7,7,0,0,1.27
1.36062E+18,100%,100%,f,1,1,t,t,Mattapan,42.27326,-71.10755,Tiny home,Entire home/apt,3,1,1,1,$112.00 ,29,90,t,30,60,90,270,1,1,0,100,0,58,6496,5,5,5,5,5,4,5,t,1,1,0,0,0.3
1.36129E+18,87%,76%,f,102,193,t,t,Jamaica Plain,42.32851,-71.11249,Entire rental unit,Entire home/apt,4,2,2,3,$599.00 ,29,365,t,30,60,90,365,3,3,0,100,0,174,104226,4.33,4.33,4.67,4,4,4.67,4,t,72,72,0,0,0.57
1.36172E+18,100%,96%,t,4,7,t,t,Roxbury,42.31193,-71.08899,Private room in home,Private room,1,1,1,1,$68.00 ,3,365,t,3,3,26,26,5,5,2,26,0,30,2040,4.6,4.8,4.6,5,5,4.6,4.8,f,4,0,4,0,0.78
1.36182E+18,100%,96%,t,4,7,t,t,Roxbury,42.31312,-71.08901,Private room in home,Private room,2,2,1,1,$84.00 ,3,365,t,0,0,0,0,8,8,3,0,0,48,4032,5,5,4.43,4.86,5,4.71,4.86,f,4,0,4,0,1.2
1.36255E+18,100%,94%,t,11,11,t,t,Brighton,42.36089802,-71.14381052,Entire rental unit,Entire home/apt,6,2,3,3,$381.00 ,2,365,t,15,41,71,333,36,36,5,75,0,216,82296,4.89,4.81,4.94,5,4.86,4.94,4.78,f,10,10,0,0,5.37
1.36342E+18,99%,98%,f,25,194,t,t,Dorchester,42.30958373,-71.05035039,Entire rental unit,Entire home/apt,4,1.5,2,2,$172.00 ,29,365,t,0,0,0,235,1,1,0,0,0,58,9976,1,4,5,1,2,5,1,f,60,60,0,0,0.22
1.36375E+18,100%,69%,f,1,4,t,t,East Boston,42.38181,-71.03408,Entire rental unit,Entire home/apt,6,,3,,,100,365,t,24,54,84,358,0,0,0,93,0,0,,,,,,,,,f,1,1,0,0,
1.36453E+18,90%,66%,f,10,21,t,t,Beacon Hill,42.357,-71.07268,Private room in rental unit,Private room,1,2,1,1,$117.00 ,29,100,t,23,53,83,101,1,1,1,92,0,58,6786,5,5,5,5,5,5,5,f,6,2,4,0,1
1.36531E+18,100%,93%,,280,445,t,t,Beacon Hill,42.35860907,-71.06803865,Entire rental unit,Entire home/apt,2,1,2,2,$131.00 ,29,365,t,0,6,36,196,0,0,0,45,0,0,0,,,,,,,,f,115,52,63,0,
1.36543E+18,100%,100%,,12,18,t,f,Dorchester,42.31830911,-71.05866072,Entire rental unit,Entire home/apt,8,1,3,4,$466.00 ,2,365,t,8,30,60,330,8,8,0,70,0,48,22368,5,5,5,5,5,5,4.88,f,9,9,0,0,1.25
1.36546E+18,100%,91%,t,6,8,t,t,Roslindale,42.28502153,-71.12887457,Private room in home,Private room,3,,,,,3,28,t,0,18,48,137,0,0,0,57,0,0,,,,,,,,,f,6,0,6,0,
1.36554E+18,100%,98%,t,50,57,t,t,South Boston,42.33068921,-71.0577341,Entire home,Entire home/apt,14,,5,,,29,365,t,12,19,20,62,4,4,0,23,0,232,,5,5,5,5,5,5,5,f,18,8,10,0,0.59
1.36629E+18,100%,99%,t,2,3,t,f,Jamaica Plain,42.32140612,-71.10942587,Private room in rental unit,Private room,1,1,1,1,$94.00 ,1,30,t,6,27,50,318,30,30,5,60,0,180,16920,4.9,4.93,4.93,4.97,4.97,4.83,4.9,f,2,0,2,0,5.7
1.36694E+18,87%,76%,f,102,193,t,t,Back Bay,42.34784122,-71.07943351,Entire rental unit,Entire home/apt,5,2,2,3,$449.00 ,29,365,t,30,60,90,341,2,2,0,99,0,116,52084,4.5,4.5,5,5,5,5,4.5,f,72,72,0,0,0.38
1.36776E+18,100%,93%,t,3,3,t,f,Brighton,42.34355021,-71.15038059,Entire rental unit,Entire home/apt,9,,4,,,3,365,t,16,27,54,143,0,0,0,63,0,0,,,,,,,,,f,3,3,0,0,
1.36843E+18,100%,100%,f,3,6,t,t,West Roxbury,42.2749,-71.14878,Entire rental unit,Entire home/apt,6,1,3,5,$199.00 ,1,365,t,16,41,64,336,23,23,4,74,0,138,27462,4.83,4.96,4.87,4.96,4.96,4.87,4.7,t,2,2,0,0,4.04
1.36907E+18,100%,95%,t,1,1,t,f,West Roxbury,42.29096887,-71.14430067,Entire home,Entire home/apt,5,1.5,3,3,$258.00 ,2,14,t,5,18,34,180,15,15,4,35,0,90,23220,4.93,4.87,4.93,5,5,5,5,f,1,1,0,0,2.63
1.37043E+18,100%,98%,t,50,57,t,t,North End,42.36614901,-71.05581377,Entire home,Entire home/apt,12,2,4,5,$941.00 ,29,365,t,30,60,90,365,7,7,0,100,0,255,239955,5,5,5,5,5,5,5,f,18,8,10,0,1.07
1.37081E+18,99%,98%,f,25,194,t,t,Downtown,42.35147,-71.06469,Entire rental unit,Entire home/apt,2,,,,,1,365,t,16,46,76,347,16,16,3,85,0,96,,4.56,4.75,4.69,4.63,4.56,4.88,4.56,t,60,60,0,0,2.57
1.37081E+18,99%,98%,f,25,194,t,t,Downtown,42.35178436,-71.0628233,Entire rental unit,Entire home/apt,4,,2,,,1,365,t,7,29,53,327,27,27,7,62,0,162,,4.85,4.93,4.81,4.93,4.96,4.78,4.67,t,60,60,0,0,4.07
1.37111E+18,99%,98%,f,25,194,t,t,Dorchester,42.31056115,-71.05227702,Entire rental unit,Entire home/apt,4,1.5,2,2,$150.00 ,29,365,t,10,10,10,202,4,4,0,10,0,232,34800,4.75,4.5,4.75,4.5,5,4.75,4.5,f,60,60,0,0,0.63
1.37173E+18,100%,100%,f,4,12,t,t,Jamaica Plain,42.3071755,-71.1046893,Entire rental unit,Entire home/apt,12,2,4,6,$418.00 ,30,1125,t,3,25,45,305,21,20,0,51,11,255,106590,4.95,4.86,4.76,4.86,4.86,4.67,5,t,4,4,0,0,1.69
1.37272E+18,94%,77%,,42,43,t,t,South End,42.34172,-71.07889,Entire rental unit,Entire home/apt,6,,3,,,30,365,t,0,0,0,0,0,0,0,0,0,0,,,,,,,,,f,2,2,0,0,
1.37275E+18,97%,99%,f,6,25,t,t,South End,42.3449322,-71.0641516,Entire rental unit,Entire home/apt,4,1,1,2,$769.00 ,29,29,t,22,45,75,338,0,0,0,84,0,0,0,,,,,,,,t,5,5,0,0,
1.37334E+18,87%,76%,f,102,193,t,t,Fenway,42.3464,-71.10127,Entire rental unit,Entire home/apt,6,,2,,,4,365,t,26,56,86,337,3,3,0,95,0,24,,5,5,5,5,5,5,5,f,72,72,0,0,0.47
1.37493E+18,93%,44%,f,2,3,t,f,Back Bay,42.3441748,-71.0810797,Private room in home,Private room,1,1,1,1,$186.00 ,2,365,t,7,7,7,213,4,4,2,7,0,24,4464,5,4.75,5,4.75,4.75,5,4.25,f,2,0,2,0,1.71
1.37563E+18,100%,100%,t,5,5,t,t,Allston,42.3534001,-71.1283549,Entire rental unit,Entire home/apt,4,1,2,2,$276.00 ,1,90,t,5,15,31,206,6,6,1,34,0,36,9936,5,5,5,5,5,4.33,4.67,f,5,5,0,0,1.78
1.37566E+18,100%,100%,t,14,23,t,t,Beacon Hill,42.35772,-71.07109,Entire rental unit,Entire home/apt,6,2,2,3,$628.00 ,1,365,t,3,18,41,269,10,10,1,44,0,60,37680,5,4.9,5,4.8,4.9,5,4.9,f,2,2,0,0,1.68
1.37568E+18,100%,100%,t,35,76,t,t,Jamaica Plain,42.31857644,-71.10666144,Entire rental unit,Entire home/apt,8,1,3,3,$289.00 ,1,365,t,7,25,52,320,17,17,2,55,0,102,29478,4.94,4.94,5,5,4.88,4.88,4.82,t,23,23,0,0,2.73
1.37624E+18,91%,92%,f,1,1,t,t,Back Bay,42.34618,-71.08082,Private room in rental unit,Private room,2,1,1,1,$123.00 ,2,365,t,1,3,16,70,26,26,1,16,0,156,19188,4.96,4.88,4.92,4.85,5,5,4.81,f,1,0,1,0,4.33
1.37629E+18,95%,91%,f,117,207,t,t,Back Bay,42.34773,-71.07364,Entire rental unit,Entire home/apt,6,,3,,,30,730,t,3,30,31,34,7,7,0,34,0,255,,4.71,4.71,5,4.86,5,4.86,4.71,f,33,33,0,0,1.11
1.37676E+18,100%,100%,,6,7,t,t,Back Bay,42.35257,-71.076,Entire rental unit,Entire home/apt,2,1,0,1,$291.00 ,1,365,t,9,37,67,290,26,26,3,76,0,156,45396,4.5,4.54,4.38,4.81,4.69,4.96,4.46,t,3,3,0,0,4.36
1.37978E+18,100%,100%,t,16,21,t,t,East Boston,42.3806525,-71.0381381,Entire rental unit,Entire home/apt,4,2,2,2,$285.00 ,29,365,t,9,34,62,337,12,12,0,72,0,255,72675,4.92,4.92,4.83,4.83,4.92,4.58,4.75,t,5,5,0,0,2.2
1.37996E+18,87%,76%,f,102,193,t,t,Dorchester,42.31464,-71.07147,Entire rental unit,Entire home/apt,4,2,2,2,$599.00 ,29,365,t,30,60,90,365,0,0,0,100,0,0,0,,,,,,,,f,72,72,0,0,
1.38045E+18,100%,100%,t,39,40,t,t,Brighton,42.3477,-71.14758,Entire rental unit,Entire home/apt,3,1,0,1,$154.00 ,29,365,t,0,29,59,334,23,23,4,69,0,255,39270,4.83,4.7,4.87,4.65,4.91,4.78,4.52,t,39,39,0,0,3.92
1.38087E+18,100%,95%,,40,72,t,t,Dorchester,42.3162,-71.06598,Entire rental unit,Entire home/apt,4,1,1,1,$167.00 ,30,365,t,0,0,5,280,0,0,0,15,0,0,0,,,,,,,,f,14,14,0,0,
1.38124E+18,100%,100%,t,5,5,t,t,Allston,42.3534001,-71.1283549,Entire rental unit,Entire home/apt,4,1,2,2,$216.00 ,1,90,t,5,15,31,202,3,3,0,34,0,18,3888,5,5,5,5,5,5,5,f,5,5,0,0,1.7
1.38139E+18,100%,100%,,12,18,t,f,Dorchester,42.28844,-71.05417,Entire rental unit,Entire home/apt,16,2,6,8,$403.00 ,2,365,t,14,42,70,336,12,12,4,80,0,72,29016,4.67,4.67,4.58,4.92,4.67,4.92,4.67,f,9,9,0,0,2.2
1.38148E+18,100%,100%,t,39,40,t,t,Brighton,42.34554961,-71.14783082,Entire rental unit,Entire home/apt,3,1,0,1,$201.00 ,29,365,t,19,49,79,342,25,25,4,88,0,255,51255,4.84,4.92,4.96,4.56,4.84,4.92,4.84,t,39,39,0,0,4.14
1.38221E+18,100%,100%,t,39,40,t,t,Brighton,42.34709956,-71.14559933,Entire rental unit,Entire home/apt,6,2,2,2,$184.00 ,1,365,t,17,45,75,346,23,23,4,85,0,138,25392,4.78,4.77,4.95,4.36,4.77,4.68,4.59,t,39,39,0,0,3.88
1.38222E+18,100%,100%,t,39,40,t,t,Brighton,42.34751,-71.14764,Entire rental unit,Entire home/apt,4,1,2,2,$250.00 ,29,365,t,20,50,80,355,21,21,1,90,0,255,63750,4.86,4.81,4.95,4.67,4.71,4.86,4.86,t,39,39,0,0,3.84
1.38222E+18,100%,100%,t,39,40,t,t,Brighton,42.34713254,-71.14795989,Entire rental unit,Entire home/apt,6,2,2,2,$248.00 ,29,365,t,21,49,71,338,25,25,4,81,0,255,63240,4.76,4.84,4.96,4.44,4.84,4.8,4.68,t,39,39,0,0,4.36
1.38223E+18,100%,100%,t,39,40,t,t,Brighton,42.34778573,-71.14570009,Entire rental unit,Entire home/apt,4,1,1,1,$218.00 ,29,365,t,17,47,77,352,18,18,3,87,0,255,55590,4.56,4.72,4.94,4.39,4.78,4.67,4.5,t,39,39,0,0,3.05
1.38223E+18,100%,100%,t,39,40,t,t,Brighton,42.34631094,-71.14760081,Entire rental unit,Entire home/apt,4,1,1,1,$167.00 ,1,365,t,10,40,70,345,16,16,2,80,0,96,16032,4.69,4.56,4.88,4.56,4.81,4.81,4.69,t,39,39,0,0,2.79
1.38289E+18,99%,98%,f,25,194,t,t,South End,42.33596146,-71.0691691,Entire rental unit,Entire home/apt,4,,2,,,1,365,t,14,42,72,343,22,22,4,81,0,132,,4.86,4.68,4.82,4.95,4.91,4.55,4.64,t,60,60,0,0,4.55
1.38291E+18,99%,98%,f,25,194,t,t,South End,42.33809852,-71.06910347,Entire rental unit,Entire home/apt,4,,2,,,1,365,t,15,15,21,295,23,23,5,30,0,138,,4.7,4.7,4.74,4.65,4.7,4.35,4.57,f,60,60,0,0,4.11
1.38292E+18,99%,98%,f,25,194,t,t,South End,42.33818,-71.06817,Entire rental unit,Entire home/apt,6,,2,,,1,365,t,16,43,64,338,48,48,8,73,0,255,,4.67,4.73,4.73,4.88,4.73,4.58,4.65,f,60,60,0,0,8.42
1.38343E+18,100%,97%,t,5,5,t,t,West Roxbury,42.27979983,-71.1603979,Private room in home,Private room,1,2,1,1,$60.00 ,91,365,t,30,60,90,365,1,1,1,100,0,182,10920,5,5,5,5,5,5,5,t,5,1,4,0,1
1.38418E+18,100%,62%,f,184,251,t,t,Fenway,42.3429115,-71.0990346,Entire rental unit,Entire home/apt,3,1,1,1,$277.00 ,9,730,t,2,32,62,337,1,1,0,71,0,18,4986,5,5,4,5,4,5,4,f,55,55,0,0,0.24
1.38471E+18,100%,100%,t,6,6,t,t,East Boston,42.3814113,-71.0229951,Private room in rental unit,Private room,1,1,1,2,$95.00 ,29,365,t,27,57,87,98,7,7,0,96,0,255,24225,5,4.86,5,5,5,4.86,5,f,4,0,4,0,1.3
1.38481E+18,100%,100%,f,18,163,t,t,South End,42.34140624,-71.07856347,Entire rental unit,Entire home/apt,2,1,1,1,$243.00 ,1,14,t,10,38,68,338,0,0,0,77,0,0,0,,,,,,,,t,18,18,0,0,
1.38491E+18,100%,94%,t,2,2,t,t,Jamaica Plain,42.32024719,-71.1036732,Entire rental unit,Entire home/apt,6,1,3,3,$289.00 ,3,365,t,7,28,52,177,7,7,1,61,0,42,12138,4.86,4.86,4.86,5,5,4.57,4.43,f,1,1,0,0,1.54
1.38583E+18,100%,100%,f,1,1,t,f,Dorchester,42.30316,-71.07541,Entire home,Entire home/apt,7,,4,,,2,12,t,3,17,31,82,0,0,0,34,0,0,,,,,,,,,f,1,1,0,0,
1.3865E+18,100%,100%,,12,18,t,f,Dorchester,42.31385584,-71.05586602,Entire rental unit,Entire home/apt,8,2,3,4,$455.00 ,2,365,t,16,42,72,339,12,12,2,81,0,72,32760,4.67,4.67,4.83,4.92,4.5,4.67,4.58,f,9,9,0,0,2.47
1.38654E+18,100%,97%,f,26,38,t,t,East Boston,42.38619028,-71.00521668,Entire rental unit,Entire home/apt,8,,2,,,1,365,t,10,27,41,231,15,15,2,41,0,90,,4.93,4.93,5,4.67,5,4.8,5,t,10,10,0,0,2.65
1.38685E+18,100%,100%,t,7,34,t,t,Dorchester,42.3030644,-71.0561584,Entire rental unit,Entire home/apt,14,2,4,8,$303.00 ,1,365,t,14,38,63,330,23,23,3,73,0,138,41814,4.78,4.78,4.96,5,5,4.22,4.83,t,4,4,0,0,4.39
1.38695E+18,100%,97%,f,26,38,t,t,Downtown,42.35141,-71.06476,Entire rental unit,Entire home/apt,4,,2,,,1,365,t,17,44,74,348,17,17,7,83,0,102,,4.35,4.47,4.59,4.47,4.53,4.59,4.18,t,10,10,0,0,3.19
1.38709E+18,100%,97%,f,26,38,t,t,Downtown,42.35086,-71.06506,Entire rental unit,Entire home/apt,2,,1,,,1,365,t,2,27,47,317,15,15,4,56,0,90,,4.93,5,5,4.93,4.93,4.93,4.8,t,10,10,0,0,2.63
1.38721E+18,99%,99%,f,15,22,t,t,North End,42.3685526,-71.0553107,Entire rental unit,Entire home/apt,7,1,3,4,$311.00 ,2,365,t,16,39,69,316,16,16,2,74,0,96,29856,4.31,4.2,4.33,4.87,4.6,4.8,4.27,f,10,10,0,0,2.96
1.3877E+18,100%,97%,f,26,38,t,t,Downtown,42.35206663,-71.06526229,Entire rental unit,Entire home/apt,4,,1,,,1,365,t,16,46,76,346,46,46,10,85,0,255,,4.63,4.67,4.67,4.93,4.91,4.96,4.59,t,10,10,0,0,9.14
1.38836E+18,100%,77%,t,2,2,t,t,South End,42.34198934,-71.0701558,Entire rental unit,Entire home/apt,4,1,2,2,$398.00 ,2,14,t,26,56,86,360,0,0,0,95,0,0,0,,,,,,,,f,1,1,0,0,
1.38849E+18,100%,97%,f,26,38,t,t,Downtown,42.35132061,-71.06333868,Entire rental unit,Entire home/apt,4,,2,,,1,365,t,5,22,52,321,15,15,2,61,0,90,,4.73,4.73,4.67,4.6,4.93,5,4.67,t,10,10,0,0,2.98
1.38869E+18,100%,100%,t,3,3,t,t,Dorchester,42.30878423,-71.07076696,Private room in home,Private room,3,1,1,2,$86.00 ,2,365,t,15,39,69,338,13,13,4,79,0,78,6708,4.85,4.92,4.92,4.85,5,4.62,4.77,t,3,0,3,0,2.48
1.3887E+18,100%,100%,t,3,3,t,t,Dorchester,42.30921,-71.07106,Private room in home,Private room,5,1,1,2,$98.00 ,2,365,t,11,32,62,334,20,20,5,72,0,120,11760,4.85,4.85,4.85,4.85,4.95,4.5,4.6,f,3,0,3,0,3.82
1.38872E+18,100%,100%,t,1,1,t,t,Jamaica Plain,42.316246,-71.11247285,Entire home,Entire home/apt,5,1,2,2,$311.00 ,1,365,t,8,27,34,208,19,19,3,41,0,114,35454,5,4.95,5,4.95,5,5,4.74,f,1,1,0,0,3.43
1.38881E+18,87%,76%,f,102,193,t,t,South End,42.34634124,-71.06405168,Entire rental unit,Entire home/apt,5,2,2,3,$371.00 ,4,365,t,22,52,78,353,7,7,0,87,0,56,20776,4.14,4.71,3.57,3.29,4.14,4.71,4.14,f,72,72,0,0,1.52
1.38977E+18,100%,96%,f,5084,5865,t,t,South Boston Waterfront,42.3490612,-71.0447136,Entire rental unit,Entire home/apt,2,1,0,1,$278.00 ,31,1125,t,0,4,34,309,0,0,0,43,0,0,0,,,,,,,,t,343,343,0,0,
1.38986E+18,100%,100%,f,4,12,t,t,Dorchester,42.3155339,-71.0561512,Entire home,Entire home/apt,16,3,6,11,"$1,087.00 ",30,1125,t,11,25,49,319,11,11,4,55,0,255,277185,5,5,5,5,5,4.91,4.91,t,4,4,0,0,2.84
1.38999E+18,94%,91%,f,3,3,t,t,Roxbury,42.31455,-71.07509,Private room in home,Private room,2,3,1,1,$58.00 ,1,365,t,15,23,51,51,6,6,0,51,0,36,2088,4,4.17,4,4.67,4.33,4.17,4,f,3,0,3,0,1.2
1.39001E+18,100%,99%,t,2,3,t,t,Dorchester,42.29599956,-71.06497209,Private room in home,Private room,1,1,1,1,$95.00 ,2,5,t,12,27,27,202,8,8,5,27,0,48,4560,5,5,5,5,5,5,4.75,f,2,0,2,0,2.58
1.39052E+18,100%,96%,f,5084,5865,t,t,South Boston Waterfront,42.3490612,-71.0447136,Entire rental unit,Entire home/apt,2,1,0,1,$279.00 ,31,1125,t,0,0,0,146,0,0,0,0,0,0,0,,,,,,,,t,343,343,0,0,
1.39077E+18,99%,98%,f,25,194,t,t,Downtown,42.3529948,-71.06312251,Entire rental unit,Entire home/apt,3,,1,,,1,365,t,14,44,74,348,28,28,5,83,0,168,,4.21,4.04,4.25,4.29,4.43,4.5,4,t,60,60,0,0,5.25
1.39187E+18,100%,96%,f,5084,5865,t,t,South Boston,42.3381128,-71.0484652,Entire rental unit,Entire home/apt,4,2,2,2,$284.00 ,31,1125,t,0,0,0,91,0,0,0,0,0,0,0,,,,,,,,t,343,343,0,0,
1.39279E+18,100%,98%,t,50,57,t,t,North End,42.36645,-71.05573,Entire rental unit,Entire home/apt,12,2,4,5,$740.00 ,29,365,t,30,60,90,365,2,2,0,100,0,116,85840,5,5,5,5,5,5,5,f,18,8,10,0,0.36
1.39282E+18,100%,100%,f,1,1,t,t,Jamaica Plain,42.31128703,-71.10037724,Entire rental unit,Entire home/apt,6,1,2,3,$205.00 ,1,20,t,0,0,1,159,4,4,1,7,0,24,4920,5,5,5,5,4.75,5,5,f,1,1,0,0,0.99
1.393E+18,100%,97%,f,26,38,t,t,Downtown,42.35127,-71.0643,Entire rental unit,Entire home/apt,3,,1,,,1,365,t,9,39,69,343,14,14,0,78,0,84,,4.71,4.79,4.57,4.71,4.93,4.93,4.5,t,10,10,0,0,2.5
1.39375E+18,99%,98%,f,25,194,t,t,Downtown,42.35141,-71.06459,Entire rental unit,Entire home/apt,5,,2,,,1,365,t,8,37,67,341,52,52,16,76,0,255,,4.38,4.49,4.51,4.67,4.78,4.76,4.41,t,60,60,0,0,9.29
1.39376E+18,99%,98%,f,25,194,t,t,Downtown,42.35351756,-71.06300392,Entire rental unit,Entire home/apt,3,,1,,,1,365,t,11,35,65,335,5,5,0,74,0,30,,3.4,3.4,3.8,3.8,3.2,4.2,3.2,t,60,60,0,0,1.23
1.39414E+18,98%,50%,f,602,1413,t,t,Brighton,42.34149,-71.1521,Private room in rental unit,Private room,1,,5,,,31,365,t,0,22,52,113,0,0,0,61,0,0,,,,,,,,,f,51,4,47,0,
1.39415E+18,100%,100%,t,2,5,t,t,Dorchester,42.29238077,-71.06725984,Entire rental unit,Entire home/apt,13,2,3,8,$255.00 ,1,28,t,6,25,52,262,9,9,3,53,0,54,13770,4.89,5,5,5,5,4.67,4.78,t,2,2,0,0,2.01
1.39425E+18,98%,50%,f,602,1413,t,t,Brighton,42.34016,-71.15423,Private room in rental unit,Private room,1,0,5,1,$44.00 ,31,365,t,0,22,52,113,1,1,0,61,0,62,2728,5,5,5,5,5,5,5,f,51,4,47,0,0.55
1.39591E+18,100%,N/A,f,1,1,f,f,Hyde Park,42.2542421,-71.121259,Private room in home,Private room,3,1,2,2,$280.00 ,1,365,t,30,60,90,365,0,0,0,100,0,0,0,,,,,,,,f,1,0,1,0,
1.39658E+18,100%,100%,f,3,3,t,t,East Boston,42.36593933,-71.03729216,Entire rental unit,Entire home/apt,2,1,1,2,$297.00 ,2,90,t,9,26,46,123,17,17,4,46,0,102,30294,5,5,5,5,5,5,5,f,3,3,0,0,3.86
1.39867E+18,100%,97%,f,26,38,t,t,Downtown,42.35116323,-71.06498436,Entire rental unit,Entire home/apt,2,,,,,1,365,t,7,36,44,307,17,17,6,45,0,102,,4.59,4.59,4.65,4.82,4.88,4.53,4.59,t,10,10,0,0,3.4
1.3987E+18,100%,97%,f,26,38,t,t,Dorchester,42.31141385,-71.05072432,Entire rental unit,Entire home/apt,4,1.5,2,2,$145.00 ,1,365,t,12,21,21,296,31,31,3,31,0,186,26970,4.52,4.55,4.71,4.55,4.65,4.74,4.35,f,10,10,0,0,6.46
1.39885E+18,100%,100%,t,8,25,t,t,Dorchester,42.29936328,-71.06880777,Entire townhouse,Entire home/apt,16,2,5,8,$557.00 ,2,365,t,15,42,72,251,7,7,0,81,0,42,23394,4.86,4.86,5,4.86,5,4.14,4.71,t,7,7,0,0,1.56
1.39943E+18,100%,100%,t,10,37,t,t,Jamaica Plain,42.2941351,-71.1170857,Entire condo,Entire home/apt,12,,5,,,10,1125,t,9,32,57,332,17,17,2,66,0,255,,5,5,5,5,4.88,4.65,4.94,t,5,5,0,0,3.89
1.39994E+18,100%,96%,f,5084,5865,t,t,Back Bay,42.3444878,-71.0823684,Entire rental unit,Entire home/apt,4,2,2,2,$423.00 ,31,1125,t,0,0,1,276,0,0,0,10,0,0,0,,,,,,,,t,343,343,0,0,
1.40011E+18,100%,100%,f,4,12,t,t,Dorchester,42.3155339,-71.0561512,Entire condo,Entire home/apt,16,3,6,8,$724.00 ,1,1125,t,25,53,79,354,18,18,3,89,0,108,78192,5,4.89,4.89,5,5,4.78,4.89,t,4,4,0,0,3.78
1.40014E+18,100%,100%,f,18,163,t,t,South End,42.34272986,-71.07924289,Entire rental unit,Entire home/apt,2,1,1,1,$231.00 ,1,14,t,7,19,40,307,4,4,0,49,0,24,5544,5,5,4.75,5,4.75,4.75,4.75,t,18,18,0,0,1.26
1.40017E+18,99%,98%,f,20,22,t,t,Bay Village,42.348286,-71.069664,Private room in rental unit,Private room,3,1,0,2,$167.00 ,3,500,t,10,29,59,264,1,1,0,68,0,6,1002,5,5,4,5,4,3,3,f,20,5,15,0,0.2
1.40017E+18,99%,98%,f,20,22,t,t,Bay Village,42.348419,-71.069839,Private room in rental unit,Private room,2,1,1,1,$144.00 ,29,500,t,11,38,68,277,3,3,0,77,0,174,25056,3,2.33,3.33,5,4.67,4.33,3.33,f,20,5,15,0,0.62
1.40017E+18,99%,98%,f,20,22,t,t,Bay Village,42.3483657,-71.0698862,Entire rental unit,Entire home/apt,2,1,1,1,$189.00 ,3,1125,t,11,39,69,334,4,4,0,78,0,24,4536,3.5,3.5,3.5,5,4.5,3,3.5,f,20,5,15,0,0.79
1.40017E+18,99%,98%,f,20,22,t,t,Bay Village,42.3483657,-71.0698862,Private room in rental unit,Private room,1,1,1,1,$105.00 ,3,363,t,10,25,48,257,6,6,1,57,0,36,3780,3.83,3.67,4,4.67,4.67,4.67,3.33,f,20,5,15,0,1.15
1.40017E+18,99%,98%,f,20,22,t,t,Bay Village,42.3485831,-71.0696013,Entire rental unit,Entire home/apt,2,1,1,1,$216.00 ,3,330,t,7,16,46,318,5,5,1,55,0,30,6480,4.8,4.8,5,4.8,4.8,5,4.8,f,20,5,15,0,1.38
1.4008E+18,99%,98%,f,25,194,t,t,Downtown,42.35087,-71.06393,Entire rental unit,Entire home/apt,2,,1,,,1,365,t,15,45,75,333,18,18,2,84,0,108,,4.33,4.5,4.56,4.67,4.83,5,4.22,t,60,60,0,0,3.7
1.4008E+18,99%,98%,f,25,194,t,t,Downtown,42.35286328,-71.06324884,Entire rental unit,Entire home/apt,3,,,,,1,365,t,10,34,64,297,23,23,7,73,0,138,,4.48,4.3,4.61,4.78,4.87,4.74,4.52,t,60,60,0,0,4.48
1.40087E+18,N/A,100%,f,1,2,f,t,South End,42.3442783,-71.06435086,Entire rental unit,Entire home/apt,6,,2,,,29,365,t,0,0,0,0,2,2,0,0,0,116,,3.5,5,4.5,3,3.5,4.5,3.5,f,1,1,0,0,0.43
1.40101E+18,100%,93%,t,10,11,t,t,Dorchester,42.31233859,-71.07255325,Entire rental unit,Entire home/apt,4,,2,,,91,365,t,0,0,11,58,1,1,1,20,0,182,,5,5,5,5,5,5,5,t,6,6,0,0,1
1.40108E+18,100%,100%,t,6,18,t,f,Mission Hill,42.33211,-71.10202,Private room in rental unit,Private room,2,,,,,5,365,t,0,0,0,0,2,2,0,0,0,20,,5,4.5,5,5,5,5,5,f,4,3,1,0,0.47
1.40178E+18,99%,98%,f,25,194,t,t,Downtown,42.35090392,-71.0640723,Entire rental unit,Entire home/apt,2,,1,,,1,365,t,7,34,64,335,18,18,5,73,0,108,,4.5,4.61,4.83,4.83,4.89,4.89,4.5,t,60,60,0,0,3.51
1.40218E+18,100%,100%,t,39,40,t,t,Brighton,42.34878376,-71.14446431,Entire rental unit,Entire home/apt,3,1,0,1,$163.00 ,1,365,t,19,49,79,350,19,19,3,88,0,114,18582,4.79,4.89,4.95,4.68,4.68,4.89,4.68,t,39,39,0,0,3.65
1.40229E+18,100%,100%,t,39,40,t,t,Brighton,42.34803786,-71.14421629,Entire rental unit,Entire home/apt,4,1,1,1,$195.00 ,1,365,t,10,40,70,345,15,15,0,80,0,90,17550,4.8,5,5,4.67,4.87,4.73,4.73,t,39,39,0,0,2.9
1.4024E+18,100%,100%,t,32,32,t,t,Fenway,42.34165,-71.09811,Entire rental unit,Entire home/apt,2,,,,,2,365,t,0,27,57,309,22,22,4,66,0,132,,4.95,4.91,4.95,5,5,4.95,4.91,f,30,28,2,0,4.58
1.40251E+18,100%,100%,t,39,40,t,t,Brighton,42.34736,-71.14403,Entire rental unit,Entire home/apt,4,1,1,1,$197.00 ,29,365,t,7,22,52,327,22,22,3,62,0,255,50235,4.77,4.82,4.86,4.41,4.77,4.68,4.64,t,39,39,0,0,4.29
1.40253E+18,100%,100%,t,39,40,t,t,Brighton,42.346,-71.146,Entire rental unit,Entire home/apt,4,1,1,2,$197.00 ,1,365,t,10,40,64,338,21,21,1,73,0,126,24822,4.95,4.76,5,4.76,5,4.86,4.71,t,39,39,0,0,4.04
1.4031E+18,33%,28%,f,33,75,t,t,Back Bay,42.34714,-71.0808,Entire rental unit,Entire home/apt,5,2,2,3,$599.00 ,29,365,t,30,60,90,364,1,1,0,99,0,58,34742,3,4,3,4,3,5,2,f,16,16,0,0,0.24
1.40312E+18,100%,98%,t,4,6,t,t,South Boston,42.33089,-71.04161,Entire rental unit,Entire home/apt,2,1,1,1,$175.00 ,1,365,t,3,3,3,3,3,3,1,3,0,18,3150,5,5,5,5,5,4.67,4.33,f,4,2,2,0,0.63
1.40314E+18,100%,99%,t,3,3,t,t,Dorchester,42.3010786,-71.0837905,Entire rental unit,Entire home/apt,5,1,2,3,$216.00 ,1,365,t,9,27,56,308,28,28,6,61,0,168,36288,5,4.96,5,5,5,4.41,4.85,f,3,3,0,0,5.45
1.40325E+18,100%,100%,,12,18,t,f,Dorchester,42.31448491,-71.05817219,Entire rental unit,Entire home/apt,16,2,5,9,$574.00 ,2,365,t,12,35,60,298,17,17,6,61,0,102,58548,4.88,4.82,5,4.82,5,4.76,4.88,f,9,9,0,0,3.7
1.40398E+18,100%,92%,t,3,5,t,t,East Boston,42.37229922,-71.04379117,Entire rental unit,Entire home/apt,4,1,1,2,"$7,500.00 ",1,1125,t,23,51,81,261,11,11,3,91,0,66,495000,4.91,5,4.64,5,5,4.91,4.91,t,1,1,0,0,3
1.4054E+18,90%,95%,f,2,3,t,t,Mattapan,42.2760043,-71.0956136,Private room in rental unit,Private room,2,1,1,1,$94.00 ,1,365,t,20,46,76,256,1,1,1,86,0,6,564,5,5,5,4,4,4,5,f,1,0,1,0,1
1.40605E+18,100%,96%,f,1,1,t,f,South End,42.34324,-71.07814,Entire condo,Entire home/apt,4,1,2,2,$432.00 ,2,300,t,7,13,33,285,22,22,4,42,0,132,57024,5,5,5,5,5,5,4.95,f,1,1,0,0,4.55
1.40611E+18,87%,76%,f,102,193,t,t,South Boston Waterfront,42.34976809,-71.04559883,Entire rental unit,Entire home/apt,6,2,3,5,$449.00 ,29,365,t,30,60,90,341,0,0,0,100,0,0,0,,,,,,,,f,72,72,0,0,
1.40663E+18,N/A,N/A,f,1,3,f,t,Charlestown,42.3727446,-71.0612862,Entire rental unit,Entire home/apt,3,1,2,3,$280.00 ,91,365,,28,58,88,268,0,0,0,98,0,0,0,,,,,,,,f,1,1,0,0,
1.40809E+18,100%,100%,f,6,7,t,t,Allston,42.35082,-71.13449,Private room in home,Private room,2,,,,,29,365,t,30,60,90,365,1,1,0,99,0,58,,4,5,5,3,4,4,3,t,1,0,1,0,0.26
1.40889E+18,99%,98%,f,25,194,t,t,Downtown,42.35255,-71.06326,Entire rental unit,Entire home/apt,5,,2,,,1,365,t,5,16,46,316,16,16,7,55,0,96,,4.44,4.44,4.5,4.44,4.5,4.63,4.38,t,60,60,0,0,3.56
1.40889E+18,99%,98%,f,25,194,t,t,Downtown,42.35083,-71.06392,Entire rental unit,Entire home/apt,4,,2,,,1,365,t,0,0,2,272,9,9,2,11,0,54,,4.56,4.89,4.67,4.89,4.89,4.89,4.56,t,60,60,0,0,2.23
1.40937E+18,90%,66%,f,10,21,t,t,Beacon Hill,42.35683,-71.07134,Private room in rental unit,Private room,1,1,1,1,$120.00 ,29,365,t,30,60,89,89,0,0,0,89,0,0,0,,,,,,,,f,6,2,4,0,
1.40937E+18,100%,100%,f,1,2,t,t,Dorchester,42.30823936,-71.05957547,Entire rental unit,Entire home/apt,11,2,4,5,$337.00 ,2,365,t,12,35,63,227,16,16,4,72,0,96,32352,4.81,4.75,4.69,5,4.94,4.81,4.69,t,1,1,0,0,4.21
1.40952E+18,67%,N/A,f,2,2,f,f,Roxbury,42.3265349,-71.0906552,Entire rental unit,Entire home/apt,6,2,3,3,$200.00 ,91,365,t,30,60,90,365,0,0,0,100,0,0,0,,,,,,,,f,2,1,1,0,
1.41038E+18,100%,94%,t,1,1,t,t,West Roxbury,42.29348106,-71.16241443,Entire home,Entire home/apt,6,1,3,3,$315.00 ,2,27,t,0,0,21,193,16,16,0,24,0,96,30240,5,5,5,5,5,4.94,4.94,f,1,1,0,0,3.29
1.4104E+18,67%,N/A,f,2,2,f,f,Roxbury,42.32579,-71.0899,Private room in home,Private room,2,1,1,1,$150.00 ,91,365,t,30,60,90,365,0,0,0,100,0,0,0,,,,,,,,f,2,1,1,0,
1.4104E+18,100%,100%,f,3,3,t,t,East Boston,42.3660186,-71.0371205,Entire rental unit,Entire home/apt,2,1,1,2,$255.00 ,2,90,t,10,27,53,126,22,22,5,53,0,132,33660,5,4.95,5,4.95,5,4.95,4.86,f,3,3,0,0,6.06
1.4106E+18,90%,94%,f,13,13,t,t,Dorchester,42.31924,-71.05547,Private room in rental unit,Private room,3,1,2,1,$119.00 ,29,180,t,11,40,70,345,0,0,0,80,0,0,0,,,,,,,,f,13,0,13,0,
1.4106E+18,90%,94%,f,13,13,t,t,Dorchester,42.31752,-71.05573,Private room in rental unit,Private room,3,2,3,1,$119.00 ,29,365,t,12,40,70,345,0,0,0,80,0,0,0,,,,,,,,f,13,0,13,0,
1.41093E+18,50%,0%,f,1,1,t,t,Back Bay,42.35254,-71.08428,Entire rental unit,Entire home/apt,2,1,1,1,$170.00 ,91,95,t,30,60,90,364,0,0,0,99,0,0,0,,,,,,,,f,1,1,0,0,
1.41118E+18,100%,100%,t,2,2,t,t,East Boston,42.37247613,-71.03613608,Entire rental unit,Entire home/apt,6,1,3,3,$224.00 ,1,365,t,12,33,61,333,59,59,15,71,0,255,57120,4.8,4.75,4.9,4.83,4.97,4.61,4.73,t,2,2,0,0,13.21
1.41119E+18,100%,100%,t,35,76,t,t,Brighton,42.3357039,-71.15184623,Entire rental unit,Entire home/apt,6,1,3,3,$188.00 ,1,365,t,16,40,70,345,12,12,0,80,0,72,13536,4.33,4.5,4.17,4.67,4.58,4.67,4.08,f,23,23,0,0,2.98
1.41146E+18,100%,100%,f,4,4,t,t,Brighton,42.33630115,-71.14898818,Private room in rental unit,Private room,1,1,1,1,$50.00 ,28,365,t,0,0,7,166,1,1,0,16,0,56,2800,4,5,4,5,5,5,5,f,2,0,2,0,0.63
1.41163E+18,N/A,N/A,f,1,1,t,t,South Boston,42.3377625,-71.045768,Entire condo,Entire home/apt,3,1,0,1,$124.00 ,91,365,t,7,37,67,342,0,0,0,77,0,0,0,,,,,,,,f,1,1,0,0,
1.41198E+18,100%,100%,f,1,1,t,t,Beacon Hill,42.35897399,-71.06983957,Entire condo,Entire home/apt,2,1,0,1,$208.00 ,2,365,t,3,14,44,215,24,24,5,53,0,144,29952,4.75,4.75,4.79,4.83,4.75,4.96,4.79,t,1,1,0,0,5.63
1.41251E+18,100%,N/A,f,1,1,t,f,East Boston,42.37825,-71.04027,Private room in rental unit,Private room,1,1,1,1,$80.00 ,91,365,t,30,60,90,364,0,0,0,99,0,0,0,,,,,,,,f,1,0,1,0,
1.41275E+18,90%,94%,f,13,13,t,t,Dorchester,42.31928,-71.05438,Private room in rental unit,Private room,3,2,1,1,$119.00 ,29,365,t,11,41,71,346,0,0,0,81,0,0,0,,,,,,,,f,13,0,13,0,
1.41376E+18,100%,100%,t,22,75,t,f,Back Bay,42.34962,-71.08499,Entire rental unit,Entire home/apt,7,2,3,3,$794.00 ,4,365,t,26,56,81,250,1,1,0,90,0,8,6352,5,5,5,5,5,5,5,t,18,18,0,0,0.42
1.41377E+18,100%,100%,t,22,75,t,f,Back Bay,42.34769611,-71.08307404,Entire rental unit,Entire home/apt,5,2,2,2,$523.00 ,4,365,t,13,43,73,198,6,6,1,82,0,48,25104,5,5,5,5,5,5,4.67,t,18,18,0,0,1.64
1.41378E+18,100%,100%,t,22,75,t,f,Back Bay,42.3507,-71.08909,Entire rental unit,Entire home/apt,3,1,1,1,$290.00 ,4,365,t,8,29,59,127,6,6,1,68,0,48,13920,4.83,5,5,5,5,5,4.83,t,18,18,0,0,1.7
1.41378E+18,100%,100%,t,22,75,t,f,North End,42.36706,-71.05303,Entire rental unit,Entire home/apt,6,1.5,3,3,$567.00 ,4,365,t,8,33,59,239,7,7,0,69,0,56,31752,5,5,5,5,5,5,4.71,t,18,18,0,0,1.75
1.41379E+18,100%,100%,t,22,75,t,f,North End,42.36585,-71.0545,Entire rental unit,Entire home/apt,6,1,3,3,$551.00 ,4,365,t,6,36,66,107,10,10,2,76,0,80,44080,5,5,4.9,5,5,5,4.9,t,18,18,0,0,2.78
1.41394E+18,87%,76%,f,102,193,t,t,Downtown,42.35214538,-71.06431921,Entire rental unit,Entire home/apt,6,2,2,5,$725.00 ,29,365,t,30,60,90,365,2,2,0,99,0,116,84100,5,5,5,4.5,5,5,5,t,72,72,0,0,0.59
1.41403E+18,100%,60%,f,1,2,t,t,East Boston,42.39184402,-71.00589671,Entire home,Entire home/apt,7,1,3,4,$168.00 ,29,210,t,24,54,84,359,2,2,0,94,0,116,19488,5,5,5,5,5,5,5,f,1,1,0,0,0.7
1.41405E+18,100%,100%,t,6,11,t,t,Back Bay,42.34452092,-71.08345018,Entire rental unit,Entire home/apt,3,1,0,2,$235.00 ,1,365,t,16,39,62,314,19,19,4,71,0,114,26790,4.89,4.79,4.84,4.89,4.89,4.95,4.74,t,6,6,0,0,4.6
1.41409E+18,100%,100%,t,6,11,t,t,Back Bay,42.34395999,-71.08196405,Entire rental unit,Entire home/apt,2,1,0,1,$247.00 ,1,365,t,18,48,78,330,18,18,7,87,0,108,26676,4.78,4.78,4.72,4.83,5,4.89,4.61,t,6,6,0,0,5
1.41411E+18,100%,100%,t,6,11,t,t,Back Bay,42.34443855,-71.08356666,Entire rental unit,Entire home/apt,2,1,0,1,$241.00 ,1,365,t,26,56,86,338,13,13,3,95,0,78,18798,4.54,4.38,4.54,4.92,4.77,4.85,4.31,t,6,6,0,0,3.05
1.41413E+18,100%,100%,t,6,11,t,t,Back Bay,42.34437783,-71.08183973,Entire rental unit,Entire home/apt,2,1,0,2,$200.00 ,1,365,t,14,36,66,318,20,20,4,75,0,120,24000,4.75,4.9,4.8,5,5,5,4.65,t,6,6,0,0,4.55
1.41415E+18,100%,100%,t,6,11,t,t,Back Bay,42.34250869,-71.08211158,Entire rental unit,Entire home/apt,3,1,1,2,$301.00 ,1,365,t,24,54,84,336,17,17,4,93,0,102,30702,4.82,4.76,4.82,5,5,5,4.65,t,6,6,0,0,4.55
1.41416E+18,100%,100%,t,6,11,t,t,Back Bay,42.34315341,-71.08382851,Entire rental unit,Entire home/apt,2,1,0,1,$305.00 ,1,365,t,16,44,74,326,11,11,5,83,0,66,20130,5,5,5,5,5,5,4.82,t,6,6,0,0,3
1.41447E+18,96%,100%,t,5,6,t,t,Back Bay,42.35109,-71.08897,Entire rental unit,Entire home/apt,4,1,2,3,$403.00 ,1,365,t,10,34,64,286,13,13,1,73,0,78,31434,4.77,4.85,5,5,5,5,4.46,t,5,5,0,0,3.45
1.41447E+18,96%,100%,t,5,6,t,t,Back Bay,42.35067,-71.08876,Entire rental unit,Entire home/apt,2,1,0,1,$278.00 ,1,365,t,19,49,63,63,14,14,0,63,0,84,23352,4.71,4.71,4.71,4.64,4.64,4.79,4.64,t,5,5,0,0,3.39
1.41477E+18,98%,100%,,6,9,t,t,Back Bay,42.35025959,-71.08343688,Entire rental unit,Entire home/apt,2,1,1,1,$273.00 ,1,365,t,15,35,60,128,14,14,3,69,0,84,22932,4.79,4.86,4.64,4.93,4.93,5,4.71,t,3,3,0,0,3.07
1.41478E+18,98%,100%,,6,9,t,t,Back Bay,42.35045,-71.08201,Entire rental unit,Entire home/apt,3,1,1,2,$278.00 ,1,365,t,15,45,75,143,10,10,1,84,0,60,16680,4.9,4.9,4.9,5,4.9,5,4.8,t,3,3,0,0,2.38
1.41516E+18,100%,98%,t,19,21,t,t,Dorchester,42.2946641,-71.0760832,Entire rental unit,Entire home/apt,13,2,3,8,$190.00 ,1,28,t,5,22,49,263,9,9,1,49,0,54,10260,5,4.67,5,5,5,3.78,4.67,t,4,4,0,0,2.05
1.41551E+18,100%,95%,,40,72,t,t,Brighton,42.33648587,-71.14880061,Entire rental unit,Entire home/apt,4,1,1,2,$154.00 ,29,730,t,5,35,65,333,0,0,0,75,0,0,0,,,,,,,,f,14,14,0,0,
1.41554E+18,100%,100%,t,8,25,t,t,Dorchester,42.29784549,-71.06823517,Entire home,Entire home/apt,16,4.5,10,16,"$1,340.00 ",2,365,t,11,38,68,337,0,0,0,77,0,0,0,,,,,,,,t,7,7,0,0,
1.41554E+18,N/A,N/A,f,1,1,t,t,Roxbury,42.31986093,-71.08036941,Entire rental unit,Entire home/apt,1,1,1,1,"$1,288.00 ",29,365,,30,60,90,365,0,0,0,100,0,0,0,,,,,,,,f,1,1,0,0,
1.41559E+18,100%,100%,f,1,10,t,t,East Boston,42.37394,-71.03088,Entire rental unit,Entire home/apt,3,1,1,1,$195.00 ,1,365,t,24,54,84,359,10,10,0,94,0,60,11700,4.7,4.8,5,5,4.9,4.6,4.6,t,1,1,0,0,2.16
1.41562E+18,100%,81%,t,21,26,t,f,West Roxbury,42.27994,-71.16109,Private room in rental unit,Private room,5,1,2,3,$192.00 ,1,365,t,22,52,82,172,2,2,0,92,0,12,2304,5,5,5,5,5,5,4.5,f,16,4,12,0,0.56
1.41565E+18,100%,95%,,40,72,t,t,Brighton,42.34072201,-71.15584608,Entire rental unit,Entire home/apt,2,1,1,1,$283.00 ,28,730,t,0,0,0,204,3,3,0,0,0,168,47544,2.67,4,4.33,2,4.67,4,2.67,f,14,14,0,0,0.68
1.41595E+18,96%,100%,t,5,6,t,t,Back Bay,42.35092,-71.08682,Entire rental unit,Entire home/apt,4,2,2,2,$720.00 ,1,365,t,20,50,80,302,19,19,7,89,0,114,82080,4.95,5,4.95,4.89,4.84,5,4.74,t,5,5,0,0,4.83
1.41597E+18,100%,90%,t,5,11,t,t,Downtown,42.3522822,-71.0660123,Entire condo,Entire home/apt,10,3,4,6,$874.00 ,28,365,t,7,28,58,332,2,2,0,67,0,112,97888,5,5,5,5,5,5,5,f,3,3,0,0,0.63
1.41616E+18,100%,95%,,40,72,t,t,Dorchester,42.31134658,-71.04724038,Entire rental unit,Entire home/apt,2,1,1,1,$157.00 ,2,730,t,4,34,64,339,4,4,0,74,0,24,3768,4.5,4.5,5,5,5,5,4.75,f,14,14,0,0,1.25
1.41619E+18,100%,95%,,40,72,t,t,Back Bay,42.35210551,-71.08084578,Entire rental unit,Entire home/apt,6,1,2,1,$289.00 ,28,730,t,0,20,50,324,10,10,2,59,0,255,73695,4.3,4.3,4.3,4.9,4.9,5,4.1,f,14,14,0,0,2.31
1.41633E+18,100%,95%,,40,72,t,t,Back Bay,42.35258336,-71.08279702,Entire rental unit,Entire home/apt,2,1,0,1,$134.00 ,28,730,t,11,41,71,345,7,7,2,80,0,255,34170,4.43,4.57,4.57,4.29,4.86,4.86,4.57,f,14,14,0,0,3.33
1.41637E+18,100%,95%,,40,72,t,t,Back Bay,42.35187,-71.08164,Entire rental unit,Entire home/apt,2,1,0,1,$179.00 ,28,730,t,0,0,2,276,7,7,3,11,0,255,45645,4.86,4.86,5,4.86,5,5,4.71,f,14,14,0,0,1.68
1.41661E+18,100%,100%,,14,21,t,t,Dorchester,42.28154592,-71.05860177,Entire rental unit,Entire home/apt,12,3,4,6,$338.00 ,2,365,t,10,27,57,327,6,6,2,66,0,36,12168,5,5,5,5,5,4.83,5,f,1,1,0,0,2.47
1.41739E+18,100%,100%,f,79,112,t,t,South Boston,42.3357334,-71.0449784,Private room in rental unit,Private room,2,1,0,1,$96.00 ,1,365,t,8,29,51,51,2,2,0,51,0,12,1152,3,2.5,3,4.5,4,4,2,t,57,27,30,0,0.49
1.41751E+18,100%,100%,t,10,37,t,t,Jamaica Plain,42.2941174,-71.1170464,Entire condo,Entire home/apt,12,7.5,15,21,"$1,544.00 ",30,365,t,0,2,26,301,0,0,0,35,0,0,0,,,,,,,,t,5,5,0,0,
1.41751E+18,100%,100%,t,10,37,t,t,Jamaica Plain,42.2941174,-71.1170464,Entire condo,Entire home/apt,16,5,10,14,$987.00 ,30,1125,t,5,12,36,311,0,0,0,45,0,0,0,,,,,,,,t,5,5,0,0,
1.41768E+18,100%,93%,t,10,11,t,t,Dorchester,42.28649,-71.06984,Entire guest suite,Entire home/apt,4,1,2,2,$96.00 ,91,365,t,0,0,0,173,0,0,0,0,0,0,0,,,,,,,,f,6,6,0,0,
1.41828E+18,100%,100%,f,2,2,t,f,South Boston,42.3368622,-71.0466005,Entire home,Entire home/apt,6,2,2,4,$373.00 ,2,365,t,10,28,57,98,16,16,5,67,0,96,35808,4.69,4.87,4.8,5,5,4.67,4.8,t,2,2,0,0,4.9
1.41846E+18,100%,93%,f,7,11,t,t,Jamaica Plain,42.31197,-71.10312,Entire rental unit,Entire home/apt,6,1,3,1,$315.00 ,2,365,t,13,38,68,336,5,5,3,78,0,30,9450,5,5,5,5,5,4.6,4.8,t,5,3,2,0,1.6
1.41952E+18,100%,92%,f,7,7,t,t,Brighton,42.34883,-71.17253,Private room in home,Private room,2,1,1,1,$68.00 ,3,365,t,6,25,55,165,9,9,2,65,0,54,3672,4.56,4.56,4.89,4.89,4.89,4.89,4.44,f,4,0,4,0,2.29
1.41957E+18,100%,96%,f,5084,5865,t,t,Back Bay,42.348247,-71.0805179,Entire rental unit,Entire home/apt,4,2,2,2,$456.00 ,31,1125,t,0,0,2,277,0,0,0,11,0,0,0,,,,,,,,t,343,343,0,0,
1.41957E+18,100%,96%,f,5084,5865,t,t,Back Bay,42.348645,-71.0793489,Entire rental unit,Entire home/apt,2,1,0,1,$321.00 ,31,1125,t,3,3,3,239,0,0,0,3,0,0,0,,,,,,,,t,343,343,0,0,
1.41957E+18,100%,96%,f,5084,5865,t,t,Brighton,42.346069,-71.145748,Entire rental unit,Entire home/apt,4,,2,,,31,1125,t,0,26,56,331,0,0,0,65,0,0,,,,,,,,,t,343,343,0,0,
1.41961E+18,100%,95%,,40,72,t,t,Roxbury,42.33644,-71.08368,Entire rental unit,Entire home/apt,4,1,2,2,$360.00 ,30,1125,t,0,0,0,144,2,2,0,0,0,120,43200,5,5,5,5,5,4.5,5,f,14,14,0,0,0.58
1.41999E+18,100%,98%,t,4,6,t,t,South Boston,42.3325,-71.03964,Private room in rental unit,Private room,2,,,,,1,365,t,0,0,0,0,3,3,0,0,0,18,,4.67,3.33,4.33,5,4,5,4.33,f,4,2,2,0,0.69
1.42023E+18,100%,96%,f,5084,5865,t,t,Dorchester,42.2954992,-71.0471404,Entire rental unit,Entire home/apt,2,1,1,1,$247.00 ,31,1125,t,16,46,76,351,0,0,0,86,0,0,0,,,,,,,,t,343,343,0,0,
1.42032E+18,100%,100%,f,4,8,t,t,East Boston,42.38236,-71.01793,Entire rental unit,Entire home/apt,8,1,3,4,$207.00 ,1,365,t,12,37,67,342,23,23,5,77,0,138,28566,4.48,4.57,4.7,4.7,4.48,4.3,4.26,t,4,4,0,0,6.57
1.42033E+18,100%,99%,t,11,44,t,t,Downtown,42.35146,-71.06481,Entire rental unit,Entire home/apt,3,1,1,1,$316.00 ,1,365,t,0,11,33,305,25,25,5,42,0,150,47400,4.76,4.92,4.92,4.76,4.92,4.84,4.76,f,11,11,0,0,6.05
1.42035E+18,99%,100%,f,8,10,t,t,Back Bay,42.34903,-71.08883,Entire rental unit,Entire home/apt,2,1,0,1,$250.00 ,1,365,t,14,33,63,223,19,19,8,72,0,114,28500,4.84,4.95,4.95,4.95,4.89,4.89,4.79,t,8,8,0,0,5.04
1.42036E+18,99%,100%,f,8,10,t,t,Back Bay,42.34939191,-71.08857583,Entire rental unit,Entire home/apt,4,1,1,2,$296.00 ,1,365,t,17,47,77,233,17,17,2,86,0,102,30192,4.76,4.76,4.88,5,5,4.88,4.82,t,8,8,0,0,4.51
1.42036E+18,99%,100%,f,8,10,t,t,Fenway,42.34744,-71.09072,Entire rental unit,Entire home/apt,4,1,1,2,$346.00 ,1,365,t,13,42,66,222,17,17,4,75,0,102,35292,5,5,5,5,4.94,5,4.94,t,8,8,0,0,4.51
1.42038E+18,97%,99%,f,6,25,t,t,South End,42.3461643,-71.0629436,Entire rental unit,Entire home/apt,7,2,2,3,$655.00 ,1,90,t,10,38,64,336,3,3,1,73,0,18,11790,5,5,5,5,5,5,5,f,5,5,0,0,1.55
1.42039E+18,99%,100%,f,8,10,t,t,Back Bay,42.34971,-71.08902,Entire rental unit,Entire home/apt,2,1,1,1,$208.00 ,1,365,t,14,44,74,234,17,17,5,83,0,102,21216,4.71,4.88,4.53,5,4.94,5,4.76,t,8,8,0,0,4.64
1.42039E+18,100%,100%,t,130,133,t,t,Beacon Hill,42.36068,-71.06966,Entire rental unit,Entire home/apt,2,1,0,1,$201.00 ,1,365,t,6,27,54,122,18,18,5,63,0,108,21708,4.83,4.82,4.82,4.94,4.94,4.94,4.71,t,36,36,0,0,4.86
1.4204E+18,99%,100%,f,8,10,t,t,Back Bay,42.35329085,-71.08014208,Entire rental unit,Entire home/apt,4,1.5,2,2,$401.00 ,1,365,t,14,23,23,23,12,12,5,23,0,72,28872,4.83,4.91,4.64,4.91,4.91,5,4.55,t,8,8,0,0,3.83
1.4204E+18,99%,100%,f,8,10,t,t,Back Bay,42.35196528,-71.07880914,Entire rental unit,Entire home/apt,5,1.5,3,3,$426.00 ,1,365,t,22,36,36,36,7,7,1,36,0,42,17892,4.43,4.14,4.71,5,5,5,4.57,t,8,8,0,0,2.02
1.42041E+18,96%,100%,t,5,6,t,t,Back Bay,42.35003,-71.08723,Entire rental unit,Entire home/apt,4,1,1,2,$347.00 ,1,365,t,13,31,37,37,17,17,3,37,0,102,35394,5,5,4.94,5,5,5,4.88,t,5,5,0,0,4.68
1.42042E+18,99%,100%,f,8,10,t,t,Back Bay,42.34379307,-71.08159403,Entire rental unit,Entire home/apt,2,1,0,1,$201.00 ,1,365,t,13,23,23,23,12,12,3,23,0,72,14472,4.42,4.58,4.42,4.83,4.92,4.92,4.33,t,8,8,0,0,3.24
1.42042E+18,100%,99%,t,4,5,t,t,South Boston,42.33152201,-71.05106529,Entire rental unit,Entire home/apt,4,1,2,2,$282.00 ,1,365,t,13,39,69,79,13,13,2,79,0,78,21996,4.92,5,4.75,4.92,5,4.92,4.92,t,4,4,0,0,3.51
1.42043E+18,100%,99%,t,4,5,t,t,South Boston,42.3329568,-71.05082606,Entire rental unit,Entire home/apt,4,1,2,3,$275.00 ,1,365,t,18,48,78,88,9,9,3,88,0,54,14850,4.89,4.78,4.89,5,5,4.67,4.78,t,4,4,0,0,2.39
1.42044E+18,100%,99%,t,4,5,t,t,South Boston,42.33172769,-71.05128974,Entire rental unit,Entire home/apt,4,1,2,2,$271.00 ,1,365,t,24,46,76,86,11,11,3,86,0,66,17886,4.82,4.82,4.73,5,5,4.82,4.73,t,4,4,0,0,2.95
1.42136E+18,99%,100%,f,8,10,t,t,Back Bay,42.34807,-71.09071,Entire rental unit,Entire home/apt,2,1,1,1,$232.00 ,1,365,t,17,47,77,233,9,9,4,86,0,54,12528,5,4.89,4.89,5,5,5,4.89,t,8,8,0,0,2.41
1.42138E+18,100%,93%,t,3,4,t,f,Dorchester,42.29877604,-71.0711421,Private room in rental unit,Private room,1,1,1,1,$91.00 ,1,365,t,0,0,0,263,1,1,0,0,0,6,546,5,5,5,5,5,5,5,t,3,0,3,0,0.29
1.42138E+18,100%,99%,t,11,44,t,t,Downtown,42.35310727,-71.06294355,Entire rental unit,Entire home/apt,3,1,1,1,$309.00 ,1,365,t,6,20,48,314,19,19,5,57,0,114,35226,4.68,4.74,4.63,4.63,4.89,4.53,4.53,f,11,11,0,0,5
1.42142E+18,100%,93%,t,3,4,t,f,Dorchester,42.29895,-71.07178,Private room in rental unit,Private room,1,1,1,1,$91.00 ,3,365,t,13,29,53,324,5,5,2,62,0,30,2730,4.8,5,4.8,4.4,5,4.6,4.8,t,3,0,3,0,1.19
1.42144E+18,100%,93%,t,3,4,t,f,Dorchester,42.29729,-71.07066,Private room in rental unit,Private room,1,1,1,1,$91.00 ,3,1125,t,11,40,70,332,13,13,2,80,0,78,7098,4.92,5,5,4.85,4.92,4.38,4.77,t,3,0,3,0,3.17
1.42232E+18,68%,98%,f,3,7,t,t,Downtown,42.36137831,-71.05858317,Entire rental unit,Entire home/apt,5,2,2,4,$520.00 ,3,30,t,12,39,69,245,8,8,2,78,0,48,24960,4.25,4.38,4.25,4,4,4.5,4.25,t,3,3,0,0,2.4
1.42253E+18,100%,100%,f,1,1,t,f,Hyde Park,42.2594781,-71.1155179,Entire rental unit,Entire home/apt,5,1,3,3,$179.00 ,2,1125,t,2,25,55,325,8,8,4,65,0,48,8592,5,4.88,5,5,5,5,5,t,1,1,0,0,3.04
1.42287E+18,100%,99%,t,11,44,t,t,Allston,42.35301382,-71.13996993,Entire rental unit,Entire home/apt,6,2,2,2,$384.00 ,29,365,t,25,55,85,360,27,27,5,94,0,255,97920,4.93,4.96,4.96,4.89,4.89,4.63,4.81,f,11,11,0,0,6.86
1.42329E+18,100%,99%,t,11,44,t,t,Fenway,42.34273,-71.0963,Entire rental unit,Entire home/apt,5,1,2,2,$297.00 ,1,365,t,2,2,2,2,32,32,9,2,0,192,57024,4.78,4.78,4.97,4.72,4.97,4.88,4.66,f,11,11,0,0,7.87
1.42341E+18,100%,99%,t,11,44,t,t,Fenway,42.34362812,-71.10208222,Entire rental unit,Entire home/apt,5,1,2,2,$297.00 ,1,365,t,11,27,54,323,30,30,9,63,0,180,53460,4.93,4.83,5,4.87,4.9,4.97,4.77,t,11,11,0,0,7.32
1.42346E+18,99%,98%,f,25,194,t,t,Downtown,42.35284548,-71.06317175,Entire rental unit,Entire home/apt,2,,1,,,1,365,t,3,26,56,327,9,9,2,65,0,54,,4.56,4.67,4.67,4.67,4.67,4.89,4.44,t,60,60,0,0,2.43
1.42453E+18,100%,96%,f,5084,5865,t,t,South End,42.3449322,-71.0641516,Entire rental unit,Entire home/apt,2,1,0,1,$249.00 ,31,1125,t,0,0,0,146,0,0,0,0,0,0,0,,,,,,,,t,343,343,0,0,
1.42461E+18,100%,62%,f,184,251,t,t,South Boston Waterfront,42.3535161,-71.0474239,Entire rental unit,Entire home/apt,3,1,1,1,$264.00 ,30,730,t,3,20,50,325,0,0,0,60,0,0,0,,,,,,,,t,55,55,0,0,
1.42461E+18,100%,62%,f,184,251,t,t,South Boston Waterfront,42.3535161,-71.0474239,Entire rental unit,Entire home/apt,3,,1,,,30,730,t,7,7,7,7,0,0,0,7,0,0,,,,,,,,,t,55,55,0,0,
1.42461E+18,100%,62%,f,184,251,t,t,South Boston Waterfront,42.3535161,-71.0474239,Entire rental unit,Entire home/apt,3,,1,,,30,730,t,0,0,0,0,0,0,0,0,0,0,,,,,,,,,t,55,55,0,0,
1.42461E+18,100%,62%,f,184,251,t,t,South Boston Waterfront,42.3535161,-71.0474239,Entire rental unit,Entire home/apt,3,,1,,,30,730,t,0,0,0,0,0,0,0,0,0,0,,,,,,,,,t,55,55,0,0,
1.42529E+18,100%,96%,f,5084,5865,t,t,South End,42.3439382,-71.0638329,Entire rental unit,Entire home/apt,2,1,0,1,$275.00 ,31,1125,t,0,0,11,286,0,0,0,20,0,0,0,,,,,,,,t,343,343,0,0,
1.4253E+18,100%,96%,f,5084,5865,t,t,Fenway,42.3444913,-71.086708,Entire rental unit,Entire home/apt,2,1,1,1,$305.00 ,31,1125,t,0,0,0,271,0,0,0,5,0,0,0,,,,,,,,t,343,343,0,0,
1.42537E+18,100%,98%,t,19,21,t,t,Mattapan,42.27562938,-71.07300583,Entire rental unit,Entire home/apt,15,2,3,9,$200.00 ,1,28,t,6,25,52,268,11,11,1,53,0,66,13200,4.73,4.73,4.82,5,5,4.82,4.73,t,4,4,0,0,2.87
1.42538E+18,100%,99%,t,3,3,t,t,Jamaica Plain,42.29796,-71.11442,Entire home,Entire home/apt,6,2,3,3,$397.00 ,3,1125,t,4,14,37,183,4,4,1,42,0,24,9528,5,5,5,5,5,5,4.75,t,3,3,0,0,1.56
1.42555E+18,100%,95%,,40,72,t,t,South End,42.34778,-71.07169,Entire rental unit,Entire home/apt,4,2,1,1,$336.00 ,29,730,t,20,50,80,89,0,0,0,89,0,0,0,,,,,,,,f,14,14,0,0,
1.426E+18,100%,100%,f,1,1,t,f,East Boston,42.36610393,-71.03535993,Entire condo,Entire home/apt,2,1,2,2,$231.00 ,2,90,t,3,8,30,245,8,8,2,33,0,48,11088,4.88,4.88,5,5,5,4.88,4.88,t,1,1,0,0,3.29
1.42639E+18,100%,99%,t,42,50,t,t,Downtown,42.36867,-71.06891,Entire rental unit,Entire home/apt,7,2,2,9,$271.00 ,29,90,t,13,32,62,182,2,2,0,72,0,116,31436,5,5,5,5,5,5,5,t,9,9,0,0,0.5
1.42678E+18,100%,99%,t,8,25,t,t,Downtown,42.35209916,-71.06520827,Entire rental unit,Entire home/apt,3,1,0,2,$191.00 ,1,365,t,2,8,33,297,15,15,3,42,0,90,17190,4.93,4.87,4.93,4.8,5,4.93,4.87,f,1,1,0,0,4.95
1.42697E+18,100%,62%,f,184,251,t,t,South Boston Waterfront,42.3527606,-71.0465144,Entire rental unit,Entire home/apt,3,1,1,1,$273.00 ,30,730,t,2,2,24,299,0,0,0,34,0,0,0,,,,,,,,t,55,55,0,0,
1.42697E+18,100%,62%,f,184,251,t,t,South Boston Waterfront,42.35276,-71.04651,Entire rental unit,Entire home/apt,5,2,2,2,$387.00 ,30,730,t,3,3,12,287,0,0,0,22,0,0,0,,,,,,,,t,55,55,0,0,
1.42697E+18,100%,62%,f,184,251,t,t,South Boston Waterfront,42.3527874,-71.0464795,Entire rental unit,Entire home/apt,3,1,1,2,$255.00 ,30,730,t,0,23,53,328,0,0,0,63,0,0,0,,,,,,,,t,55,55,0,0,
1.42697E+18,100%,62%,f,184,251,t,t,South Boston Waterfront,42.35276,-71.04651,Entire rental unit,Entire home/apt,5,2,2,2,$375.00 ,30,730,t,8,38,68,343,0,0,0,77,0,0,0,,,,,,,,t,55,55,0,0,
1.42697E+18,100%,62%,f,184,251,t,t,South Boston Waterfront,42.35276,-71.04651,Entire rental unit,Entire home/apt,3,1,1,1,$287.00 ,30,730,t,9,16,46,321,0,0,0,56,0,0,0,,,,,,,,t,55,55,0,0,
1.42697E+18,100%,62%,f,184,251,t,t,South Boston Waterfront,42.3527606,-71.0465144,Entire rental unit,Entire home/apt,5,2,2,3,$375.00 ,30,730,t,9,39,69,344,0,0,0,78,0,0,0,,,,,,,,t,55,55,0,0,
1.42698E+18,100%,87%,f,14,22,t,t,Downtown,42.35979432,-71.05589725,Entire rental unit,Entire home/apt,4,1,1,1,$363.00 ,30,730,t,30,60,90,270,5,5,0,100,0,255,92565,4.8,4.8,4.8,4.8,5,5,4.8,f,12,12,0,0,1.43
1.42749E+18,N/A,N/A,f,1,2,t,t,Dorchester,42.3039303,-71.06311097,Entire home,Entire home/apt,7,1,3,4,$208.00 ,2,365,t,23,51,81,309,0,0,0,90,0,0,0,,,,,,,,t,1,1,0,0,
1.42816E+18,100%,100%,f,2,2,t,t,Roslindale,42.27119,-71.12849,Entire guest suite,Entire home/apt,2,1,1,1,$71.00 ,91,91,t,0,0,0,266,0,0,0,0,0,0,0,,,,,,,,f,2,2,0,0,
1.43069E+18,83%,100%,,3,5,t,t,Dorchester,42.32556,-71.05973,Private room in rental unit,Private room,1,1,1,1,$48.00 ,91,365,t,0,0,22,296,0,0,0,31,0,0,0,,,,,,,,f,2,0,2,0,
1.43121E+18,100%,95%,,40,72,t,t,Downtown,42.36018,-71.05594,Entire rental unit,Entire home/apt,4,1.5,1,1,$260.00 ,2,730,t,10,26,56,331,9,9,0,66,0,54,14040,4.67,4.56,4.89,4.11,5,4.44,4.78,f,14,14,0,0,2.43
1.43122E+18,100%,62%,f,184,251,t,t,Back Bay,42.3459685,-71.0847361,Entire rental unit,Entire home/apt,3,1,1,1,$332.00 ,30,730,t,0,21,21,243,0,0,0,21,0,0,0,,,,,,,,f,55,55,0,0,
1.43123E+18,100%,62%,f,184,251,t,t,Back Bay,42.3459685,-71.0847361,Entire rental unit,Entire home/apt,3,1,1,1,$291.00 ,30,730,t,2,4,34,309,0,0,0,43,0,0,0,,,,,,,,f,55,55,0,0,
1.43123E+18,100%,62%,f,184,251,t,t,Back Bay,42.3459685,-71.0847361,Entire rental unit,Entire home/apt,3,1,1,1,$304.00 ,30,730,t,0,9,39,314,0,0,0,48,0,0,0,,,,,,,,f,55,55,0,0,
1.43123E+18,100%,62%,f,184,251,t,t,Back Bay,42.3459685,-71.0847361,Entire rental unit,Entire home/apt,3,,1,,,30,730,t,0,0,0,259,0,0,0,0,0,0,,,,,,,,,f,55,55,0,0,
1.43123E+18,100%,62%,f,184,251,t,t,Back Bay,42.3459685,-71.0847361,Entire rental unit,Entire home/apt,3,1,1,1,$305.00 ,30,730,t,0,0,18,293,0,0,0,27,0,0,0,,,,,,,,f,55,55,0,0,
1.43123E+18,100%,87%,f,14,22,t,t,Back Bay,42.3476613,-71.07359292,Entire rental unit,Entire home/apt,6,1.5,2,3,$349.00 ,2,1125,t,0,22,52,61,5,5,2,61,0,30,10470,5,5,5,4.6,5,5,5,f,12,12,0,0,1.85
1.43124E+18,100%,87%,f,14,22,t,t,Back Bay,42.3490624,-71.07172044,Entire rental unit,Entire home/apt,2,1,1,1,$379.00 ,2,730,t,8,12,42,51,5,5,0,51,0,30,11370,3.6,4.2,4.8,4.4,4.2,4,3.2,f,12,12,0,0,1.63
1.43125E+18,100%,100%,t,22,75,t,f,Back Bay,42.34920745,-71.09054872,Entire rental unit,Entire home/apt,8,2.5,4,5,"$1,113.00 ",4,365,t,19,49,71,248,3,3,0,80,0,24,26712,4.67,4.67,4,4.67,5,5,4.67,t,18,18,0,0,1.18
1.43137E+18,100%,100%,t,22,75,t,f,Beacon Hill,42.36032271,-71.07196906,Entire rental unit,Entire home/apt,7,2,4,5,"$1,134.00 ",4,365,t,14,43,69,241,2,2,0,78,0,16,18144,5,5,5,5,5,5,5,t,18,18,0,0,0.86
1.43137E+18,87%,76%,f,102,193,t,t,Downtown,42.35021516,-71.06467172,Entire rental unit,Entire home/apt,5,2,2,3,$493.00 ,4,365,t,13,27,42,267,4,4,1,42,0,32,15776,5,5,4.75,5,5,5,4.75,t,72,72,0,0,1.69
1.43201E+18,100%,97%,f,26,38,t,t,Allston,42.36216125,-71.13302986,Entire rental unit,Entire home/apt,2,,,,,29,365,t,11,37,67,341,11,11,2,76,0,255,,4.73,4.73,5,5,4.82,4.73,4.82,f,10,10,0,0,2.87
1.4321E+18,87%,76%,f,102,193,t,t,Jamaica Plain,42.32971,-71.11263,Entire rental unit,Entire home/apt,6,2,2,3,$485.00 ,29,365,t,25,55,85,336,7,7,1,94,0,255,123675,4.86,5,4.71,4.86,5,4.57,4.29,t,72,72,0,0,1.98
1.43262E+18,100%,100%,f,18,163,t,t,South End,42.34264,-71.07861,Entire rental unit,Entire home/apt,2,1,1,1,$235.00 ,1,14,t,19,49,79,350,1,1,0,88,0,6,1410,5,5,5,4,5,5,5,t,18,18,0,0,0.36
1.43265E+18,100%,100%,t,32,32,t,t,Fenway,42.3415,-71.0969,Entire rental unit,Entire home/apt,4,1,2,2,$341.00 ,2,365,t,1,10,39,291,15,15,3,48,0,90,30690,5,5,4.87,5,5,4.93,5,f,30,28,2,0,4.09
1.43266E+18,100%,62%,f,184,251,t,t,Downtown,42.3655039,-71.0621412,Entire rental unit,Entire home/apt,3,,1,,,30,730,t,0,0,0,0,0,0,0,0,0,0,,,,,,,,,t,55,55,0,0,
1.43266E+18,100%,62%,f,184,251,t,t,Downtown,42.3655039,-71.0621412,Entire rental unit,Entire home/apt,3,,1,,,30,730,t,0,0,0,0,0,0,0,0,0,0,,,,,,,,,t,55,55,0,0,
1.43467E+18,78%,89%,,2,2,t,t,Roxbury,42.3254303,-71.068862,Shared room in rental unit,Shared room,2,2.5,2,2,$94.00 ,1,365,t,19,49,79,110,1,1,1,88,0,6,564,5,5,5,5,5,5,5,f,1,0,0,1,1
1.43483E+18,100%,100%,f,1,1,t,t,Dorchester,42.31180549,-71.07078348,Entire home,Entire home/apt,15,2,6,7,$538.00 ,2,365,t,12,21,51,120,6,6,2,61,0,36,19368,4.83,5,5,5,5,5,4.83,t,1,1,0,0,1.88
1.43483E+18,98%,100%,,6,9,t,t,Back Bay,42.35050645,-71.08173565,Entire rental unit,Entire home/apt,2,1,1,1,$293.00 ,1,365,t,3,11,11,11,21,21,5,11,0,126,36918,5,4.95,4.9,4.95,5,5,4.86,t,3,3,0,0,6
1.43488E+18,100%,95%,,40,72,t,t,Brighton,42.34046,-71.1557,Entire rental unit,Entire home/apt,4,1,0,2,$185.00 ,29,1125,t,0,21,51,325,1,1,0,60,0,58,10730,4,4,4,4,4,5,4,f,14,14,0,0,0.43
1.43488E+18,100%,100%,f,18,163,t,t,South End,42.34125311,-71.07861002,Entire rental unit,Entire home/apt,2,1,1,1,$212.00 ,1,14,t,22,52,82,352,4,4,1,91,0,24,5088,5,5,5,4.75,5,5,4.75,t,18,18,0,0,1.35
1.435E+18,100%,97%,f,26,38,t,t,Allston,42.36246292,-71.13504226,Entire rental unit,Entire home/apt,4,,2,,,29,365,t,19,49,79,353,20,20,7,88,0,255,,4.9,4.9,4.95,4.9,4.9,4.95,4.95,f,10,10,0,0,5.71
1.43507E+18,100%,100%,t,16,21,t,t,East Boston,42.37624,-71.03514,Entire rental unit,Entire home/apt,6,1,3,3,$216.00 ,2,365,t,10,34,58,333,5,5,5,68,0,30,6480,5,5,5,5,5,5,4.8,t,5,5,0,0,5
1.43508E+18,100%,100%,t,16,21,t,t,East Boston,42.3761378,-71.0352327,Entire rental unit,Entire home/apt,6,1,3,3,$202.00 ,2,365,t,13,41,71,345,1,1,1,80,0,6,1212,4,5,4,5,5,3,4,t,5,5,0,0,1
1.43522E+18,100%,94%,t,11,11,t,t,Roxbury,42.32832961,-71.09122521,Entire rental unit,Entire home/apt,10,2,3,5,$385.00 ,1,365,t,16,35,56,312,23,23,5,58,0,138,53130,4.87,4.83,4.87,4.87,5,4.39,4.7,f,10,10,0,0,6.22
1.43577E+18,100%,83%,f,1,2,t,f,South Boston,42.3339628,-71.039443,Entire home,Entire home/apt,7,3.5,4,5,$440.00 ,2,14,t,0,0,0,31,3,3,0,0,0,18,7920,5,5,5,5,5,5,5,f,1,1,0,0,1.45
1.43598E+18,99%,100%,t,4,4,t,t,East Boston,42.37632275,-71.03096816,Entire rental unit,Entire home/apt,8,1,3,4,$290.00 ,1,365,t,10,37,67,330,29,29,4,77,0,174,50460,4.79,4.79,5,4.72,4.62,4.59,4.69,t,3,3,0,0,8.21
1.43624E+18,80%,88%,f,3,3,t,t,South Boston Waterfront,42.34721,-71.038,Entire rental unit,Entire home/apt,4,1,1,1,$500.00 ,29,365,t,25,55,85,360,1,1,0,95,0,58,29000,5,5,5,5,5,5,5,f,2,2,0,0,0.68
1.43629E+18,100%,100%,f,55,56,t,t,Allston,42.36136,-71.13079,Private room in home,Private room,2,1,1,1,$99.00 ,1,365,t,22,31,31,206,22,22,4,31,0,132,13068,4.64,4.76,4.48,4.95,4.95,4.81,4.57,t,17,0,17,0,7.1
1.43679E+18,87%,76%,f,102,193,t,t,Jamaica Plain,42.32848,-71.11198,Entire rental unit,Entire home/apt,8,2,3,5,$540.00 ,1,365,t,28,58,88,339,3,3,0,98,0,18,9720,4.33,4.67,4.33,4,4.67,4.33,3,f,72,72,0,0,0.91
1.43719E+18,87%,76%,f,102,193,t,t,Downtown,42.35232908,-71.06462867,Entire rental unit,Entire home/apt,6,2,2,5,$799.00 ,15,365,t,30,60,90,365,0,0,0,99,0,0,0,,,,,,,,t,72,72,0,0,
1.43723E+18,100%,99%,t,3,3,t,t,Dorchester,42.30206,-71.08429,Entire rental unit,Entire home/apt,5,1,2,3,$175.00 ,1,365,t,7,27,56,331,17,17,3,66,0,102,17850,4.76,4.76,4.94,5,5,4.71,4.76,f,3,3,0,0,4.77
1.43771E+18,100%,97%,f,2,5,t,t,Roxbury,42.3283,-71.09362,Entire home,Entire home/apt,14,3.5,6,7,$796.00 ,3,45,t,11,31,55,319,14,14,4,57,0,84,66864,4.93,5,5,5,5,4.77,4.85,t,2,2,0,0,4.42
1.43777E+18,99%,100%,,19,19,t,t,South End,42.3416617,-71.0764144,Entire rental unit,Entire home/apt,2,1,0,1,$184.00 ,1,365,t,19,25,25,25,6,6,2,25,0,36,6624,4.83,5,4.67,5,5,5,5,t,12,12,0,0,1.78
1.4379E+18,39%,78%,f,3,3,t,t,East Boston,42.38122,-71.02335,Private room in home,Private room,1,1,1,1,$64.00 ,1,33,t,23,53,83,83,6,6,5,83,0,36,2304,4.5,4.83,4.33,4.33,5,5,4.67,f,3,0,3,0,4.74
1.43842E+18,N/A,100%,f,1,1,t,f,Back Bay,42.34567048,-71.07976198,Entire rental unit,Entire home/apt,2,1,0,1,$128.00 ,91,180,t,0,19,49,138,0,0,0,58,0,0,0,,,,,,,,f,1,1,0,0,
1.43933E+18,96%,100%,t,5,6,t,t,Back Bay,42.3507,-71.08883,Entire rental unit,Entire home/apt,2,1,0,1,$215.00 ,1,365,t,10,34,58,221,14,14,6,67,0,84,18060,4.93,4.93,4.79,5,4.93,5,4.86,t,5,5,0,0,6.46
1.43937E+18,100%,91%,t,5,5,t,t,Mattapan,42.27975814,-71.09634597,Private room in rental unit,Private room,2,,,,,3,365,t,20,48,78,345,0,0,0,87,0,0,,,,,,,,,f,5,1,4,0,
1.43944E+18,100%,100%,f,2,2,t,t,Roslindale,42.27145,-71.1282,Entire rental unit,Entire home/apt,5,1,3,3,$254.00 ,2,365,t,18,44,74,349,2,2,2,83,0,12,3048,5,5,5,5,5,5,5,t,1,1,0,0,2
1.43954E+18,39%,78%,f,3,3,t,t,East Boston,42.38046,-71.02124,Private room in home,Private room,1,5,1,2,$70.00 ,1,4,t,22,50,80,80,13,13,1,80,0,78,5460,4.77,4.85,4.54,4.92,5,5,4.69,f,3,0,3,0,7.22
1.43954E+18,39%,78%,f,3,3,t,t,East Boston,42.38159,-71.02163,Private room in home,Private room,1,5,0,1,$71.00 ,1,7,t,19,46,76,88,2,2,0,85,0,12,852,5,5,4.5,5,5,5,5,f,3,0,3,0,1.05
1.43995E+18,100%,100%,f,18,163,t,t,South End,42.34252604,-71.08077597,Entire rental unit,Entire home/apt,2,1,1,1,$237.00 ,1,14,t,21,51,81,351,0,0,0,90,0,0,0,,,,,,,,t,18,18,0,0,
1.44013E+18,100%,91%,t,5,5,t,t,Mattapan,42.28084244,-71.09602012,Private room in rental unit,Private room,1,2,1,1,$170.00 ,3,365,t,21,48,78,346,0,0,0,88,0,0,0,,,,,,,,f,5,1,4,0,
1.44014E+18,100%,91%,t,5,5,t,t,Mattapan,42.28078476,-71.09469372,Private room in rental unit,Private room,1,2,1,1,$170.00 ,3,365,t,21,48,78,346,0,0,0,88,0,0,0,,,,,,,,f,5,1,4,0,
1.44015E+18,100%,91%,t,5,5,t,t,Mattapan,42.28086038,-71.09611864,Private room in rental unit,Private room,2,2,1,1,$170.00 ,3,365,t,20,48,78,345,0,0,0,87,0,0,0,,,,,,,,f,5,1,4,0,
1.44034E+18,100%,90%,f,13,13,t,f,Downtown,42.36151,-71.05558,Entire rental unit,Entire home/apt,2,1,0,1,$160.00 ,30,730,t,0,0,22,297,3,3,2,32,0,180,28800,5,5,5,4.33,5,5,5,f,12,12,0,0,1.13
1.44034E+18,100%,90%,f,13,13,t,f,Downtown,42.36026,-71.05565,Entire rental unit,Entire home/apt,4,2,2,1,$317.00 ,30,730,t,0,19,49,324,4,4,0,59,0,240,76080,5,5,5,4.75,5,5,5,f,12,12,0,0,2.03
1.44035E+18,100%,90%,f,13,13,t,f,Roxbury,42.33654,-71.08373,Entire rental unit,Entire home/apt,4,2,2,2,$507.00 ,30,1125,t,0,0,0,264,1,1,0,0,0,60,30420,5,5,5,5,5,5,5,f,12,12,0,0,0.67
1.44035E+18,100%,90%,f,13,13,t,f,Roxbury,42.33718,-71.08353,Entire rental unit,Entire home/apt,4,2,2,2,$344.00 ,30,1125,t,2,9,29,303,6,6,2,38,0,255,87720,5,5,5,5,5,4.67,5,f,12,12,0,0,2.37
1.44035E+18,100%,90%,f,13,13,t,f,Roxbury,42.33595,-71.08482,Entire rental unit,Entire home/apt,4,2,2,2,$475.00 ,30,1125,t,0,0,6,280,0,0,0,15,0,0,0,,,,,,,,f,12,12,0,0,
1.44035E+18,100%,90%,f,13,13,t,f,Roxbury,42.33761,-71.0855,Entire rental unit,Entire home/apt,4,2,2,2,$217.00 ,3,1125,t,10,10,40,314,1,1,0,49,0,6,1302,5,5,5,5,5,5,5,f,12,12,0,0,0.37
1.4408E+18,99%,100%,t,4,4,t,t,East Boston,42.37503,-71.03252,Entire rental unit,Entire home/apt,4,1,1,1,$141.00 ,1,365,t,13,40,70,345,21,21,9,80,0,126,17766,4.86,4.9,4.9,4.95,4.95,4.95,4.67,t,3,3,0,0,6.06
1.44294E+18,100%,90%,f,13,13,t,f,Back Bay,42.34984,-71.07199,Entire rental unit,Entire home/apt,4,2,2,1,$343.00 ,30,365,t,1,4,4,13,4,4,1,13,0,240,82320,4.25,4.5,5,4.25,4.5,5,4.5,f,12,12,0,0,1.5
1.44294E+18,100%,90%,f,13,13,t,f,Back Bay,42.34770827,-71.07366857,Entire rental unit,Entire home/apt,4,1,2,1,$309.00 ,30,365,t,7,37,67,76,5,5,0,76,0,255,78795,4.8,4.8,5,3.6,5,4.6,4.6,f,12,12,0,0,1.72
1.44497E+18,100%,60%,f,1,1,t,t,South Boston,42.33814,-71.04081,Entire rental unit,Entire home/apt,5,1,3,3,$477.00 ,2,365,t,0,0,0,80,2,2,0,0,0,12,5724,4.5,5,5,5,5,5,5,f,1,1,0,0,1
1.44499E+18,100%,100%,f,1,1,t,t,Downtown,42.364208,-71.061363,Room in hotel,Private room,2,1,1,1,$335.00 ,1,365,t,19,33,58,66,37,37,12,66,0,222,74370,4.78,4.84,4.86,4.76,4.62,4.84,4.78,t,1,0,1,0,14.05
1.44515E+18,100%,99%,t,2,3,t,f,Jamaica Plain,42.32075396,-71.1101945,Private room in rental unit,Private room,1,1,1,1,$102.00 ,1,365,t,4,23,46,318,13,13,5,56,0,78,7956,5,4.92,4.69,4.85,4.92,4.92,4.69,f,2,0,2,0,5.13
1.44587E+18,100%,98%,f,128,443,t,t,Roslindale,42.28529,-71.11973,Entire home,Entire home/apt,4,1,3,4,$274.00 ,2,365,t,13,41,68,338,5,5,1,78,0,30,8220,4.8,5,5,4.8,5,4.8,5,t,1,1,0,0,2.11
1.44712E+18,100%,100%,f,4,12,t,t,Downtown,42.3504,-71.06538,Entire rental unit,Entire home/apt,3,1,0,2,$202.00 ,29,365,t,2,8,33,297,0,0,0,42,0,0,0,,,,,,,,f,3,3,0,0,
1.44739E+18,100%,94%,t,11,11,t,t,Roxbury,42.32583,-71.07743,Entire rental unit,Entire home/apt,8,1.5,3,4,$446.00 ,1,365,t,13,13,13,13,16,16,4,13,0,96,42816,4.69,4.69,4.88,4.69,4.75,4.31,4.75,t,10,10,0,0,5.22
1.44742E+18,100%,100%,t,9,12,t,t,East Boston,42.38036,-71.03436,Private room in rental unit,Private room,2,1,1,2,$334.00 ,29,365,t,16,22,27,240,1,1,0,37,0,58,19372,5,5,5,5,5,4,4,t,1,0,1,0,0.65
1.44775E+18,100%,100%,,26,35,t,t,Dorchester,42.2951846,-71.0530428,Entire rental unit,Entire home/apt,14,2,4,8,$434.00 ,1,28,t,14,41,71,329,13,13,3,80,0,78,33852,5,5,5,5,5,4.92,4.77,t,5,5,0,0,4.87
1.44786E+18,100%,90%,f,13,13,t,f,Back Bay,42.34809597,-71.07389976,Entire rental unit,Entire home/apt,6,2,2,1,$397.00 ,30,730,t,0,27,57,66,11,11,4,66,0,255,101235,4.73,4.9,5,4.8,5,4.9,4.6,f,12,12,0,0,4.18
1.44787E+18,100%,62%,f,184,251,t,t,North End,42.3634415,-71.0551778,Entire rental unit,Entire home/apt,4,,2,,,29,730,t,0,0,0,0,0,0,0,0,0,0,,,,,,,,,t,55,55,0,0,
1.44787E+18,100%,62%,f,184,251,t,t,North End,42.3634415,-71.0551778,Entire rental unit,Entire home/apt,4,2,2,3,$278.00 ,29,730,t,8,8,11,284,0,0,0,19,0,0,0,,,,,,,,t,55,55,0,0,
1.44787E+18,100%,62%,f,184,251,t,t,Downtown,42.3655039,-71.0621412,Entire rental unit,Entire home/apt,3,1,1,1,$266.00 ,30,730,t,19,49,79,354,0,0,0,89,0,0,0,,,,,,,,t,55,55,0,0,
1.44802E+18,100%,98%,f,2,2,t,t,South End,42.34692,-71.07065,Room in hotel,Private room,2,1,1,1,,1,365,t,19,47,77,87,1,1,1,86,0,6,,4,5,5,5,5,5,4,t,2,0,2,0,1
1.44802E+18,100%,98%,f,2,2,t,t,South End,42.34692,-71.07065,Room in hotel,Private room,2,1,1,1,,1,365,t,25,55,85,95,3,3,2,94,0,18,,5,5,4.5,5,5,5,4.5,t,2,0,2,0,2.37
1.44813E+18,100%,87%,f,14,22,t,t,Back Bay,42.34927,-71.07366,Entire rental unit,Entire home/apt,4,2,1,1,$221.00 ,30,730,t,3,3,17,26,2,2,2,26,0,120,26520,5,5,5,5,5,5,5,f,12,12,0,0,2
1.44816E+18,100%,90%,f,13,13,t,f,Back Bay,42.34910843,-71.07182008,Entire rental unit,Entire home/apt,6,2,3,1,$487.00 ,5,730,t,0,27,28,31,6,6,1,31,0,60,29220,5,5,5,4.83,5,5,5,f,12,12,0,0,2.34
1.44832E+18,100%,99%,t,22,30,t,t,Allston,42.363729,-71.12163,Entire rental unit,Entire home/apt,4,,1,,,1,365,t,0,0,0,0,4,4,2,0,0,24,,5,5,5,5,5,4.75,5,t,1,1,0,0,1.41
1.45001E+18,100%,62%,f,184,251,t,t,South Boston Waterfront,42.3527874,-71.0464795,Entire rental unit,Entire home/apt,3,1,1,1,$270.00 ,30,730,t,0,27,57,331,0,0,0,67,0,0,0,,,,,,,,t,55,55,0,0,
1.45023E+18,80%,77%,f,25,29,t,t,Brighton,42.34633,-71.1449,Private room in rental unit,Private room,1,,3,,,91,365,t,0,0,2,276,0,0,0,11,0,0,,,,,,,,,f,1,0,1,0,
1.45089E+18,100%,100%,t,8,10,t,t,Mission Hill,42.3316,-71.11115,Entire rental unit,Entire home/apt,4,1,2,3,$185.00 ,3,365,t,3,24,54,329,2,2,2,64,0,12,2220,5,5,5,5,5,5,5,t,3,3,0,0,2
1.45145E+18,100%,100%,f,543,1254,t,t,Dorchester,42.29785,-71.07148,Entire rental unit,Entire home/apt,8,2,4,4,$246.00 ,2,1125,t,7,22,43,304,5,5,2,52,0,30,7380,4.8,4.4,5,5,5,4.4,4.8,t,4,4,0,0,1.97
1.45238E+18,100%,N/A,f,1,2,t,t,South Boston,42.32888,-71.05729,Private room in home,Private room,2,1,1,1,$68.00 ,92,365,t,30,60,90,364,0,0,0,99,0,0,0,,,,,,,,f,1,0,1,0,
1.4524E+18,100%,100%,f,1,2,t,f,Charlestown,42.3773,-71.05951,Entire condo,Entire home/apt,4,1,2,2,$283.00 ,3,91,t,18,41,68,333,1,1,0,78,0,6,1698,5,5,5,5,5,5,5,t,1,1,0,0,0.83
1.45282E+18,100%,100%,f,1,2,t,f,Mattapan,42.27164685,-71.07604933,Entire home,Entire home/apt,6,2.5,3,3,$230.00 ,3,365,t,15,37,67,342,4,4,1,76,0,24,5520,4.5,4.75,4.75,4.5,4.5,4,4.5,t,1,1,0,0,2.67
1.45315E+18,100%,100%,f,2,2,t,f,Dorchester,42.30726,-71.06078,Entire home,Entire home/apt,8,2,4,6,$316.00 ,1,29,t,13,21,21,72,3,3,1,21,0,18,5688,5,5,4.67,5,5,4.67,5,t,1,1,0,0,1.91
1.45375E+18,100%,98%,t,4,4,t,t,East Boston,42.39014,-71.00436,Entire home,Entire home/apt,4,1.5,2,2,$685.00 ,1,365,t,0,0,0,22,0,0,0,0,0,0,0,,,,,,,,f,2,1,1,0,
1.45381E+18,78%,100%,f,5,8,t,f,East Boston,42.39061,-71.0017,Entire home,Entire home/apt,6,1,3,3,$144.00 ,31,365,t,5,35,65,340,0,0,0,75,0,0,0,,,,,,,,t,5,1,4,0,
1.45406E+18,90%,97%,f,1,1,t,t,Brighton,42.33781,-71.15398,Entire home,Entire home/apt,8,2,3,6,$214.00 ,1,365,t,6,10,15,15,9,9,4,15,0,54,11556,4.44,4.56,4.33,4.56,4.56,4.78,4.56,f,1,1,0,0,4.09
1.45443E+18,100%,100%,t,35,76,t,t,Jamaica Plain,42.28994,-71.11263,Entire guest suite,Entire home/apt,4,1,2,2,$134.00 ,1,27,t,15,42,65,218,5,5,5,65,0,30,4020,4.6,4.4,5,4.6,4.8,4.8,4.2,f,23,23,0,0,5
1.45465E+18,100%,100%,t,130,133,t,t,South End,42.34323,-71.07752,Entire rental unit,Entire home/apt,2,1,0,2,$188.00 ,1,365,t,20,34,34,34,12,12,4,34,0,72,13536,4.92,4.92,4.92,5,5,5,4.75,t,36,36,0,0,4.44
1.45473E+18,100%,100%,t,130,133,t,t,South End,42.34383,-71.07886,Entire rental unit,Entire home/apt,4,1,1,2,$250.00 ,1,365,t,21,40,40,40,7,7,3,40,0,42,10500,5,5,5,4.83,5,5,4.67,t,36,36,0,0,3.5
1.45519E+18,99%,99%,f,15,22,t,t,North End,42.36746,-71.05672,Entire rental unit,Entire home/apt,5,1,2,2,$233.00 ,2,365,t,5,17,37,289,9,9,4,46,0,54,12582,3.67,4,3.56,4.22,4.67,4.56,3.67,f,10,10,0,0,4.74
1.45616E+18,100%,82%,f,1,1,f,t,Roxbury,42.32121,-71.09197,Entire home,Entire home/apt,9,2.5,3,5,$350.00 ,1,365,t,21,47,77,167,4,4,2,87,0,24,8400,3.75,3.75,4.5,3.25,4,3.75,3.75,f,1,1,0,0,2.07
1.45654E+18,100%,87%,f,8,16,t,t,South Boston,42.33715,-71.02978,Entire home,Entire home/apt,11,2,5,5,$418.00 ,2,365,t,15,42,69,158,10,10,4,78,0,60,25080,5,4.9,5,5,5,5,5,f,7,2,5,0,5
1.45733E+18,100%,100%,t,165,421,t,t,Dorchester,42.32046,-71.05602,Entire home,Entire home/apt,8,2,3,4,$275.00 ,30,1125,t,13,25,50,309,6,6,3,57,0,255,70125,5,4.83,4.83,5,5,4.33,4.67,t,1,1,0,0,2.54
1.45764E+18,100%,99%,t,3,4,t,t,Dorchester,42.302177,-71.0624284,Private room in home,Private room,2,1,1,1,$69.00 ,3,365,t,12,35,65,75,0,0,0,75,0,0,0,,,,,,,,f,3,0,3,0,
1.45795E+18,100%,100%,t,2,7,t,t,Downtown,42.34961,-71.06439,Room in hotel,Private room,2,1,1,1,$403.00 ,1,365,t,26,56,86,360,26,26,9,95,0,156,62868,4.88,4.77,4.92,4.85,4.85,4.88,4.69,t,2,0,2,0,10.4
1.45796E+18,100%,100%,t,2,7,t,t,Downtown,42.34974,-71.0643,Room in hotel,Private room,2,1,1,1,$413.00 ,1,365,t,26,56,86,360,19,19,6,95,0,114,47082,4.58,4.79,4.84,4.79,4.79,4.58,4.32,t,2,0,2,0,7.5
1.45839E+18,100%,98%,t,50,57,t,t,North End,42.36704193,-71.05842846,Private room in rental unit,Private room,2,1,1,1,$259.00 ,2,365,t,5,21,41,262,0,0,0,46,0,0,0,,,,,,,,f,18,8,10,0,
1.45879E+18,100%,96%,t,17,57,t,t,Allston,42.36036729,-71.1254306,Private room in rental unit,Private room,1,1,1,1,$56.00 ,29,365,t,0,0,2,277,0,0,0,12,0,0,0,,,,,,,,f,12,2,10,0,
1.45904E+18,100%,100%,t,32,32,t,t,Fenway,42.34287085,-71.09835736,Entire rental unit,Entire home/apt,4,1,1,1,$181.00 ,2,365,t,4,31,61,308,12,12,3,70,0,72,13032,4.83,5,4.92,4.83,5,5,4.83,f,30,28,2,0,5.14
1.45942E+18,100%,96%,t,17,57,t,t,Allston,42.36166,-71.1274,Entire rental unit,Entire home/apt,2,1,0,1,$104.00 ,30,365,t,7,11,41,316,0,0,0,51,0,0,0,,,,,,,,f,12,2,10,0,
1.45985E+18,100%,94%,t,11,11,t,t,Roxbury,42.32777,-71.0875,Entire rental unit,Entire home/apt,8,2,2,4,$343.00 ,1,365,t,8,31,53,324,9,9,3,63,0,54,18522,4.89,4.56,5,5,5,4.44,4.67,f,10,10,0,0,4.09
1.46018E+18,100%,62%,f,184,251,t,t,Fenway,42.3429115,-71.0990346,Entire rental unit,Entire home/apt,3,1,1,1,$292.00 ,29,730,t,1,1,2,104,0,0,0,2,0,0,0,,,,,,,,f,55,55,0,0,
1.46091E+18,100%,96%,t,17,57,t,t,Allston,42.36168,-71.12563,Private room in rental unit,Private room,1,1,1,1,$56.00 ,55,365,t,0,0,5,280,0,0,0,15,0,0,0,,,,,,,,f,12,2,10,0,
1.46153E+18,100%,96%,f,5084,5865,t,t,Chinatown,42.3497167,-71.0602838,Entire rental unit,Entire home/apt,2,1,1,1,$315.00 ,30,1125,t,0,0,11,286,0,0,0,20,0,0,0,,,,,,,,t,343,343,0,0,
1.46157E+18,100%,100%,t,6,18,t,t,Downtown,42.35113,-71.06941,Room in hotel,Private room,2,1,1,1,$250.00 ,1,365,t,9,28,58,143,23,23,9,67,0,138,34500,4.87,4.91,4.95,4.95,4.95,4.82,4.86,t,6,0,6,0,10.62
1.46157E+18,100%,100%,t,6,18,t,t,Beacon Hill,42.35284,-71.06835,Room in hotel,Private room,4,1,1,2,$213.00 ,1,365,t,4,22,50,127,15,15,4,59,0,90,19170,4.67,4.73,4.87,4.8,4.73,4.6,4.47,t,6,0,6,0,10.47
1.46157E+18,100%,100%,t,6,18,t,t,Downtown,42.35143,-71.06869,Room in hotel,Private room,2,1,1,1,$233.00 ,1,365,t,14,31,61,143,0,0,0,70,0,0,0,,,,,,,,t,6,0,6,0,
1.46158E+18,100%,100%,t,6,18,t,t,Beacon Hill,42.35342,-71.06805,Room in hotel,Private room,4,1,1,2,$226.00 ,1,365,t,10,22,52,131,2,2,2,61,0,12,2712,5,5,5,5,5,5,5,t,6,0,6,0,2
1.46158E+18,100%,100%,t,6,18,t,t,Downtown,42.35124828,-71.06835694,Room in hotel,Private room,2,1,1,1,$239.00 ,1,365,t,13,32,61,145,1,1,0,70,0,6,1434,2,3,3,1,1,2,1,t,6,0,6,0,0.54
1.46158E+18,100%,100%,t,6,18,t,t,Downtown,42.35119,-71.0695,Room in hotel,Private room,4,1,1,2,$254.00 ,1,365,t,16,37,67,144,19,19,6,76,0,114,28956,4.89,5,4.94,4.94,4.83,4.72,4.67,t,6,0,6,0,8.77
1.46178E+18,96%,89%,f,4,4,t,t,Dorchester,42.31728,-71.05878,Entire rental unit,Entire home/apt,8,1,3,5,$207.00 ,2,28,t,16,46,76,255,0,0,0,85,0,0,0,,,,,,,,f,3,3,0,0,
1.4618E+18,N/A,N/A,f,1,1,t,t,Dorchester,42.2841886,-71.0739505,Entire rental unit,Entire home/apt,3,2,2,2,$129.00 ,91,365,,28,58,88,344,0,0,0,97,0,0,0,,,,,,,,f,1,1,0,0,
1.46217E+18,100%,96%,f,5084,5865,t,t,Brighton,42.346069,-71.145748,Entire rental unit,Entire home/apt,4,2,2,2,$367.00 ,30,1125,t,0,1,1,236,0,0,0,1,0,0,0,,,,,,,,t,343,343,0,0,
1.46218E+18,100%,96%,f,5084,5865,t,t,Brighton,42.3467221,-71.1467655,Entire rental unit,Entire home/apt,4,2,2,2,$331.00 ,30,1125,t,0,0,0,94,0,0,0,0,0,0,0,,,,,,,,t,343,343,0,0,
1.46218E+18,100%,96%,f,5084,5865,t,t,South End,42.3385573,-71.0690708,Entire rental unit,Entire home/apt,2,1,1,1,$318.00 ,30,1125,t,0,0,0,138,0,0,0,0,0,0,0,,,,,,,,t,343,343,0,0,
1.46232E+18,100%,100%,f,9,19,t,t,Brighton,42.36463686,-71.1353854,Room in hotel,Private room,2,1,1,1,$237.00 ,1,365,t,21,50,80,341,5,5,5,89,0,30,7110,4.6,4.8,5,5,4.8,4.2,4.4,t,9,0,9,0,5
1.46232E+18,100%,100%,f,9,19,t,t,Brighton,42.36343,-71.13539,Room in hotel,Private room,4,1,1,2,$285.00 ,1,365,t,25,54,84,346,10,10,7,94,0,60,17100,4.9,5,5,5,5,5,5,t,9,0,9,0,6.98
1.46232E+18,100%,100%,f,9,19,t,t,Brighton,42.36313069,-71.13599724,Room in hotel,Private room,2,1,0,0,$286.00 ,1,365,t,18,47,77,338,0,0,0,86,0,0,0,,,,,,,,t,9,0,9,0,
1.46233E+18,100%,100%,f,9,19,t,t,Brighton,42.36346035,-71.13754296,Room in hotel,Private room,2,1,1,2,$398.00 ,1,365,t,13,35,64,302,0,0,0,70,0,0,0,,,,,,,,t,9,0,9,0,
1.46233E+18,100%,100%,f,9,19,t,t,Brighton,42.36324725,-71.13716776,Room in hotel,Private room,2,1,1,2,$434.00 ,1,365,t,13,35,62,315,0,0,0,71,0,0,0,,,,,,,,t,9,0,9,0,
1.46233E+18,100%,100%,f,9,19,t,t,Brighton,42.36311,-71.13553,Room in hotel,Private room,2,1,1,2,$345.00 ,1,365,t,18,44,67,314,1,1,0,76,0,6,2070,5,5,4,5,5,4,5,t,9,0,9,0,0.45
1.46233E+18,100%,100%,f,9,19,t,t,Brighton,42.36442976,-71.13759283,Room in hotel,Private room,2,1,1,1,$367.00 ,1,365,t,13,40,68,317,0,0,0,77,0,0,0,,,,,,,,t,9,0,9,0,
1.46233E+18,100%,100%,f,9,19,t,t,Brighton,42.36308,-71.13723,Room in hotel,Private room,2,1,1,1,$339.00 ,1,365,t,25,49,79,332,0,0,0,88,0,0,0,,,,,,,,t,9,0,9,0,
1.46233E+18,100%,100%,f,9,19,t,t,Brighton,42.36366,-71.13723,Room in hotel,Private room,2,1,1,1,$227.00 ,1,365,t,13,32,62,323,0,0,0,71,0,0,0,,,,,,,,t,9,0,9,0,
1.46237E+18,100%,100%,t,10,22,t,t,Back Bay,42.35169,-71.07082,Room in hotel,Private room,2,1,1,1,$458.00 ,1,365,t,24,54,84,169,17,17,11,93,0,102,46716,5,5,5,5,4.82,4.94,4.82,t,10,0,10,0,7.73
1.46237E+18,100%,100%,t,10,22,t,t,Back Bay,42.35206,-71.07198,Room in hotel,Private room,2,1,1,1,$443.00 ,1,365,t,10,39,68,151,1,1,1,77,0,6,2658,5,5,5,5,5,5,5,t,10,0,10,0,1
1.46237E+18,100%,100%,t,10,22,t,t,Back Bay,42.3518,-71.07141,Room in hotel,Private room,2,1,1,1,$440.00 ,1,365,t,15,43,73,158,0,0,0,82,0,0,0,,,,,,,,t,10,0,10,0,
1.46238E+18,100%,100%,t,10,22,t,t,Back Bay,42.35365,-71.07208,Room in hotel,Private room,4,1,1,2,$485.00 ,1,365,t,16,45,75,160,5,5,1,84,0,30,14550,5,5,5,5,5,5,5,t,10,0,10,0,2.88
1.46238E+18,100%,100%,t,10,22,t,t,Downtown,42.35199,-71.07016,Room in hotel,Private room,2,1,0,0,$470.00 ,1,365,t,16,46,76,160,1,1,1,85,0,6,2820,5,5,5,5,5,5,5,t,10,0,10,0,1
1.46238E+18,100%,100%,t,10,22,t,t,Back Bay,42.35172,-71.07085,Room in hotel,Private room,2,1,1,1,$815.00 ,1,365,t,0,0,0,76,0,0,0,0,0,0,0,,,,,,,,t,10,0,10,0,
1.46238E+18,100%,100%,t,10,22,t,t,Back Bay,42.35172,-71.07064,Room in hotel,Private room,2,1,1,1,$571.00 ,1,365,t,20,50,78,163,0,0,0,87,0,0,0,,,,,,,,t,10,0,10,0,
1.46238E+18,100%,100%,t,10,22,t,t,Back Bay,42.35169,-71.07195,Room in hotel,Private room,4,1,1,2,$685.00 ,1,365,t,23,53,83,168,3,3,1,92,0,18,12330,5,5,5,5,5,5,5,t,10,0,10,0,1.64
1.46238E+18,100%,100%,t,10,22,t,t,Back Bay,42.35206,-71.07226,Room in hotel,Private room,2,1,1,1,$753.00 ,1,365,t,24,54,80,165,1,1,0,89,0,6,4518,5,5,5,5,5,5,5,t,10,0,10,0,0.64
1.46238E+18,100%,100%,t,10,22,t,t,Back Bay,42.35355,-71.07159,Room in hotel,Private room,2,1,1,1,$772.00 ,1,365,t,22,52,80,165,0,0,0,89,0,0,0,,,,,,,,t,10,0,10,0,
1.46255E+18,100%,N/A,f,1,1,t,f,Jamaica Plain,42.30883,-71.10481,Entire rental unit,Entire home/apt,4,1,2,2,$165.00 ,91,365,t,30,60,90,364,0,0,0,99,0,0,0,,,,,,,,f,1,1,0,0,
1.46293E+18,100%,96%,f,5084,5865,t,t,Fenway,42.3437753,-71.0863087,Entire rental unit,Entire home/apt,2,1,1,1,$279.00 ,30,1125,t,0,0,0,268,0,0,0,2,0,0,0,,,,,,,,t,343,343,0,0,
1.46295E+18,100%,96%,f,5084,5865,t,t,Fenway,42.3437753,-71.0863087,Entire rental unit,Entire home/apt,2,1,1,1,$292.00 ,30,1125,t,0,0,0,71,0,0,0,0,0,0,0,,,,,,,,t,343,343,0,0,
1.464E+18,99%,99%,f,15,22,t,t,West End,42.36164,-71.07014,Entire rental unit,Entire home/apt,3,1,2,2,$259.00 ,2,365,t,0,0,22,274,0,0,0,31,0,0,0,,,,,,,,f,10,10,0,0,
1.46463E+18,N/A,N/A,f,1,1,t,t,Dorchester,42.31128816,-71.04822874,Entire rental unit,Entire home/apt,4,1,2,2,$150.00 ,1,7,t,2,18,18,18,2,2,2,18,0,12,1800,5,5,5,5,5,5,5,f,1,1,0,0,2
1.46656E+18,N/A,N/A,f,1,1,t,t,Dorchester,42.296,-71.07722,Entire rental unit,Entire home/apt,4,2,2,2,$300.00 ,91,365,t,30,60,90,364,0,0,0,99,0,0,0,,,,,,,,f,1,1,0,0,
1.46659E+18,68%,98%,f,3,7,t,t,Leather District,42.35066,-71.05855,Entire rental unit,Entire home/apt,5,1,0,1,$200.00 ,3,30,t,0,0,0,0,1,1,1,0,0,6,1200,4,3,5,5,5,5,5,t,3,3,0,0,1
1.46666E+18,100%,90%,f,13,13,t,f,Back Bay,42.34969,-71.07314,Entire rental unit,Entire home/apt,4,1.5,1,1,$300.00 ,30,365,t,0,4,34,43,3,3,1,43,0,180,54000,4.67,5,5,5,5,5,4.33,f,12,12,0,0,2.09
1.46682E+18,100%,62%,f,184,251,t,t,South Boston Waterfront,42.3498534,-71.0443746,Entire rental unit,Entire home/apt,3,1,1,1,$250.00 ,30,730,t,1,1,3,278,0,0,0,13,0,0,0,,,,,,,,t,55,55,0,0,
1.46739E+18,100%,82%,f,63,85,t,t,Dorchester,42.29496,-71.04676,Room in hotel,Hotel room,4,1,1,0,"$50,000.00 ",1,365,t,30,60,90,337,0,0,0,99,0,0,0,,,,,,,,t,7,0,0,0,
1.46739E+18,100%,82%,f,63,85,t,t,Dorchester,42.29496,-71.04676,Room in hotel,Hotel room,4,1,1,0,"$50,000.00 ",1,365,t,30,60,90,337,0,0,0,99,0,0,0,,,,,,,,t,7,0,0,0,
1.46739E+18,100%,82%,f,63,85,t,t,Dorchester,42.2949563,-71.0467594,Room in hotel,Hotel room,8,2,2,0,"$50,000.00 ",1,365,t,29,59,89,336,0,0,0,98,0,0,0,,,,,,,,t,7,0,0,0,
1.46739E+18,100%,82%,f,63,85,t,t,Dorchester,42.29496,-71.04676,Room in hotel,Hotel room,2,1,1,0,"$50,000.00 ",1,365,t,12,35,65,312,0,0,0,74,0,0,0,,,,,,,,t,7,0,0,0,
1.46739E+18,100%,82%,f,63,85,t,t,Dorchester,42.2949563,-71.0467594,Room in hotel,Hotel room,2,1,1,0,"$50,000.00 ",1,365,t,12,35,65,312,0,0,0,74,0,0,0,,,,,,,,t,7,0,0,0,
1.46739E+18,100%,82%,f,63,85,t,t,Dorchester,42.2949563,-71.0467594,Room in hotel,Hotel room,2,1,1,0,"$50,000.00 ",1,365,t,23,49,79,326,1,1,1,88,0,6,300000,5,5,5,5,5,5,5,t,7,0,0,0,1
1.46739E+18,100%,82%,f,63,85,t,t,Dorchester,42.29496,-71.04676,Room in hotel,Hotel room,2,1,1,0,"$50,000.00 ",1,365,t,23,49,79,326,0,0,0,88,0,0,0,,,,,,,,t,7,0,0,0,
1.4684E+18,97%,99%,f,6,25,t,t,South End,42.3461643,-71.0629436,Entire rental unit,Entire home/apt,7,2,2,3,$660.00 ,2,365,t,7,35,61,333,0,0,0,70,0,0,0,,,,,,,,t,5,5,0,0,
1.46968E+18,100%,94%,f,23,23,t,t,Dorchester,42.30299592,-71.06393736,Private room in rental unit,Private room,2,1.5,1,2,$109.00 ,29,30,t,3,25,55,327,1,1,0,64,0,58,6322,5,5,5,5,5,5,5,t,23,2,21,0,0.48
1.46976E+18,97%,99%,f,6,25,t,t,South End,42.3461643,-71.0629436,Entire rental unit,Entire home/apt,7,2,2,6,$567.00 ,2,365,t,15,37,67,311,0,0,0,76,0,0,0,,,,,,,,t,5,5,0,0,
1.4699E+18,83%,100%,,3,5,t,t,East Boston,42.37849,-71.03607,Private room in rental unit,Private room,1,1,1,1,$59.00 ,29,365,t,0,0,0,265,0,0,0,0,0,0,0,,,,,,,,f,2,0,2,0,
1.47027E+18,100%,100%,t,130,133,t,t,Back Bay,42.35212581,-71.07660123,Entire rental unit,Entire home/apt,2,1,0,1,$292.00 ,1,365,t,5,32,58,281,9,9,4,67,0,54,15768,4.67,4.44,4.44,4.89,4.89,4.89,4.44,t,36,36,0,0,5
1.47044E+18,100%,62%,f,184,251,t,t,South Boston Waterfront,42.3498534,-71.0443746,Entire rental unit,Entire home/apt,3,1,1,1,$263.00 ,30,730,t,0,24,54,329,0,0,0,63,0,0,0,,,,,,,,t,55,55,0,0,
1.47044E+18,100%,100%,t,3,16,t,f,Roxbury,42.329532,-71.088219,Entire rental unit,Entire home/apt,9,2,4,5,$454.00 ,1,1125,t,25,49,79,354,2,2,1,89,0,12,5448,2.5,2.5,3,3,2.5,3.5,2.5,t,3,3,0,0,1.02
1.47286E+18,100%,93%,t,10,11,t,t,Dorchester,42.28446436,-71.06978878,Entire rental unit,Entire home/apt,5,1,3,3,$97.00 ,91,365,t,0,0,21,296,0,0,0,30,0,0,0,,,,,,,,t,6,6,0,0,
1.47355E+18,100%,97%,f,31,42,t,t,Mission Hill,42.33128,-71.1108,Private room in rental unit,Private room,2,0,1,1,$63.00 ,30,365,t,0,2,32,307,0,0,0,41,0,0,0,,,,,,,,t,11,0,11,0,
1.47399E+18,100%,100%,t,39,40,t,t,Brighton,42.34619,-71.14422,Entire rental unit,Entire home/apt,5,1,2,5,$211.00 ,1,365,t,15,32,62,238,7,7,2,71,0,42,8862,5,5,5,5,5,5,5,t,39,39,0,0,3.68
1.47421E+18,100%,100%,t,7,34,t,t,Dorchester,42.30198,-71.06783,Entire rental unit,Entire home/apt,12,2,3,7,$538.00 ,1,28,t,13,39,69,341,4,4,1,78,0,24,12912,5,5,5,5,5,4.75,5,t,4,4,0,0,2.86
1.47426E+18,100%,100%,t,7,34,t,t,Dorchester,42.30234,-71.06827,Entire rental unit,Entire home/apt,12,2,3,7,$345.00 ,1,28,t,16,40,70,342,4,4,3,80,0,24,8280,4.75,5,5,5,5,4.25,4.25,t,4,4,0,0,3.75
1.47485E+18,100%,97%,f,31,42,t,t,Mission Hill,42.33079788,-71.11027525,Private room in rental unit,Private room,1,0,1,1,$70.00 ,30,365,t,0,19,49,324,0,0,0,59,0,0,0,,,,,,,,t,11,0,11,0,
1.47496E+18,68%,98%,f,3,7,t,t,Jamaica Plain,42.31023,-71.09889,Entire rental unit,Entire home/apt,6,2,2,4,$514.00 ,3,30,t,22,52,82,261,0,0,0,91,0,0,0,,,,,,,,t,3,3,0,0,
1.47555E+18,100%,97%,t,8,8,t,t,East Boston,42.37585,-71.03599,Private room in home,Private room,2,2,1,1,$132.00 ,1,365,t,11,30,58,329,11,11,8,65,0,66,8712,5,5,4.91,4.82,5,4.55,4.91,t,6,0,6,0,6.6
1.47555E+18,100%,97%,t,8,8,t,t,East Boston,42.37441,-71.03758,Private room in home,Private room,2,2,1,1,$130.00 ,1,14,t,7,24,47,303,16,16,8,56,0,96,12480,5,4.88,5,4.75,4.81,4.69,4.81,t,6,0,6,0,9.6
1.47555E+18,90%,94%,f,13,13,t,t,Dorchester,42.31928576,-71.05430082,Private room in rental unit,Private room,3,1,1,1,$109.00 ,29,29,t,19,40,69,342,0,0,0,79,0,0,0,,,,,,,,t,13,0,13,0,
1.47557E+18,N/A,N/A,f,1,1,t,t,Dorchester,42.28807,-71.04796,Private room in home,Private room,1,1,1,1,$68.00 ,91,365,,27,57,87,177,0,0,0,97,0,0,0,,,,,,,,f,1,0,1,0,
1.47561E+18,100%,97%,t,8,8,t,t,East Boston,42.37645,-71.03727,Private room in home,Private room,2,2,1,1,$130.00 ,1,14,t,13,43,73,348,5,5,2,83,0,30,3900,5,4.8,5,4.8,5,5,4.8,t,6,0,6,0,2.88
1.47567E+18,100%,100%,f,1,1,t,t,Back Bay,42.34941,-71.08683,Entire rental unit,Entire home/apt,2,1,0,1,$129.00 ,30,365,t,11,19,39,313,0,0,0,48,0,0,0,,,,,,,,f,1,1,0,0,
1.47606E+18,100%,100%,f,2,8,t,t,South End,42.34209,-71.07361,Entire rental unit,Entire home/apt,2,1,1,1,$242.00 ,1,365,t,8,38,68,340,2,2,2,77,0,12,2904,5,4.5,5,5,5,5,4.5,t,2,2,0,0,2
1.47615E+18,100%,100%,f,2,8,t,t,South End,42.34323,-71.07364,Entire rental unit,Entire home/apt,2,1,1,0,$233.00 ,1,365,t,24,54,84,359,1,1,1,93,0,6,1398,5,5,5,3,5,5,5,t,2,2,0,0,1
1.47623E+18,100%,99%,t,42,50,t,t,Chinatown,42.35038238,-71.06228182,Entire rental unit,Entire home/apt,6,2,2,6,$552.00 ,1,365,t,11,41,71,160,0,0,0,80,0,0,0,,,,,,,,t,9,9,0,0,
1.47629E+18,90%,50%,f,1,1,t,f,South Boston,42.33751,-71.03799,Entire rental unit,Entire home/apt,7,2,2,5,$362.00 ,2,365,t,15,39,69,341,0,0,0,79,0,0,0,,,,,,,,f,1,1,0,0,
1.4764E+18,100%,94%,t,11,11,t,t,Allston,42.35066,-71.14177,Entire rental unit,Entire home/apt,4,1,1,2,$222.00 ,1,365,t,18,48,76,351,11,11,6,86,0,66,14652,4.73,4.64,5,5,4.91,5,4.55,f,10,10,0,0,6.23
1.47787E+18,100%,100%,f,1,3,t,f,Bay Village,42.34884172,-71.06861267,Entire home,Entire home/apt,4,1,2,2,$434.00 ,2,365,t,9,34,61,61,6,6,6,61,0,36,15624,5,5,5,5,5,5,5,f,1,1,0,0,6
1.47827E+18,90%,100%,f,1,1,t,t,Dorchester,42.28743,-71.04217,Entire home,Entire home/apt,4,2,2,3,$360.00 ,1,365,t,23,53,83,358,5,5,2,93,0,30,10800,5,5,5,5,5,5,5,f,1,1,0,0,3.41
1.47839E+18,100%,100%,t,39,40,t,t,Brighton,42.34619,-71.14523,Entire rental unit,Entire home/apt,5,1,2,4,$247.00 ,1,365,t,15,45,67,341,5,5,3,76,0,30,7410,5,4.6,5,5,5,5,5,t,39,39,0,0,3.19
1.47929E+18,100%,97%,f,1,1,t,t,South Boston,42.33893,-71.037,Entire rental unit,Entire home/apt,6,2,3,3,$289.00 ,1,365,t,6,27,56,56,6,6,4,56,0,36,10404,4.83,5,5,5,5,4.8,5,f,1,1,0,0,5.45
1.48112E+18,100%,100%,t,14,14,t,t,North End,42.3659729,-71.05788,Entire home,Entire home/apt,6,2.5,3,3,$518.00 ,1,365,t,2,12,33,124,9,9,7,42,0,54,27972,5,5,5,5,5,5,5,t,2,2,0,0,5.74
1.48116E+18,100%,100%,t,32,32,t,t,Fenway,42.35037,-71.09574,Entire rental unit,Entire home/apt,4,1,2,2,$350.00 ,2,365,t,2,17,44,287,9,9,6,54,0,54,18900,4.89,5,5,5,5,5,5,t,30,28,2,0,6.43
1.48187E+18,100%,88%,f,1,1,t,t,Brighton,42.34482,-71.15031,Entire rental unit,Entire home/apt,5,2,2,4,$275.00 ,2,30,t,16,44,74,345,1,1,1,84,0,6,1650,5,5,5,5,5,5,5,t,1,1,0,0,1
1.48347E+18,100%,94%,t,11,11,t,t,Allston,42.35205,-71.14113,Entire rental unit,Entire home/apt,12,2,5,6,$594.00 ,1,365,t,20,21,21,21,6,6,6,21,0,36,21384,4.33,4.33,4.83,4.5,4.83,4.67,4.33,t,10,10,0,0,6
1.48404E+18,100%,100%,f,1,1,t,f,Brighton,42.34242,-71.16682,Private room in rental unit,Private room,2,1,1,0,$64.00 ,15,365,t,0,0,1,275,1,1,1,10,0,30,1920,5,5,5,5,5,5,5,f,1,0,1,0,1
1.48435E+18,100%,99%,t,42,50,t,t,Downtown,42.35129,-71.06873,Entire rental unit,Entire home/apt,6,2,2,5,$571.00 ,1,365,t,13,34,64,153,3,3,1,73,0,18,10278,5,5,5,5,5,5,5,t,9,9,0,0,2.37
1.48446E+18,100%,99%,t,4,4,t,t,South Boston,42.33172,-71.03917,Entire rental unit,Entire home/apt,8,1,3,4,$536.00 ,1,1125,t,13,43,73,348,1,1,1,83,0,6,3216,5,5,5,5,5,5,5,f,1,1,0,0,1
1.4856E+18,100%,100%,,20,38,t,t,East Boston,42.38627,-71.00439,Private room in home,Private room,3,1,1,2,$92.00 ,1,365,t,6,22,48,137,11,11,8,57,0,66,6072,5,4.82,4.91,5,5,4.64,5,f,4,0,4,0,8.68
1.48737E+18,100%,100%,f,3,3,t,f,Dorchester,42.32466696,-71.05689921,Entire rental unit,Entire home/apt,11,3,5,5,$581.00 ,2,365,t,21,51,81,122,0,0,0,91,0,0,0,,,,,,,,f,1,1,0,0,
1.48771E+18,100%,100%,f,8,10,t,t,Brighton,42.34675,-71.14259,Entire rental unit,Entire home/apt,4,2,2,2,$157.00 ,29,365,t,20,50,58,58,0,0,0,58,0,0,0,,,,,,,,t,8,8,0,0,
1.48775E+18,100%,100%,f,8,10,t,t,Brighton,42.34660095,-71.14086615,Entire rental unit,Entire home/apt,4,2,2,2,$160.00 ,29,365,t,0,13,43,69,1,1,1,52,0,58,9280,5,5,5,5,5,5,5,t,8,8,0,0,1
1.48789E+18,100%,75%,f,3,5,t,t,Jamaica Plain,42.3209995,-71.1236845,Entire rental unit,Entire home/apt,4,3,2,2,$200.00 ,275,365,t,30,60,90,365,0,0,0,100,0,0,0,,,,,,,,t,1,1,0,0,
1.48807E+18,100%,100%,,26,35,t,t,Dorchester,42.3075175,-71.0754278,Entire rental unit,Entire home/apt,13,2,4,7,$309.00 ,1,28,t,14,33,60,276,0,0,0,60,0,0,0,,,,,,,,t,5,5,0,0,
1.48842E+18,100%,100%,t,7,34,t,t,Dorchester,42.31445,-71.05607,Entire home,Entire home/apt,13,1.5,3,8,$439.00 ,1,28,t,11,35,60,329,0,0,0,69,0,0,0,,,,,,,,t,4,4,0,0,
1.48844E+18,100%,100%,t,32,32,t,t,Brighton,42.34477,-71.151,Private room in rental unit,Private room,2,1.5,1,1,$47.00 ,29,365,t,4,4,27,127,0,0,0,37,0,0,0,,,,,,,,t,30,28,2,0,
1.48906E+18,100%,100%,f,1,1,t,f,North End,42.36442027,-71.056583,Entire rental unit,Entire home/apt,2,1,1,1,$260.00 ,1,30,t,3,14,17,17,5,5,5,17,0,30,7800,5,5,5,5,5,4.8,4.8,t,1,1,0,0,5
1.48982E+18,N/A,N/A,,40,43,t,t,Allston,42.34753,-71.13956,Entire rental unit,Entire home/apt,2,1,0,1,$159.00 ,2,365,t,7,27,54,257,3,3,2,63,0,18,2862,5,5,5,5,5,5,5,t,1,1,0,0,2.81
1.49012E+18,100%,100%,t,2,2,t,t,Dorchester,42.2828031,-71.0515875,Entire rental unit,Entire home/apt,7,2,1,1,$140.00 ,2,365,t,14,44,74,349,1,1,1,84,0,6,840,5,5,5,5,5,4,5,f,1,1,0,0,1
1.49034E+18,100%,94%,f,23,23,t,t,Dorchester,42.30200396,-71.06386696,Private room in rental unit,Private room,2,1.5,1,1,$102.00 ,29,365,t,0,21,51,326,0,0,0,61,0,0,0,,,,,,,,t,23,2,21,0,
1.49034E+18,100%,94%,f,23,23,t,t,Dorchester,42.30182614,-71.06381961,Private room in rental unit,Private room,3,1.5,1,1,$102.00 ,29,365,t,0,21,51,326,0,0,0,61,0,0,0,,,,,,,,t,23,2,21,0,
1.49034E+18,100%,94%,f,23,23,t,t,Dorchester,42.30185158,-71.06590143,Private room in rental unit,Private room,2,1.5,1,1,$103.00 ,29,365,t,0,21,51,326,0,0,0,61,0,0,0,,,,,,,,t,23,2,21,0,
1.49034E+18,100%,94%,f,23,23,t,t,Dorchester,42.30335,-71.0644,Private room in rental unit,Private room,3,1.5,1,1,$103.00 ,29,365,t,0,21,51,326,0,0,0,61,0,0,0,,,,,,,,t,23,2,21,0,
1.49064E+18,100%,94%,f,23,23,t,t,Dorchester,42.30127,-71.06395,Private room in rental unit,Private room,2,1.5,1,1,$95.00 ,29,365,t,0,21,51,326,0,0,0,61,0,0,0,,,,,,,,t,23,2,21,0,
1.49064E+18,100%,94%,f,23,23,t,t,Dorchester,42.30213,-71.06406,Private room in rental unit,Private room,3,1.5,1,1,$103.00 ,29,365,t,0,21,51,326,0,0,0,61,0,0,0,,,,,,,,t,23,2,21,0,
1.49065E+18,100%,94%,f,23,23,t,t,Dorchester,42.30164536,-71.06400822,Private room in rental unit,Private room,3,1.5,1,1,$103.00 ,29,365,t,0,21,51,326,0,0,0,61,0,0,0,,,,,,,,t,23,2,21,0,
1.49065E+18,100%,94%,f,23,23,t,t,Dorchester,42.30333577,-71.06603231,Private room in rental unit,Private room,3,1.5,1,1,$103.00 ,29,365,t,0,24,54,329,0,0,0,64,0,0,0,,,,,,,,t,23,2,21,0,
1.49065E+18,100%,94%,f,23,23,t,t,Dorchester,42.30349053,-71.06375896,Private room in rental unit,Private room,2,0,1,1,$103.00 ,29,365,t,0,21,51,326,0,0,0,61,0,0,0,,,,,,,,t,23,2,21,0,
1.49066E+18,100%,94%,f,23,23,t,t,Dorchester,42.30338,-71.06548,Entire rental unit,Entire home/apt,8,1.5,3,3,$314.00 ,29,365,t,13,43,73,348,0,0,0,82,0,0,0,,,,,,,,t,23,2,21,0,
1.49066E+18,100%,94%,f,23,23,t,t,Dorchester,42.30157,-71.06596,Entire rental unit,Entire home/apt,10,1.5,4,4,$428.00 ,29,365,t,0,22,52,327,0,0,0,61,0,0,0,,,,,,,,t,23,2,21,0,
1.49076E+18,100%,90%,f,13,13,t,f,Dorchester,42.29555921,-71.05607438,Entire rental unit,Entire home/apt,8,2,3,3,$261.00 ,29,1125,t,0,29,59,325,1,1,1,69,0,58,15138,5,5,5,5,5,5,5,f,12,12,0,0,1
1.49139E+18,100%,100%,t,2,3,t,t,South Boston,42.33795433,-71.05274778,Entire rental unit,Entire home/apt,4,2,2,2,$296.00 ,1,365,t,9,28,56,230,1,1,1,64,0,6,1776,5,5,5,5,5,5,5,t,2,2,0,0,1
1.49187E+18,98%,50%,f,602,1413,t,t,Jamaica Plain,42.31474759,-71.09935777,Private room in rental unit,Private room,1,0,1,1,$59.00 ,31,365,t,0,0,0,53,0,0,0,1,0,0,0,,,,,,,,f,51,4,47,0,
1.49206E+18,100%,100%,t,14,14,t,t,North End,42.365967,-71.05795,Entire home,Entire home/apt,6,2.5,3,3,$401.00 ,29,365,t,8,26,48,140,3,3,3,58,0,174,69774,5,5,5,5,5,5,5,t,2,2,0,0,3
1.49233E+18,100%,98%,t,50,57,t,t,North End,42.36461,-71.05432,Entire rental unit,Entire home/apt,12,2,4,4,$806.00 ,29,365,t,6,22,42,263,0,0,0,47,0,0,0,,,,,,,,f,18,8,10,0,
1.49287E+18,100%,100%,t,1,2,t,t,South Boston,42.33423917,-71.0548654,Entire home,Entire home/apt,12,2.5,5,6,$652.00 ,2,365,t,14,42,72,343,1,1,1,82,0,6,3912,5,5,5,5,5,5,5,f,1,1,0,0,1
1.49323E+18,87%,76%,f,102,193,t,t,Mission Hill,42.3306907,-71.11031818,Entire rental unit,Entire home/apt,6,2,2,3,$525.00 ,29,365,t,30,60,90,365,0,0,0,99,0,0,0,,,,,,,,t,72,72,0,0,
1.49348E+18,97%,99%,f,6,6,t,t,Mission Hill,42.33191,-71.0977,Entire rental unit,Entire home/apt,4,1,1,2,$131.00 ,1,30,t,2,15,42,86,0,0,0,52,0,0,0,,,,,,,,f,3,3,0,0,
1.49349E+18,97%,99%,f,6,6,t,t,Mission Hill,42.33145,-71.09781,Entire rental unit,Entire home/apt,6,1,3,3,$182.00 ,1,30,t,3,18,48,91,0,0,0,58,0,0,0,,,,,,,,t,3,3,0,0,
1.49453E+18,100%,100%,t,9,9,t,t,Allston,42.34938636,-71.13842377,Entire rental unit,Entire home/apt,4,1,1,2,$132.00 ,1,365,t,10,29,59,262,4,4,4,68,0,24,3168,5,5,4.75,5,5,5,5,f,4,4,0,0,4
1.49578E+18,100%,62%,f,184,251,t,t,Fenway,42.3429115,-71.0990346,Entire rental unit,Entire home/apt,3,1,1,1,$267.00 ,30,730,t,5,17,47,322,0,0,0,57,0,0,0,,,,,,,,t,55,55,0,0,
1.49578E+18,100%,62%,f,184,251,t,t,Fenway,42.3429115,-71.0990346,Entire rental unit,Entire home/apt,3,1,1,1,$288.00 ,30,730,t,3,20,50,325,0,0,0,60,0,0,0,,,,,,,,t,55,55,0,0,
1.49578E+18,100%,62%,f,184,251,t,t,Fenway,42.3429115,-71.0990346,Entire rental unit,Entire home/apt,5,2,2,3,$368.00 ,30,730,t,9,39,69,344,0,0,0,78,0,0,0,,,,,,,,t,55,55,0,0,
1.49578E+18,100%,62%,f,184,251,t,t,Fenway,42.34291,-71.09904,Entire rental unit,Entire home/apt,5,2,2,3,$358.00 ,30,730,t,10,40,70,345,0,0,0,80,0,0,0,,,,,,,,t,55,55,0,0,
1.49578E+18,100%,62%,f,184,251,t,t,Fenway,42.3429115,-71.0990346,Entire rental unit,Entire home/apt,3,1,1,1,$288.00 ,30,730,t,4,11,41,316,0,0,0,51,0,0,0,,,,,,,,t,55,55,0,0,
1.49578E+18,100%,62%,f,184,251,t,t,Fenway,42.3429115,-71.0990346,Entire rental unit,Entire home/apt,3,1,1,1,$258.00 ,30,730,t,0,23,53,328,0,0,0,63,0,0,0,,,,,,,,t,55,55,0,0,
1.49578E+18,100%,62%,f,184,251,t,t,Fenway,42.3429115,-71.0990346,Entire rental unit,Entire home/apt,5,2,2,4,$360.00 ,30,730,t,15,45,75,350,0,0,0,85,0,0,0,,,,,,,,t,55,55,0,0,
1.49628E+18,100%,92%,f,4,6,t,t,Roxbury,42.3207386,-71.0783905,Entire rental unit,Entire home/apt,15,2,4,4,$384.00 ,2,31,t,15,39,69,343,1,1,1,78,0,6,2304,5,5,5,5,5,5,5,t,4,4,0,0,1
1.49644E+18,100%,N/A,f,1,1,t,t,West End,42.36494,-71.06597,Entire rental unit,Entire home/apt,2,1,1,2,$130.00 ,91,365,t,30,60,90,365,0,0,0,99,0,0,0,,,,,,,,t,1,1,0,0,
1.49714E+18,100%,99%,t,4,5,t,t,South Boston,42.3314857,-71.05081892,Entire rental unit,Entire home/apt,4,1,2,3,$257.00 ,1,365,t,23,53,83,92,2,2,2,92,0,12,3084,5,5,5,5,5,5,5,t,4,4,0,0,2
1.49748E+18,100%,100%,t,32,32,t,t,Fenway,42.34299681,-71.09871327,Entire rental unit,Entire home/apt,6,1,2,3,$202.00 ,2,365,t,9,31,61,314,2,2,2,71,0,12,2424,5,5,5,5,5,5,5,f,30,28,2,0,2
1.49749E+18,100%,100%,t,32,32,t,t,Fenway,42.34149,-71.09814,Entire rental unit,Entire home/apt,6,1,2,3,$271.00 ,1,365,t,4,25,51,304,2,2,2,61,0,12,3252,5,5,5,5,5,5,5,f,30,28,2,0,2
1.49751E+18,100%,100%,t,32,32,t,t,Fenway,42.3434,-71.09687,Entire rental unit,Entire home/apt,4,1,2,3,$274.00 ,2,365,t,7,22,52,305,2,2,2,62,0,12,3288,5,5,5,5,5,5,5,f,30,28,2,0,2
1.49751E+18,100%,94%,t,11,11,t,t,Allston,42.35126,-71.14101,Entire rental unit,Entire home/apt,8,1,2,4,$275.00 ,1,365,t,16,41,71,342,1,1,1,81,0,6,1650,3,4,5,4,4,4,3,f,10,10,0,0,1
1.49799E+18,N/A,N/A,f,2,2,t,t,Dorchester,42.28736,-71.05401,Entire rental unit,Entire home/apt,8,2,4,4,$538.00 ,7,365,t,30,60,90,269,0,0,0,99,0,0,0,,,,,,,,t,2,2,0,0,
1.498E+18,100%,82%,t,2,3,t,t,Brighton,42.34131,-71.15916,Private room in home,Private room,1,1,0,1,$108.00 ,1,365,t,28,58,88,362,0,0,0,97,0,0,0,,,,,,,,f,1,0,1,0,
1.49803E+18,N/A,N/A,f,2,2,t,t,Dorchester,42.2873604,-71.0540121,Entire rental unit,Entire home/apt,6,2,3,3,$418.00 ,7,365,t,30,60,90,365,0,0,0,100,0,0,0,,,,,,,,t,2,2,0,0,
1.49813E+18,100%,93%,t,10,11,t,t,Dorchester,42.3098,-71.06987,Entire rental unit,Entire home/apt,2,1,1,1,$44.00 ,91,365,t,0,0,0,259,0,0,0,0,0,0,0,,,,,,,,f,6,6,0,0,
1.49815E+18,100%,100%,t,32,32,t,t,Fenway,42.34276,-71.09645,Entire rental unit,Entire home/apt,4,1,1,2,$182.00 ,2,365,t,5,33,63,289,1,1,1,73,0,6,1092,5,5,5,5,5,5,5,t,30,28,2,0,1
1.4982E+18,100%,99%,t,11,44,t,t,Allston,42.3541897,-71.13766038,Entire rental unit,Entire home/apt,6,2,2,2,$363.00 ,1,365,t,25,55,85,360,1,1,1,95,0,6,2178,5,5,5,5,5,5,5,f,11,11,0,0,1
1.49844E+18,98%,50%,f,602,1413,t,t,South End,42.34075,-71.07972,Entire rental unit,Entire home/apt,2,1,1,1,$116.00 ,31,365,t,0,0,22,83,0,0,0,31,0,0,0,,,,,,,,f,51,4,47,0,
1.49844E+18,98%,50%,f,602,1413,t,t,Allston,42.3596514,-71.12910667,Private room in rental unit,Private room,1,0,6,1,$47.00 ,31,365,t,23,53,83,145,0,0,0,93,0,0,0,,,,,,,,f,51,4,47,0,
1.4985E+18,100%,97%,f,13,43,t,t,Charlestown,42.3735,-71.06285,Entire rental unit,Entire home/apt,2,1,1,1,$150.00 ,30,365,t,22,52,82,92,0,0,0,92,0,0,0,,,,,,,,f,1,1,0,0,
1.49855E+18,100%,92%,f,1,1,t,t,South End,42.3445874,-71.0701033,Entire rental unit,Entire home/apt,2,1,1,1,$176.00 ,2,31,t,4,10,25,210,0,0,0,34,0,0,0,,,,,,,,f,1,1,0,0,
1.49875E+18,100%,100%,t,130,133,t,t,Beacon Hill,42.36061731,-71.06707555,Entire rental unit,Entire home/apt,2,1,1,1,$248.00 ,1,365,t,22,30,30,30,2,2,2,30,0,12,2976,4.5,5,5,5,5,5,4.5,t,36,36,0,0,2
1.49936E+18,100%,93%,t,8,8,t,t,Mattapan,42.27855,-71.09326,Entire rental unit,Entire home/apt,4,1,2,2,$110.00 ,28,365,t,0,22,52,326,0,0,0,61,0,0,0,,,,,,,,f,4,4,0,0,
1.4995E+18,100%,93%,t,8,8,t,t,Mattapan,42.27695,-71.0949,Entire rental unit,Entire home/apt,4,2,2,2,$120.00 ,28,365,t,0,19,49,323,0,0,0,58,0,0,0,,,,,,,,f,4,4,0,0,
1.49952E+18,100%,93%,t,8,8,t,t,Mattapan,42.27769,-71.09514,Entire rental unit,Entire home/apt,4,2,2,2,$162.00 ,28,365,t,0,20,50,325,0,0,0,60,0,0,0,,,,,,,,t,4,4,0,0,
1.50026E+18,100%,99%,t,7,16,t,t,East Boston,42.38837,-70.99923,Private room in home,Private room,2,2,1,1,$90.00 ,1,365,t,15,42,72,252,0,0,0,82,0,0,0,,,,,,,,t,6,0,6,0,
1.50027E+18,100%,100%,t,32,32,t,t,Fenway,42.34367,-71.0983,Entire rental unit,Entire home/apt,2,1,0,1,$169.00 ,2,365,t,6,33,63,316,1,1,1,73,0,6,1014,5,5,5,5,5,5,3,t,30,28,2,0,1
1.50029E+18,100%,100%,t,32,32,t,t,Fenway,42.34172189,-71.09655888,Entire rental unit,Entire home/apt,4,1,2,3,$285.00 ,2,365,t,9,29,59,312,1,1,1,69,0,6,1710,5,5,5,5,5,5,5,f,30,28,2,0,1
1.50032E+18,100%,94%,t,11,11,t,t,Allston,42.35083,-71.14246,Entire rental unit,Entire home/apt,12,2,5,6,$597.00 ,1,365,t,20,48,78,353,0,0,0,88,0,0,0,,,,,,,,f,10,10,0,0,
1.50033E+18,100%,100%,,20,38,t,t,East Boston,42.3855,-71.00649,Private room in home,Private room,3,1,1,2,$91.00 ,1,365,t,12,37,67,67,2,2,2,67,0,12,1092,5,5,5,5,5,5,5,f,4,0,4,0,2
1.50095E+18,N/A,N/A,f,6,7,t,t,Fenway,42.34871357,-71.09423049,Room in hotel,Private room,2,1,1,1,"$1,070.00 ",1,365,t,0,0,0,23,0,0,0,0,0,0,0,,,,,,,,t,4,0,4,0,
1.50095E+18,N/A,N/A,f,6,7,t,t,Fenway,42.34919,-71.0943,Room in hotel,Private room,2,1,1,1,"$1,070.00 ",1,365,t,0,0,0,22,0,0,0,0,0,0,0,,,,,,,,t,4,0,4,0,
1.50095E+18,N/A,N/A,f,6,7,t,t,Fenway,42.34759,-71.09494,Room in hotel,Private room,4,1,1,2,"$1,070.00 ",1,365,t,0,0,0,22,0,0,0,0,0,0,0,,,,,,,,t,4,0,4,0,
1.50095E+18,N/A,N/A,f,6,7,t,t,Fenway,42.34917,-71.09636,Room in hotel,Private room,4,1,1,2,"$1,070.00 ",1,365,t,0,0,0,22,0,0,0,0,0,0,0,,,,,,,,t,4,0,4,0,
1.50139E+18,100%,99%,t,7,16,t,t,East Boston,42.38890389,-71.00078595,Private room in home,Private room,2,2,1,1,$90.00 ,1,365,t,9,32,62,242,2,2,2,72,0,12,1080,5,5,5,5,5,5,5,t,6,0,6,0,2
1.50179E+18,99%,100%,t,4,4,t,t,East Boston,42.3760474,-71.03097947,Entire rental unit,Entire home/apt,6,1,2,3,$319.00 ,1,365,t,17,42,72,347,7,7,7,82,0,42,13398,4.86,4.86,4.86,4.86,4.71,4.43,4.29,t,3,3,0,0,7
1.5018E+18,100%,99%,t,7,16,t,t,East Boston,42.38829,-71.00004,Private room in home,Private room,2,1,1,1,$91.00 ,1,365,t,11,33,63,243,1,1,1,73,0,6,546,5,5,5,5,5,5,5,t,6,0,6,0,1
1.50231E+18,87%,76%,f,102,193,t,t,Downtown,42.35016,-71.06516,Entire rental unit,Entire home/apt,6,2,2,3,$492.00 ,4,365,t,12,27,46,250,0,0,0,51,0,0,0,,,,,,,,t,72,72,0,0,
1.50237E+18,87%,76%,f,102,193,t,t,Downtown,42.35034,-71.06369,Entire rental unit,Entire home/apt,5,2,2,3,$611.00 ,4,365,t,17,45,75,250,0,0,0,84,0,0,0,,,,,,,,t,72,72,0,0,
1.50241E+18,100%,99%,t,7,16,t,t,East Boston,42.38838,-71.00078,Private room in home,Private room,2,1,1,1,$89.00 ,1,365,t,9,27,57,237,1,1,1,67,0,6,534,5,5,5,5,5,4,4,t,6,0,6,0,1
1.50241E+18,N/A,N/A,f,1,3,t,t,Downtown,42.34955,-71.05825,Entire rental unit,Entire home/apt,2,1,1,1,$165.00 ,180,365,t,24,54,84,358,0,0,0,93,0,0,0,,,,,,,,f,1,1,0,0,
1.50245E+18,100%,99%,t,7,16,t,t,East Boston,42.38823,-70.99874,Private room in home,Private room,2,1,1,1,$90.00 ,1,365,t,8,33,63,243,1,1,1,73,0,6,540,5,5,5,4,5,5,5,t,6,0,6,0,1
1.50247E+18,100%,99%,t,7,16,t,t,East Boston,42.3902,-71.00046,Private room in home,Private room,2,1,1,1,$89.00 ,1,365,t,4,21,51,231,1,1,1,61,0,6,534,5,5,5,5,5,5,5,t,6,0,6,0,1
1.50251E+18,100%,100%,,26,35,t,t,Dorchester,42.3075175,-71.0754278,Entire rental unit,Entire home/apt,14,2,4,9,$377.00 ,1,28,t,11,36,63,265,0,0,0,63,0,0,0,,,,,,,,t,5,5,0,0,
1.50253E+18,100%,100%,t,9,9,t,t,Allston,42.34923165,-71.13955729,Entire rental unit,Entire home/apt,2,1,0,1,$167.00 ,1,365,t,5,24,51,254,2,2,2,60,0,12,2004,5,5,5,5,5,4,5,t,4,4,0,0,2
1.50256E+18,100%,98%,t,19,21,t,t,Dorchester,42.29563,-71.07512,Entire rental unit,Entire home/apt,13,2,3,8,$300.00 ,1,28,t,10,34,57,270,0,0,0,57,0,0,0,,,,,,,,t,4,4,0,0,
1.50256E+18,100%,98%,t,19,21,t,t,Dorchester,42.29513,-71.0771,Entire rental unit,Entire home/apt,13,2,3,8,$243.00 ,1,28,t,8,27,54,263,0,0,0,55,0,0,0,,,,,,,,t,4,4,0,0,
1.50258E+18,100%,99%,t,11,44,t,t,Allston,42.35291,-71.13926,Entire rental unit,Entire home/apt,6,2,2,2,$363.00 ,1,365,t,24,53,83,354,4,4,4,93,0,24,8712,4.5,4.75,5,5,4.5,4.75,4,f,11,11,0,0,4
1.50259E+18,100%,100%,,26,35,t,t,Mattapan,42.2762582,-71.073779,Entire rental unit,Entire home/apt,16,3,4,11,$386.00 ,1,28,t,16,39,64,271,0,0,0,65,0,0,0,,,,,,,,t,5,5,0,0,
1.50261E+18,100%,100%,t,2,5,t,t,Dorchester,42.29078,-71.06892,Entire rental unit,Entire home/apt,13,1,3,8,$235.00 ,1,28,t,19,46,73,291,0,0,0,74,0,0,0,,,,,,,,t,2,2,0,0,
1.50275E+18,100%,100%,,26,35,t,t,Mattapan,42.2762582,-71.073779,Entire rental unit,Entire home/apt,15,2,3,9,$316.00 ,1,28,t,11,32,59,276,0,0,0,59,0,0,0,,,,,,,,t,5,5,0,0,
1.50308E+18,100%,100%,,12,18,t,f,Dorchester,42.29632,-71.06536,Entire rental unit,Entire home/apt,16,3,6,9,$484.00 ,2,365,t,17,41,71,341,0,0,0,81,0,0,0,,,,,,,,f,9,9,0,0,
1.50365E+18,99%,100%,t,19,19,t,f,Beacon Hill,42.3597441,-71.0642679,Room in hotel,Private room,2,1,0,1,$222.00 ,1,365,t,16,35,58,326,1,1,1,60,0,6,1332,5,5,5,5,5,5,5,t,5,0,5,0,1
1.50368E+18,99%,100%,t,19,19,t,f,Beacon Hill,42.3597441,-71.0642679,Room in hotel,Private room,2,1,0,1,$203.00 ,1,365,t,13,43,73,348,1,1,1,82,0,6,1218,5,5,5,5,5,5,5,t,5,0,5,0,1
1.50373E+18,100%,100%,f,4,12,t,t,Downtown,42.35126,-71.06355,Entire rental unit,Entire home/apt,2,1,0,1,$243.00 ,29,365,t,9,26,46,318,0,0,0,55,0,0,0,,,,,,,,f,3,3,0,0,
1.50375E+18,100%,100%,f,8,10,t,t,Brighton,42.3463,-71.14188,Entire rental unit,Entire home/apt,4,2,2,2,$180.00 ,29,365,t,10,40,70,79,0,0,0,79,0,0,0,,,,,,,,t,8,8,0,0,
1.50376E+18,99%,100%,t,19,19,t,f,Beacon Hill,42.3597441,-71.0642679,Room in hotel,Private room,2,1,1,1,$190.00 ,1,365,t,20,45,75,350,1,1,1,84,0,6,1140,4,5,4,5,5,5,5,t,5,0,5,0,1
1.50377E+18,99%,100%,t,19,19,t,f,Beacon Hill,42.3597441,-71.0642679,Room in hotel,Private room,2,1,1,1,$230.00 ,1,365,t,13,39,69,344,0,0,0,78,0,0,0,,,,,,,,t,5,0,5,0,
1.50379E+18,99%,100%,t,19,19,t,f,Beacon Hill,42.3597441,-71.0642679,Room in hotel,Private room,2,1,1,1,$285.00 ,1,365,t,14,44,74,349,0,0,0,83,0,0,0,,,,,,,,t,5,0,5,0,
1.50388E+18,100%,94%,t,11,11,t,t,Roxbury,42.3273,-71.07729,Entire rental unit,Entire home/apt,8,1.5,3,4,$325.00 ,1,365,t,7,28,53,308,2,2,2,60,0,12,3900,5,5,5,5,5,5,5,f,10,10,0,0,2
1.50437E+18,94%,77%,,42,43,t,t,South End,42.34187,-71.07788,Entire rental unit,Entire home/apt,2,1,1,1,$170.00 ,91,365,t,30,60,90,179,0,0,0,99,0,0,0,,,,,,,,f,2,2,0,0,
1.50467E+18,87%,76%,f,102,193,t,t,Jamaica Plain,42.32829,-71.11181,Entire rental unit,Entire home/apt,6,2,2,3,$578.00 ,4,365,t,18,43,73,253,0,0,0,83,0,0,0,,,,,,,,t,72,72,0,0,
1.50504E+18,100%,100%,f,3,4,t,t,South End,42.33634,-71.0753,Entire rental unit,Entire home/apt,4,1.5,2,2,$363.00 ,2,365,t,19,43,62,307,0,0,0,62,0,0,0,,,,,,,,t,3,3,0,0,
1.50525E+18,100%,100%,t,32,32,t,t,Allston,42.35301579,-71.13966441,Entire rental unit,Entire home/apt,6,1,2,3,$180.00 ,1,365,t,10,38,68,304,1,1,1,69,0,6,1080,5,5,5,5,5,5,5,t,30,28,2,0,1
1.50578E+18,100%,96%,t,20,29,t,t,Dorchester,42.283338,-71.052397,Private room in home,Private room,1,1,1,1,$46.00 ,90,365,t,0,0,0,271,0,0,0,6,0,0,0,,,,,,,,f,18,2,16,0,
1.5059E+18,100%,100%,f,1,1,f,t,South End,42.3453703,-71.0744632,Entire rental unit,Entire home/apt,2,1,1,1,$106.00 ,29,90,t,1,17,24,298,0,0,0,33,0,0,0,,,,,,,,f,1,1,0,0,
1.50601E+18,100%,100%,f,4,8,t,t,East Boston,42.38194,-71.01981,Entire rental unit,Entire home/apt,10,1,4,5,$333.00 ,1,365,t,14,36,66,334,0,0,0,75,0,0,0,,,,,,,,t,4,4,0,0,
1.50643E+18,100%,100%,f,19,19,t,t,Mission Hill,42.33182904,-71.1059662,Entire rental unit,Entire home/apt,2,1,0,1,$112.00 ,2,60,t,6,17,43,143,2,2,2,43,0,12,1344,5,5,5,5,5,5,5,f,19,19,0,0,2
1.50692E+18,95%,91%,f,117,207,t,t,Brighton,42.35692,-71.14385,Entire rental unit,Entire home/apt,4,1,1,1,$210.00 ,28,730,t,23,53,83,357,0,0,0,92,0,0,0,,,,,,,,f,33,33,0,0,
1.50695E+18,N/A,N/A,f,1,2,t,t,Roxbury,42.31426,-71.08818,Private room in home,Private room,2,1,1,1,$48.00 ,91,365,,28,58,88,177,0,0,0,97,0,0,0,,,,,,,,f,1,0,1,0,
1.50723E+18,100%,95%,f,3,4,t,t,Jamaica Plain,42.32021,-71.10521,Entire rental unit,Entire home/apt,3,1,1,1,$120.00 ,1,30,t,3,3,3,3,0,0,0,3,0,0,0,,,,,,,,f,2,2,0,0,
1.50723E+18,100%,92%,f,4,6,t,t,Roxbury,42.32168,-71.07726,Entire rental unit,Entire home/apt,4,1,1,2,$212.00 ,2,5,t,18,36,61,61,0,0,0,61,0,0,0,,,,,,,,t,4,4,0,0,
1.50727E+18,100%,96%,t,20,29,t,t,Dorchester,42.28442,-71.05309,Private room in home,Private room,1,1,1,1,$40.00 ,90,730,t,0,0,0,256,0,0,0,0,0,0,0,,,,,,,,f,18,2,16,0,
1.50728E+18,100%,96%,t,20,29,t,t,Dorchester,42.28295,-71.05149,Private room in home,Private room,1,1,1,1,$40.00 ,90,730,t,0,0,0,207,0,0,0,0,0,0,0,,,,,,,,f,18,2,16,0,
1.50735E+18,100%,96%,t,20,29,t,t,Dorchester,42.28425,-71.05333,Private room in home,Private room,1,1,1,1,$40.00 ,90,730,t,0,0,10,284,0,0,0,19,0,0,0,,,,,,,,f,18,2,16,0,
1.508E+18,100%,100%,f,1,3,t,t,Allston,42.35583,-71.12955,Entire rental unit,Entire home/apt,6,2,3,3,$216.00 ,2,30,t,13,37,66,87,0,0,0,76,0,0,0,,,,,,,,t,1,1,0,0,
1.5083E+18,100%,100%,t,9,9,t,t,Fenway,42.34148,-71.09695,Entire rental unit,Entire home/apt,4,1,1,2,$186.00 ,2,365,t,12,31,61,250,0,0,0,71,0,0,0,,,,,,,,f,4,4,0,0,
1.50833E+18,100%,N/A,f,1,5,t,t,Fenway,42.3498,-71.0986,Entire rental unit,Entire home/apt,2,1,1,1,$144.00 ,91,365,t,30,60,90,270,0,0,0,100,0,0,0,,,,,,,,t,1,1,0,0,
1.50865E+18,N/A,N/A,f,1,2,t,t,West Roxbury,42.3025161,-71.1641189,Entire rental unit,Entire home/apt,2,1,1,1,$112.00 ,91,365,t,30,60,90,365,0,0,0,100,0,0,0,,,,,,,,t,1,1,0,0,
1.50883E+18,100%,92%,f,4,6,t,t,Roxbury,42.31997,-71.07752,Entire rental unit,Entire home/apt,5,1,2,3,$218.00 ,1,30,t,6,33,62,62,0,0,0,62,0,0,0,,,,,,,,t,4,4,0,0,
1.50891E+18,100%,100%,,12,18,t,f,Dorchester,42.30948,-71.05987,Entire rental unit,Entire home/apt,11,1.5,3,6,$401.00 ,2,365,t,26,54,84,356,0,0,0,93,0,0,0,,,,,,,,f,9,9,0,0,
1.50921E+18,100%,100%,f,55,56,t,t,Brighton,42.3573437,-71.1581209,Private room in home,Private room,2,1,1,2,$81.00 ,1,365,t,20,50,80,355,0,0,0,89,0,0,0,,,,,,,,t,17,0,17,0,
1.51056E+18,95%,91%,f,117,207,t,t,Brighton,42.35687,-71.14243,Entire rental unit,Entire home/apt,2,1,0,1,$195.00 ,28,730,t,23,53,83,357,0,0,0,92,0,0,0,,,,,,,,f,33,33,0,0,
1.51057E+18,95%,91%,f,117,207,t,t,Brighton,42.35692,-71.14448,Entire rental unit,Entire home/apt,2,1,0,1,$175.00 ,28,730,t,22,52,82,357,0,0,0,92,0,0,0,,,,,,,,f,33,33,0,0,
1.51238E+18,100%,100%,,4,4,t,f,Dorchester,42.28751391,-71.07787968,Entire rental unit,Entire home/apt,4,1,3,4,$235.00 ,4,365,t,14,44,74,247,0,0,0,83,0,0,0,,,,,,,,f,2,2,0,0,
1.51261E+18,100%,100%,t,2,2,t,t,East Boston,42.37096,-71.03584,Entire rental unit,Entire home/apt,6,1,3,4,$268.00 ,1,365,t,15,41,71,346,0,0,0,80,0,0,0,,,,,,,,t,2,2,0,0,
1.51305E+18,100%,62%,f,184,251,t,t,North End,42.3634415,-71.0551778,Entire rental unit,Entire home/apt,4,1,3,3,$165.00 ,29,730,t,13,43,73,348,0,0,0,83,0,0,0,,,,,,,,t,55,55,0,0,
1.51311E+18,100%,62%,f,184,251,t,t,South Boston Waterfront,42.3498534,-71.0443746,Entire rental unit,Entire home/apt,3,1,1,1,$252.00 ,30,730,t,9,39,69,344,0,0,0,79,0,0,0,,,,,,,,t,55,55,0,0,
1.51312E+18,100%,62%,f,184,251,t,t,South Boston Waterfront,42.3498534,-71.0443746,Entire rental unit,Entire home/apt,3,1,1,1,$338.00 ,30,730,t,0,21,51,326,0,0,0,61,0,0,0,,,,,,,,t,55,55,0,0,
1.51312E+18,100%,62%,f,184,251,t,t,South Boston Waterfront,42.34985,-71.04438,Entire rental unit,Entire home/apt,3,1,1,2,$268.00 ,30,730,t,0,0,23,298,0,0,0,33,0,0,0,,,,,,,,t,55,55,0,0,
1.51312E+18,100%,62%,f,184,251,t,t,South Boston Waterfront,42.3498534,-71.0443746,Entire rental unit,Entire home/apt,3,1,1,1,$260.00 ,30,730,t,3,4,31,306,0,0,0,41,0,0,0,,,,,,,,t,55,55,0,0,
1.51312E+18,100%,62%,f,184,251,t,t,South Boston Waterfront,42.3498534,-71.0443746,Entire rental unit,Entire home/apt,3,1,1,1,$272.00 ,30,730,t,8,9,39,314,0,0,0,49,0,0,0,,,,,,,,t,55,55,0,0,
1.51312E+18,100%,62%,f,184,251,t,t,South Boston Waterfront,42.3498534,-71.0443746,Entire rental unit,Entire home/apt,3,1,1,1,$251.00 ,30,730,t,2,7,32,307,0,0,0,42,0,0,0,,,,,,,,t,55,55,0,0,
1.51312E+18,100%,62%,f,184,251,t,t,South Boston Waterfront,42.3498534,-71.0443746,Entire rental unit,Entire home/apt,5,2,2,2,$364.00 ,30,730,t,4,11,41,316,0,0,0,51,0,0,0,,,,,,,,t,55,55,0,0,
1.51312E+18,100%,62%,f,184,251,t,t,South Boston Waterfront,42.3498534,-71.0443746,Entire rental unit,Entire home/apt,5,2,2,3,$380.00 ,30,730,t,0,0,8,283,0,0,0,18,0,0,0,,,,,,,,t,55,55,0,0,
1.51463E+18,100%,100%,,20,38,t,t,East Boston,42.38605,-71.00435,Private room in home,Private room,2,1,1,1,$111.00 ,1,365,t,12,37,67,126,0,0,0,76,0,0,0,,,,,,,,t,4,0,4,0,
1.51471E+18,100%,94%,t,11,11,t,t,Roxbury,42.32881,-71.09256,Entire rental unit,Entire home/apt,10,2,3,5,$463.00 ,1,365,t,16,44,74,349,0,0,0,83,0,0,0,,,,,,,,f,10,10,0,0,
1.51474E+18,100%,99%,t,11,44,t,t,Brighton,42.35444,-71.13987,Entire rental unit,Entire home/apt,6,2,2,2,$363.00 ,1,365,t,25,55,85,360,0,0,0,95,0,0,0,,,,,,,,f,11,11,0,0,
1.51531E+18,100%,100%,,20,38,t,t,East Boston,42.3846,-71.00615,Private room in home,Private room,2,1,1,1,$111.00 ,1,365,t,9,35,65,240,0,0,0,74,0,0,0,,,,,,,,t,4,0,4,0,
1.51547E+18,100%,100%,f,3,3,t,t,East Boston,42.3766316,-71.0379025,Entire rental unit,Entire home/apt,2,1,1,1,$103.00 ,29,365,t,0,0,21,296,0,0,0,31,0,0,0,,,,,,,,t,3,3,0,0,
